timestamp,meter_reading,air_temperature,dew_temperature,sea_level_pressure,wind_speed,wind_direction,cloud_coverage
2016-01-02 13:00:00,10.322,20.6,11.7,1018.7,3.1,10.0,6.0
2016-01-05 03:00:00,4.0808,10.6,6.7,1020.8,5.1,360.0,0.0
2016-01-09 04:00:00,5.441,15.0,15.0,1011.6,3.1,10.0,
2016-01-10 15:00:00,6.8013,17.8,11.7,1014.3,5.1,280.0,
2016-01-12 11:00:00,4.0808,14.4,1.7,1024.0,2.6,20.0,4.0
2016-01-12 17:00:00,6.4012,16.7,-4.4,1020.6,3.1,310.0,
2016-01-12 21:00:00,4.5609,11.7,1.1,1022.3,2.6,330.0,
2016-01-13 03:00:00,4.7209,9.4,3.3,1022.7,3.6,320.0,
2016-01-14 05:00:00,4.961,8.9,4.4,1021.4,2.6,10.0,
2016-01-17 20:00:00,3.8408,12.2,7.2,1015.8,0.0,0.0,
2016-01-19 01:00:00,4.7209,9.4,-0.6,1026.6,5.7,340.0,6.0
2016-01-20 12:00:00,5.6811,16.1,5.0,1027.0,2.6,320.0,2.0
2016-01-22 23:00:00,4.1608,13.3,8.9,1007.0,4.6,240.0,2.0
2016-01-24 21:00:00,6.0812,6.7,2.2,1024.0,2.6,80.0,0.0
2016-01-26 14:00:00,7.4414,23.9,14.4,1021.1,5.1,130.0,
2016-01-28 22:00:00,6.6413,16.7,15.6,1009.6,2.6,280.0,
2016-01-30 08:00:00,12.8025,8.3,7.2,1022.1,0.0,0.0,
2016-01-30 12:00:00,6.1612,20.0,4.4,1022.6,3.6,120.0,
2016-01-31 05:00:00,11.0021,12.2,10.0,1020.0,0.0,0.0,
2016-01-31 17:00:00,15.403,21.1,12.8,1018.9,2.6,170.0,
2016-02-02 23:00:00,9.8419,21.1,19.4,1019.3,4.1,130.0,0.0
2016-02-04 07:00:00,7.8415,19.4,18.3,1017.1,4.1,150.0,6.0
2016-02-05 05:00:00,4.3208,10.0,2.8,1021.9,7.7,340.0,
2016-02-06 16:00:00,6.8013,16.7,14.4,1018.1,4.6,30.0,
2016-02-07 05:00:00,4.881,7.2,5.6,1014.6,7.2,300.0,
2016-02-07 07:00:00,4.8009,7.2,5.6,1016.2,7.2,280.0,8.0
2016-02-09 13:00:00,3.5207,14.4,0.6,1016.1,8.2,270.0,6.0
2016-02-10 09:00:00,10.9621,8.9,-6.1,1023.4,5.1,310.0,4.0
2016-02-11 19:00:00,3.4407,13.3,2.2,1024.7,2.6,180.0,0.0
2016-02-12 03:00:00,5.6011,5.6,4.4,1024.5,2.1,190.0,0.0
2016-02-13 01:00:00,3.9208,13.3,11.1,1022.3,2.6,240.0,0.0
2016-02-13 09:00:00,4.1608,16.1,11.1,1024.3,5.1,330.0,2.0
2016-02-15 01:00:00,4.0008,13.9,10.6,1022.6,1.5,50.0,4.0
2016-02-15 07:00:00,4.0808,13.3,11.1,1021.0,2.6,,8.0
2016-02-17 10:00:00,6.8013,15.6,10.6,1021.7,3.6,300.0,2.0
2016-02-17 13:00:00,6.3212,20.6,10.6,1020.0,3.1,340.0,6.0
2016-02-17 23:00:00,3.5207,15.6,10.0,1023.0,3.6,320.0,0.0
2016-02-19 13:00:00,5.2010000000000005,22.8,8.3,1028.4,7.7,60.0,6.0
2016-02-19 18:00:00,6.6413,19.4,9.4,1027.3,4.1,110.0,4.0
2016-02-21 00:00:00,3.6007,12.8,11.7,1023.5,2.1,140.0,0.0
2016-02-22 05:00:00,3.4407,12.8,11.7,1016.8,0.0,0.0,
2016-02-22 08:00:00,3.4407,15.0,13.9,1018.2,1.5,120.0,
2016-02-24 17:00:00,6.2412,23.9,18.9,1009.4,6.2,210.0,
2016-02-25 11:00:00,4.5609,14.4,2.8,1021.5,7.7,300.0,2.0
2016-02-26 12:00:00,5.7611,16.1,-1.1,1024.5,7.2,300.0,0.0
2016-02-26 23:00:00,4.8009,9.4,3.3,1023.9,2.1,290.0,0.0
2016-02-27 09:00:00,3.7607,12.2,-0.6,1025.3,6.2,340.0,2.0
2016-02-28 21:00:00,4.1608,16.1,8.3,1023.2,3.1,140.0,4.0
2016-02-29 05:00:00,3.8408,12.2,9.4,1021.9,0.0,0.0,
2016-02-29 21:00:00,6.5613,17.8,12.2,1021.2,3.1,130.0,2.0
2016-03-02 19:00:00,6.8813,21.7,13.3,1017.4,3.6,280.0,4.0
2016-03-04 01:00:00,7.2014,16.7,12.8,1014.1,3.1,200.0,6.0
2016-03-04 14:00:00,5.041,23.9,9.4,1015.1,5.1,350.0,2.0
2016-03-05 11:00:00,6.0012,19.4,11.1,1021.2,2.6,350.0,
2016-03-05 21:00:00,3.6007,16.7,12.8,1019.3,3.6,60.0,4.0
2016-03-06 03:00:00,3.5207,13.3,11.1,1019.7,3.6,330.0,0.0
2016-03-07 09:00:00,5.9211,18.9,11.1,1025.7,3.1,80.0,4.0
2016-03-09 21:00:00,7.0414,20.6,15.6,1023.4,4.1,110.0,0.0
2016-03-10 18:00:00,9.4418,26.1,15.6,1021.3,5.7,140.0,4.0
2016-03-11 03:00:00,6.8013,17.2,16.1,1024.4,1.5,350.0,
2016-03-11 09:00:00,6.8813,22.2,17.8,1023.4,6.2,130.0,
2016-03-11 23:00:00,6.9613,20.0,17.2,1023.0,2.6,120.0,2.0
2016-03-12 04:00:00,7.0414,17.8,16.7,1021.1,0.0,0.0,
2016-03-12 18:00:00,10.402,26.1,16.7,1017.9,3.6,110.0,
2016-03-13 10:00:00,12.6424,25.6,19.4,1018.0,8.2,170.0,
2016-03-13 20:00:00,9.8419,24.4,18.9,1015.9,2.6,270.0,
2016-03-14 23:00:00,9.7619,22.8,20.0,1015.0,3.1,220.0,2.0
2016-03-15 12:00:00,8.8817,29.4,16.1,1016.4,3.1,,2.0
2016-03-17 18:00:00,8.6417,23.9,17.2,1014.6,9.8,350.0,
2016-03-20 22:00:00,6.3212,18.9,12.8,1014.2,6.2,280.0,
2016-03-22 06:00:00,5.121,7.2,4.4,1026.7,0.0,0.0,0.0
2016-03-24 22:00:00,7.2814,20.0,18.9,1016.5,4.1,170.0,
2016-03-26 14:00:00,6.0812,29.4,20.6,1018.3,2.1,190.0,
2016-03-27 04:00:00,8.0015,22.8,22.2,1019.9,2.1,90.0,
2016-03-29 02:00:00,7.2014,22.2,21.1,1017.1,2.6,220.0,
2016-03-29 12:00:00,9.0417,26.1,18.9,1018.4,1.5,,
2016-03-30 12:00:00,8.4817,23.3,18.3,1020.0,7.7,70.0,
2016-03-31 19:00:00,8.5617,27.8,16.1,1013.6,1.5,230.0,4.0
2016-04-01 01:00:00,9.6019,21.1,18.3,1014.9,2.1,170.0,2.0
2016-04-03 00:00:00,9.4418,20.6,16.1,1014.3,4.6,290.0,4.0
2016-04-04 21:00:00,6.3212,18.9,11.7,1018.5,2.1,120.0,0.0
2016-04-05 00:00:00,6.4813,17.8,12.2,1019.3,2.1,280.0,0.0
2016-04-07 16:00:00,6.6413,27.2,12.8,1011.6,6.7,260.0,
2016-04-08 05:00:00,6.4813,15.6,14.4,1013.9,2.1,230.0,2.0
2016-04-08 14:00:00,17.4033,28.9,10.6,1013.5,6.2,240.0,4.0
2016-04-10 14:00:00,5.5211,26.1,10.0,1023.6,4.6,110.0,4.0
2016-04-12 06:00:00,3.5207,16.1,13.3,1021.2,2.1,330.0,4.0
2016-04-13 02:00:00,5.8411,19.4,16.7,1018.3,0.0,0.0,
2016-04-13 06:00:00,6.8013,17.8,16.1,1017.9,0.0,0.0,2.0
2016-04-14 08:00:00,9.5218,21.1,18.9,1016.6,2.6,350.0,4.0
2016-04-16 18:00:00,6.7213,22.2,15.6,1019.2,7.2,60.0,
2016-04-17 10:00:00,6.4012,23.9,12.8,1023.1,7.7,70.0,
2016-04-17 14:00:00,6.4813,25.0,13.9,1022.1,9.3,60.0,
2016-04-19 00:00:00,6.3212,17.2,15.0,1022.6,4.1,360.0,0.0
2016-04-19 09:00:00,6.4012,22.8,14.4,1022.5,4.1,40.0,2.0
2016-04-19 13:00:00,6.0812,26.7,11.1,1020.7,4.6,50.0,4.0
2016-04-19 18:00:00,5.2810000000000015,25.0,8.9,1019.7,3.6,80.0,4.0
2016-04-21 01:00:00,6.1612,18.0,15.0,,3.1,110.0,6.0
2016-04-21 06:00:00,4.0808,18.0,15.0,,1.5,160.0,4.0
2016-04-21 17:00:00,5.7611,27.8,10.0,1016.6,7.2,120.0,
2016-04-22 20:00:00,9.4418,22.2,18.9,1014.0,2.6,170.0,
2016-04-23 18:00:00,8.5617,28.3,14.4,1011.5,4.1,300.0,4.0
2016-04-26 01:00:00,6.3212,18.3,15.6,1015.8,0.0,0.0,0.0
2016-04-26 04:00:00,4.4008,17.2,15.0,1014.9,0.0,0.0,2.0
2016-04-27 00:00:00,9.6019,20.6,17.2,1013.6,3.6,140.0,0.0
2016-04-27 01:00:00,9.1217,19.4,16.7,1013.5,2.6,160.0,0.0
2016-04-27 05:00:00,6.8813,18.9,17.2,1013.5,1.5,140.0,0.0
2016-04-27 12:00:00,8.3216,28.3,15.6,1014.2,3.6,190.0,4.0
2016-04-27 15:00:00,9.9219,30.0,15.0,1012.5,4.6,190.0,
2016-04-28 08:00:00,7.0414,23.9,18.9,1015.6,6.2,170.0,4.0
2016-04-28 15:00:00,8.7217,31.1,17.2,1014.2,3.6,200.0,
2016-04-29 05:00:00,9.5218,20.6,19.4,1015.4,0.0,0.0,4.0
2016-04-29 14:00:00,9.0417,31.1,17.8,1013.7,3.1,140.0,4.0
2016-04-30 04:00:00,9.2018,22.2,19.4,1013.8,2.1,130.0,4.0
2016-04-30 15:00:00,8.7217,30.0,18.9,1014.2,6.2,110.0,
2016-05-01 02:00:00,9.5218,21.1,18.9,1016.2,2.1,110.0,
2016-05-01 19:00:00,206.02890000000002,26.7,18.3,1016.1,4.6,100.0,4.0
2016-05-01 20:00:00,8.8817,25.0,18.9,1016.9,4.6,90.0,2.0
2016-05-02 00:00:00,9.2818,22.8,20.0,1017.3,3.1,140.0,0.0
2016-05-02 04:00:00,9.5218,22.2,20.6,1016.6,0.0,0.0,
2016-05-02 16:00:00,8.7217,32.2,17.8,1013.9,4.6,180.0,4.0
2016-05-02 17:00:00,8.9617,28.3,21.1,1013.7,7.2,110.0,
2016-05-03 23:00:00,8.8017,25.6,21.1,1011.8,0.0,0.0,
2016-05-04 04:00:00,9.5218,23.3,21.7,1009.6,2.6,210.0,
2016-05-04 19:00:00,7.3614,20.6,18.9,1004.8,2.6,280.0,8.0
2016-05-05 01:00:00,7.5215,18.9,16.1,1006.0,3.6,270.0,0.0
2016-05-05 03:00:00,7.0414,18.3,11.1,1006.8,5.1,300.0,0.0
2016-05-06 16:00:00,5.8411,25.0,2.2,1010.3,6.7,290.0,0.0
2016-05-07 02:00:00,3.6007,13.9,11.1,1013.4,0.0,0.0,0.0
2016-05-08 02:00:00,4.4008,15.0,11.7,1017.2,2.1,210.0,0.0
2016-05-09 19:00:00,9.0417,25.0,16.1,1018.9,6.7,110.0,2.0
2016-05-11 00:00:00,6.9613,21.7,18.3,1020.8,2.1,130.0,
2016-05-12 18:00:00,9.4418,26.7,17.8,1017.7,4.6,120.0,
2016-05-13 04:00:00,9.8419,20.6,17.8,1017.3,0.0,0.0,2.0
2016-05-13 08:00:00,8.4016,24.4,18.9,1018.0,2.1,280.0,4.0
2016-05-14 12:00:00,17.8435,30.6,18.3,1015.3,1.5,,4.0
2016-05-15 16:00:00,8.8017,28.9,16.1,1016.0,6.2,70.0,
2016-05-15 19:00:00,8.7217,25.6,16.1,1016.9,4.1,80.0,2.0
2016-05-16 16:00:00,8.8817,28.3,18.9,1017.5,7.2,110.0,
2016-05-17 12:00:00,9.8419,30.6,21.7,1017.8,5.1,170.0,
2016-05-17 13:00:00,9.2818,25.6,23.3,1016.6,4.1,220.0,6.0
2016-05-18 00:00:00,9.5218,20.6,20.0,1014.9,3.1,160.0,
2016-05-19 22:00:00,9.9219,22.8,21.1,1017.5,3.1,190.0,4.0
2016-05-20 10:00:00,9.6019,28.3,22.2,1018.1,3.6,220.0,
2016-05-20 14:00:00,9.6819,25.6,18.9,1017.1,5.7,340.0,
2016-05-20 18:00:00,95.8985,27.2,19.4,1016.7,0.0,0.0,
2016-05-20 19:00:00,118.30279999999999,26.7,19.4,1017.5,0.0,0.0,6.0
2016-05-20 20:00:00,107.0607,25.6,20.6,1017.9,0.0,0.0,
2016-05-20 21:00:00,107.9008,26.1,20.0,1018.3,1.5,260.0,
2016-05-20 22:00:00,112.6617,25.0,20.6,1018.3,0.0,0.0,
2016-05-20 23:00:00,108.1808,25.0,20.6,1018.6,1.5,300.0,
2016-05-21 00:00:00,112.2616,23.9,20.6,1018.2,4.1,310.0,
2016-05-21 01:00:00,111.82149999999999,23.3,20.6,1017.7,1.5,250.0,8.0
2016-05-21 02:00:00,111.3015,22.8,21.1,1015.1,5.1,150.0,
2016-05-21 03:00:00,112.8218,22.8,21.1,1015.0,2.1,180.0,
2016-05-21 04:00:00,111.22139999999999,22.8,21.1,1015.1,0.0,0.0,
2016-05-21 05:00:00,116.6625,23.3,21.7,1015.9,0.0,0.0,
2016-05-21 06:00:00,111.10139999999998,22.2,21.1,1016.1,0.0,0.0,
2016-05-21 07:00:00,112.6217,23.3,21.1,1016.6,0.0,0.0,6.0
2016-05-21 08:00:00,118.2628,25.0,21.7,1017.2,2.6,260.0,
2016-05-21 09:00:00,130.9453,26.1,21.7,1017.6,3.1,270.0,
2016-05-21 10:00:00,129.26489999999998,26.7,21.1,1017.5,3.1,260.0,
2016-05-21 11:00:00,126.7045,27.8,20.6,1017.5,4.1,260.0,
2016-05-21 12:00:00,127.94470000000001,28.3,20.6,1016.8,2.1,270.0,
2016-05-21 13:00:00,147.94860000000003,30.0,20.6,1016.0,5.1,220.0,6.0
2016-05-21 14:00:00,124.7441,30.0,20.6,1015.2,5.1,290.0,
2016-05-21 15:00:00,123.904,32.2,20.0,1014.2,6.7,290.0,4.0
2016-05-21 16:00:00,124.184,31.7,18.3,1013.6,5.7,290.0,4.0
2016-05-21 17:00:00,128.06470000000002,31.7,18.3,1013.4,5.1,280.0,2.0
2016-05-21 18:00:00,125.90429999999999,30.6,17.2,1013.1,6.2,270.0,2.0
2016-05-21 19:00:00,127.50460000000001,28.9,17.2,1013.6,4.1,290.0,2.0
2016-05-21 20:00:00,106.4605,26.7,17.8,1014.1,2.1,280.0,2.0
2016-05-21 21:00:00,107.1807,25.6,17.8,1014.7,2.6,270.0,0.0
2016-05-21 22:00:00,109.30109999999999,25.0,18.3,1014.9,2.6,260.0,2.0
2016-05-21 23:00:00,113.6619,24.4,18.9,1014.8,3.6,280.0,2.0
2016-05-22 00:00:00,112.0216,23.9,19.4,1014.3,1.5,260.0,0.0
2016-05-22 01:00:00,115.6623,22.8,19.4,1014.1,2.1,270.0,0.0
2016-05-22 02:00:00,111.50150000000001,22.2,20.0,1013.7,2.6,260.0,0.0
2016-05-22 03:00:00,113.74189999999999,22.8,20.6,1013.4,2.1,270.0,0.0
2016-05-22 04:00:00,114.66210000000001,22.2,20.6,1012.8,2.1,270.0,2.0
2016-05-22 05:00:00,113.2218,21.7,20.6,1013.0,2.1,200.0,
2016-05-22 06:00:00,113.78200000000001,22.2,21.1,1013.3,2.6,240.0,
2016-05-22 07:00:00,110.2613,23.3,21.7,1013.7,2.6,250.0,6.0
2016-05-22 08:00:00,132.7456,25.0,21.7,1013.4,3.6,290.0,
2016-05-22 09:00:00,127.9847,27.8,20.6,1013.5,4.6,300.0,4.0
2016-05-22 10:00:00,129.1449,28.3,20.0,1013.3,5.1,290.0,4.0
2016-05-22 11:00:00,128.9049,29.4,18.9,1012.8,5.7,290.0,4.0
2016-05-22 12:00:00,128.38479999999998,30.6,18.3,1012.2,5.7,280.0,
2016-05-22 13:00:00,129.5851,31.1,17.2,1011.6,7.7,290.0,4.0
2016-05-22 14:00:00,134.346,31.7,16.1,1011.1,6.2,280.0,4.0
2016-05-22 15:00:00,123.06370000000001,31.7,14.4,1010.7,9.3,280.0,4.0
2016-05-22 16:00:00,107.8608,31.1,13.3,1010.4,8.2,290.0,
2016-05-22 17:00:00,120.0632,30.0,13.3,1010.8,7.7,290.0,
2016-05-22 18:00:00,105.5404,28.9,13.9,1011.0,6.7,280.0,
2016-05-22 19:00:00,108.3809,26.7,14.4,1011.5,7.2,280.0,6.0
2016-05-22 20:00:00,106.30049999999997,25.6,15.6,1011.8,5.1,300.0,
2016-05-22 21:00:00,101.4195,24.4,15.0,1012.2,3.6,290.0,
2016-05-22 22:00:00,99.9793,24.4,15.6,1012.6,6.2,300.0,
2016-05-22 23:00:00,105.6204,23.9,15.6,1013.1,3.6,290.0,
2016-05-23 00:00:00,97.4588,23.3,16.7,1013.4,2.6,330.0,
2016-05-23 01:00:00,98.13889999999999,22.8,16.7,1013.2,1.5,300.0,8.0
2016-05-23 02:00:00,96.2986,21.7,17.2,1012.4,0.0,0.0,
2016-05-23 03:00:00,96.4587,21.1,17.2,1012.1,1.5,280.0,
2016-05-23 04:00:00,95.37840000000001,21.1,17.2,1012.2,0.0,0.0,
2016-05-23 05:00:00,88.4171,21.1,17.8,1012.6,1.5,320.0,4.0
2016-05-23 06:00:00,90.3774,20.6,17.2,1013.6,0.0,0.0,2.0
2016-05-23 07:00:00,92.4178,22.8,18.3,1013.8,0.0,0.0,2.0
2016-05-23 08:00:00,110.6614,25.0,18.3,1014.2,2.6,10.0,2.0
2016-05-23 09:00:00,107.1407,26.7,17.2,1014.4,2.1,60.0,2.0
2016-05-23 10:00:00,105.4603,27.2,16.1,1014.7,2.1,,4.0
2016-05-23 11:00:00,108.58089999999999,27.2,15.0,1014.7,3.1,360.0,4.0
2016-05-23 12:00:00,101.2595,28.9,15.6,1014.3,4.1,330.0,4.0
2016-05-23 13:00:00,102.25980000000001,28.9,13.9,1014.1,1.5,110.0,4.0
2016-05-23 14:00:00,101.5796,30.6,13.9,1013.5,3.6,300.0,4.0
2016-05-23 15:00:00,102.8999,30.0,12.8,1013.1,1.5,,4.0
2016-05-23 16:00:00,105.1002,30.0,13.9,1012.7,0.0,0.0,4.0
2016-05-23 17:00:00,104.5402,30.6,13.9,1012.6,0.0,0.0,4.0
2016-05-23 18:00:00,104.6601,27.8,16.7,1013.2,6.2,70.0,4.0
2016-05-23 19:00:00,107.02069999999998,26.1,15.6,1014.1,6.2,70.0,4.0
2016-05-23 20:00:00,94.9383,25.0,15.6,1014.9,4.6,70.0,4.0
2016-05-23 21:00:00,93.138,23.9,15.6,1015.8,4.1,80.0,2.0
2016-05-23 22:00:00,90.8175,23.3,16.1,1016.5,2.1,80.0,2.0
2016-05-23 23:00:00,93.25800000000001,22.8,16.1,1017.0,2.1,70.0,4.0
2016-05-24 00:00:00,92.1377,22.8,16.1,1017.0,2.1,50.0,2.0
2016-05-24 01:00:00,95.8985,22.8,16.7,1016.7,2.1,60.0,4.0
2016-05-24 02:00:00,90.0574,22.8,17.2,1016.4,2.1,60.0,4.0
2016-05-24 03:00:00,91.4577,21.7,17.2,1016.3,2.1,80.0,2.0
2016-05-24 04:00:00,91.4577,21.7,17.2,1016.5,2.6,80.0,2.0
2016-05-24 05:00:00,88.8971,21.1,17.2,1016.5,3.1,80.0,2.0
2016-05-24 06:00:00,91.4976,22.2,17.8,1017.3,2.6,70.0,4.0
2016-05-24 07:00:00,98.379,23.9,18.3,1017.7,3.1,80.0,4.0
2016-05-24 08:00:00,110.7414,26.1,19.4,1018.5,4.6,100.0,4.0
2016-05-24 09:00:00,85.2164,27.8,19.4,1019.0,4.6,110.0,2.0
2016-05-24 10:00:00,129.505,27.8,19.4,1019.3,5.1,100.0,4.0
2016-05-24 11:00:00,131.9454,30.0,19.4,1019.5,5.1,120.0,4.0
2016-05-24 12:00:00,125.86429999999999,30.0,18.9,1019.4,4.1,100.0,2.0
2016-05-24 13:00:00,123.50380000000001,30.0,18.3,1019.3,6.2,100.0,6.0
2016-05-24 14:00:00,119.8231,26.7,18.3,1019.6,8.8,70.0,
2016-05-24 15:00:00,108.3409,26.1,17.2,1020.2,6.7,110.0,
2016-05-24 16:00:00,111.5815,26.7,15.6,1019.6,7.7,90.0,
2016-05-24 17:00:00,108.10090000000001,27.8,15.0,1019.6,6.7,100.0,4.0
2016-05-24 18:00:00,111.94160000000001,27.2,13.3,1019.7,7.7,100.0,4.0
2016-05-24 19:00:00,90.0174,26.1,13.9,1019.6,5.1,100.0,4.0
2016-05-24 20:00:00,94.2582,24.4,14.4,1020.3,4.1,100.0,2.0
2016-05-24 21:00:00,91.8177,22.8,15.0,1020.9,2.6,90.0,0.0
2016-05-24 22:00:00,89.8173,22.8,15.6,1021.6,2.6,90.0,2.0
2016-05-24 23:00:00,92.37790000000001,21.7,15.6,1022.1,1.5,80.0,2.0
2016-05-25 00:00:00,89.7773,21.1,15.6,1021.7,2.1,80.0,0.0
2016-05-25 01:00:00,91.1776,21.7,16.1,1021.4,1.5,80.0,2.0
2016-05-25 02:00:00,94.0581,21.1,16.1,1021.3,1.5,80.0,4.0
2016-05-25 03:00:00,90.6175,21.1,16.7,1021.3,1.5,70.0,2.0
2016-05-25 04:00:00,91.1376,21.1,17.2,1021.3,2.1,70.0,
2016-05-25 05:00:00,90.9376,20.6,17.2,1021.2,2.1,100.0,
2016-05-25 06:00:00,89.8574,21.1,17.2,1021.9,2.1,60.0,4.0
2016-05-25 07:00:00,96.8987,23.3,18.3,1022.3,2.1,90.0,2.0
2016-05-25 08:00:00,118.3828,25.6,17.8,1023.0,4.6,110.0,2.0
2016-05-25 09:00:00,111.10139999999998,27.2,17.2,1023.2,4.6,100.0,2.0
2016-05-25 10:00:00,116.70259999999999,28.3,17.8,1023.2,3.6,120.0,2.0
2016-05-25 11:00:00,110.7013,30.6,13.9,1023.3,4.1,90.0,2.0
2016-05-25 12:00:00,106.6605,31.1,12.2,1023.1,6.2,90.0,2.0
2016-05-25 13:00:00,102.7398,30.6,11.1,1022.8,5.7,90.0,4.0
2016-05-25 14:00:00,104.74019999999999,30.6,11.1,1022.2,5.1,90.0,4.0
2016-05-25 15:00:00,103.0199,30.0,12.8,1021.7,6.7,110.0,4.0
2016-05-25 16:00:00,103.4999,28.9,13.3,1021.7,6.2,70.0,
2016-05-25 17:00:00,101.2996,28.9,12.8,1021.7,6.2,110.0,4.0
2016-05-25 18:00:00,100.1794,27.8,12.8,1021.5,5.7,80.0,2.0
2016-05-25 19:00:00,90.1775,26.1,13.3,1021.7,4.1,80.0,0.0
2016-05-25 20:00:00,92.0177,24.4,14.4,1021.9,4.1,80.0,0.0
2016-05-25 21:00:00,92.21790000000001,22.8,15.0,1021.9,3.1,90.0,0.0
2016-05-25 22:00:00,84.4563,22.2,15.6,1022.4,1.5,80.0,0.0
2016-05-25 23:00:00,83.01599999999999,21.7,15.6,1022.5,1.5,60.0,0.0
2016-05-26 00:00:00,86.01660000000001,21.7,15.6,1022.4,3.1,50.0,0.0
2016-05-26 01:00:00,85.4165,21.1,15.6,1022.0,2.6,30.0,0.0
2016-05-26 02:00:00,86.5367,20.6,15.6,1021.3,1.5,60.0,0.0
2016-05-26 03:00:00,89.57730000000001,20.0,15.6,1021.2,2.1,80.0,0.0
2016-05-26 04:00:00,87.857,19.4,15.6,1021.0,2.1,100.0,0.0
2016-05-26 05:00:00,89.1773,19.4,15.6,1021.1,1.5,340.0,2.0
2016-05-26 06:00:00,90.7776,20.0,15.6,1020.8,1.5,30.0,2.0
2016-05-26 07:00:00,87.3768,22.8,16.1,1020.4,2.6,70.0,2.0
2016-05-26 08:00:00,96.7787,25.0,16.1,1021.1,3.6,60.0,2.0
2016-05-26 09:00:00,50.769800000000004,26.7,16.1,1021.4,3.1,60.0,4.0
2016-05-26 10:00:00,88.337,27.2,16.1,1021.1,3.1,10.0,4.0
2016-05-26 11:00:00,90.6575,28.3,16.1,1020.6,5.7,20.0,4.0
2016-05-26 12:00:00,90.29750000000001,28.9,15.6,1020.2,5.1,50.0,4.0
2016-05-26 13:00:00,90.8175,29.4,14.4,1019.6,7.2,60.0,6.0
2016-05-26 14:00:00,89.5373,30.0,13.3,1019.3,6.2,80.0,
2016-05-26 15:00:00,89.4572,30.0,13.3,1018.6,5.7,50.0,
2016-05-26 16:00:00,90.7775,30.0,13.3,1018.3,6.2,60.0,
2016-05-26 17:00:00,92.1778,28.9,15.6,1017.7,6.7,60.0,4.0
2016-05-26 18:00:00,89.8973,27.2,14.4,1017.9,6.7,60.0,2.0
2016-05-26 19:00:00,80.13550000000001,26.1,13.9,1017.8,4.6,80.0,2.0
2016-05-26 20:00:00,80.0155,24.4,16.1,1018.2,4.1,80.0,2.0
2016-05-26 21:00:00,78.5352,22.8,16.1,1018.7,3.1,70.0,2.0
2016-05-26 22:00:00,76.3347,23.3,16.7,1018.8,3.1,70.0,
2016-05-26 23:00:00,77.6549,23.3,17.2,1018.9,4.6,40.0,
2016-05-27 00:00:00,76.9749,23.3,17.2,1018.4,4.6,50.0,
2016-05-27 01:00:00,80.57560000000001,22.8,16.7,1017.7,1.5,20.0,6.0
2016-05-27 02:00:00,85.4965,22.8,17.8,1016.8,3.1,50.0,
2016-05-27 03:00:00,82.776,22.8,18.3,1016.7,2.6,70.0,
2016-05-27 04:00:00,84.8564,22.2,18.3,1016.4,2.1,70.0,
2016-05-27 05:00:00,89.3372,21.7,18.3,1016.5,2.6,60.0,2.0
2016-05-27 06:00:00,87.5368,21.7,18.3,1016.9,3.1,70.0,2.0
2016-05-27 07:00:00,86.85679999999999,23.9,18.3,1017.3,3.6,60.0,2.0
2016-05-27 08:00:00,84.09620000000001,25.6,18.3,1017.4,4.1,60.0,2.0
2016-05-27 09:00:00,85.8966,26.1,17.8,1017.7,3.6,50.0,4.0
2016-05-27 10:00:00,92.5378,27.2,16.7,1017.8,3.6,70.0,4.0
2016-05-27 11:00:00,110.78139999999999,30.0,17.2,1017.7,3.6,30.0,4.0
2016-05-27 12:00:00,88.9772,30.0,17.8,1017.1,5.1,70.0,
2016-05-27 13:00:00,90.0974,29.4,17.8,1016.5,6.2,80.0,6.0
2016-05-27 14:00:00,88.53710000000001,30.6,17.8,1015.8,6.7,60.0,
2016-05-27 15:00:00,88.09700000000001,29.4,17.8,1015.4,6.2,80.0,
2016-05-27 16:00:00,87.5368,28.3,18.3,1015.2,5.7,80.0,
2016-05-27 17:00:00,89.09710000000001,27.8,18.3,1015.0,6.2,80.0,
2016-05-27 18:00:00,89.2972,26.7,19.4,1014.8,3.6,70.0,
2016-05-27 19:00:00,88.577,26.1,18.9,1015.3,5.1,60.0,6.0
2016-05-27 20:00:00,90.0574,25.0,18.9,1015.4,3.6,70.0,2.0
2016-05-27 21:00:00,91.0575,24.4,19.4,1015.9,4.1,50.0,0.0
2016-05-27 22:00:00,90.89750000000001,23.9,19.4,1016.3,3.1,60.0,0.0
2016-05-27 23:00:00,90.29740000000001,23.3,19.4,1016.5,3.1,60.0,2.0
2016-05-28 00:00:00,92.17779999999999,22.8,19.4,1016.2,2.6,20.0,2.0
2016-05-28 01:00:00,92.4179,22.8,20.0,1015.9,2.1,30.0,2.0
2016-05-28 02:00:00,92.4178,22.2,19.4,1015.4,2.6,10.0,2.0
2016-05-28 03:00:00,95.85840000000002,21.7,19.4,1015.0,3.1,30.0,2.0
2016-05-28 04:00:00,96.5387,21.7,19.4,1015.1,1.5,50.0,0.0
2016-05-28 05:00:00,92.37780000000001,21.7,19.4,1015.6,0.0,0.0,2.0
2016-05-28 06:00:00,90.6575,21.7,19.4,1016.2,1.5,340.0,2.0
2016-05-28 07:00:00,89.57730000000001,23.9,20.0,1016.9,2.6,340.0,2.0
2016-05-28 08:00:00,87.977,25.6,20.6,1017.4,2.1,360.0,2.0
2016-05-28 09:00:00,87.89699999999999,27.2,20.0,1017.3,3.1,320.0,4.0
2016-05-28 10:00:00,88.5771,28.3,19.4,1017.2,2.6,330.0,4.0
2016-05-28 11:00:00,88.017,30.0,18.3,1017.1,2.6,,0.0
2016-05-28 12:00:00,88.297,31.1,17.8,1016.6,2.6,350.0,4.0
2016-05-28 13:00:00,87.977,31.7,17.2,1016.1,2.6,300.0,4.0
2016-05-28 14:00:00,88.2571,32.8,16.7,1015.4,4.1,310.0,4.0
2016-05-28 15:00:00,88.4571,32.2,16.1,1014.8,4.1,330.0,4.0
2016-05-28 16:00:00,89.6572,31.7,16.7,1014.6,2.1,290.0,4.0
2016-05-28 17:00:00,89.8173,30.0,20.6,1014.7,8.2,80.0,
2016-05-28 18:00:00,89.7373,28.9,20.6,1015.2,6.7,70.0,
2016-05-28 19:00:00,88.2971,27.8,20.6,1016.0,5.1,70.0,6.0
2016-05-28 20:00:00,90.57740000000001,26.7,20.0,1016.3,3.6,80.0,2.0
2016-05-28 21:00:00,90.17750000000001,25.0,20.0,1016.9,3.6,60.0,2.0
2016-05-28 22:00:00,91.8977,23.9,20.6,1017.8,3.1,80.0,4.0
2016-05-28 23:00:00,92.4179,23.3,20.6,1018.2,3.1,160.0,4.0
2016-05-29 00:00:00,91.29769999999999,22.8,20.6,1018.1,0.0,0.0,4.0
2016-05-29 01:00:00,93.0579,23.3,20.6,1017.6,0.0,0.0,4.0
2016-05-29 02:00:00,92.6979,23.3,20.6,1017.3,0.0,0.0,4.0
2016-05-29 03:00:00,92.5779,22.2,20.0,1016.8,2.1,90.0,4.0
2016-05-29 04:00:00,94.0582,22.8,20.6,1016.9,2.1,60.0,2.0
2016-05-29 05:00:00,92.1378,22.2,20.0,1017.3,2.1,60.0,2.0
2016-05-29 06:00:00,93.9781,21.7,20.0,1017.5,1.5,100.0,2.0
2016-05-29 07:00:00,92.61779999999999,23.9,20.6,1017.9,1.5,90.0,2.0
2016-05-29 08:00:00,87.3769,25.6,20.0,1018.2,0.0,0.0,2.0
2016-05-29 09:00:00,88.8972,27.8,20.0,1018.4,2.1,190.0,2.0
2016-05-29 10:00:00,88.017,28.9,19.4,1018.5,0.0,0.0,4.0
2016-05-29 11:00:00,89.2172,30.6,18.9,1018.3,1.5,,4.0
2016-05-29 12:00:00,88.81710000000001,30.6,18.9,1017.8,3.1,,4.0
2016-05-29 13:00:00,88.8972,32.8,18.3,1017.1,0.0,0.0,6.0
2016-05-29 14:00:00,87.937,32.8,17.8,1016.2,2.6,,
2016-05-29 15:00:00,89.4973,32.8,16.1,1015.9,1.5,,
2016-05-29 16:00:00,92.7379,31.1,19.4,1016.0,3.1,,
2016-05-29 17:00:00,90.4975,27.8,20.6,1016.0,6.2,90.0,
2016-05-29 18:00:00,89.21719999999999,27.2,20.0,1015.8,4.1,140.0,
2016-05-29 19:00:00,88.01689999999999,25.6,20.0,1016.8,4.1,30.0,6.0
2016-05-29 20:00:00,90.4574,23.9,21.1,1017.9,4.1,100.0,
2016-05-29 21:00:00,90.1774,22.8,21.1,1017.2,3.6,130.0,
2016-05-29 22:00:00,90.0573,23.3,21.7,1017.5,1.5,150.0,
2016-05-29 23:00:00,91.6577,22.8,21.7,1017.6,0.0,0.0,
2016-05-30 00:00:00,91.8177,22.8,21.7,1016.9,1.5,200.0,
2016-05-30 01:00:00,92.7779,22.8,21.7,1016.1,2.6,190.0,4.0
2016-05-30 02:00:00,92.37780000000001,22.2,20.6,1015.5,3.1,220.0,4.0
2016-05-30 03:00:00,91.6577,21.7,20.6,1015.5,1.5,160.0,4.0
2016-05-30 04:00:00,92.7378,21.7,20.6,1015.7,2.6,260.0,
2016-05-30 05:00:00,93.7381,21.7,20.0,1015.6,2.1,270.0,4.0
2016-05-30 06:00:00,92.5779,21.7,20.0,1016.0,2.1,290.0,4.0
2016-05-30 07:00:00,92.2578,23.9,20.0,1016.3,0.0,0.0,2.0
2016-05-30 08:00:00,90.6575,25.6,20.6,1016.6,2.6,250.0,2.0
2016-05-30 09:00:00,88.6571,28.3,21.1,1016.4,2.6,340.0,2.0
2016-05-30 10:00:00,90.5375,29.4,21.1,1016.4,2.6,350.0,2.0
2016-05-30 11:00:00,91.73769999999999,29.4,20.6,1016.1,1.5,210.0,4.0
2016-05-30 12:00:00,90.7375,30.6,20.0,1015.6,0.0,0.0,4.0
2016-05-30 13:00:00,89.65729999999999,30.6,18.9,1014.7,2.1,210.0,4.0
2016-05-30 14:00:00,88.69720000000001,32.2,18.9,1013.8,1.5,300.0,4.0
2016-05-30 15:00:00,89.69730000000001,30.0,19.4,1013.2,5.7,190.0,
2016-05-30 16:00:00,90.4175,28.3,18.9,1013.1,6.7,80.0,
2016-05-30 17:00:00,87.77690000000001,28.3,17.8,1012.9,4.6,110.0,
2016-05-30 18:00:00,89.0571,27.8,19.4,1013.3,5.1,150.0,
2016-05-30 19:00:00,89.53720000000001,26.7,19.4,1014.2,2.6,210.0,6.0
2016-05-30 20:00:00,90.85749999999999,26.1,19.4,1014.5,2.6,200.0,
2016-05-30 21:00:00,91.8977,25.6,20.0,1015.7,4.6,40.0,
2016-05-30 22:00:00,87.977,22.8,19.4,1016.5,4.6,360.0,
2016-05-30 23:00:00,89.1772,22.8,20.0,1016.1,1.5,310.0,
2016-05-31 00:00:00,91.8977,22.8,20.6,1014.7,2.1,80.0,
2016-05-31 01:00:00,90.0574,22.2,21.1,1014.1,2.1,200.0,6.0
2016-05-31 02:00:00,92.53790000000001,22.2,21.1,1013.4,2.1,220.0,
2016-05-31 03:00:00,91.6977,21.7,20.6,1013.1,0.0,0.0,
2016-05-31 04:00:00,93.8181,21.7,20.6,1013.0,2.6,220.0,4.0
2016-05-31 05:00:00,93.8581,21.7,20.6,1013.2,2.1,200.0,2.0
2016-05-31 06:00:00,91.4177,21.1,20.6,1014.0,1.5,210.0,2.0
2016-05-31 07:00:00,91.5377,22.8,21.1,1014.6,2.6,240.0,2.0
2016-05-31 08:00:00,96.2586,25.0,21.1,1015.2,2.1,290.0,2.0
2016-05-31 09:00:00,91.9778,27.2,21.1,1015.1,1.5,310.0,2.0
2016-05-31 10:00:00,98.57900000000001,29.4,21.1,1015.3,1.5,,2.0
2016-05-31 11:00:00,92.5378,30.0,19.4,1015.2,1.5,240.0,2.0
2016-05-31 12:00:00,98.299,31.7,18.9,1014.6,2.1,300.0,2.0
2016-05-31 13:00:00,91.5777,31.7,18.9,1013.8,1.5,,4.0
2016-05-31 14:00:00,92.89789999999999,32.2,18.3,1013.2,2.1,,4.0
2016-05-31 15:00:00,91.3776,33.9,17.8,1012.4,1.5,,4.0
2016-05-31 16:00:00,92.89789999999999,32.8,17.8,1011.7,2.6,210.0,4.0
2016-05-31 17:00:00,92.6579,31.7,17.2,1011.8,2.6,160.0,
2016-05-31 18:00:00,91.8977,29.4,20.6,1011.7,5.7,120.0,
2016-05-31 19:00:00,83.93620000000001,26.1,21.1,1013.6,3.6,140.0,8.0
2016-05-31 20:00:00,85.7766,21.7,20.0,1014.9,6.7,180.0,
2016-05-31 21:00:00,87.1369,21.7,20.6,1014.7,1.5,220.0,
2016-05-31 22:00:00,86.8968,22.8,21.1,1015.0,0.0,0.0,
2016-05-31 23:00:00,88.81710000000001,22.8,21.1,1014.6,1.5,160.0,
2016-06-01 00:00:00,89.2973,22.8,21.1,1014.8,0.0,0.0,
2016-06-01 01:00:00,89.25720000000001,22.8,21.7,1014.9,0.0,0.0,6.0
2016-06-01 02:00:00,88.8172,23.3,22.2,1014.4,0.0,0.0,
2016-06-01 03:00:00,90.2174,22.2,21.7,1014.2,1.5,200.0,
2016-06-01 04:00:00,89.5772,22.8,21.7,1014.5,0.0,0.0,2.0
2016-06-01 05:00:00,92.2178,22.2,21.1,1014.8,0.0,0.0,2.0
2016-06-01 06:00:00,91.29769999999999,21.1,20.6,1015.3,0.0,0.0,4.0
2016-06-01 07:00:00,89.7373,23.3,22.2,1016.2,0.0,0.0,2.0
2016-06-01 08:00:00,88.017,25.6,22.2,1016.5,1.5,250.0,2.0
2016-06-01 09:00:00,87.5369,26.7,20.6,1016.6,0.0,0.0,2.0
2016-06-01 10:00:00,88.69720000000001,27.8,21.1,1017.0,1.5,,2.0
2016-06-01 11:00:00,89.41730000000001,29.4,21.1,1017.0,1.5,,4.0
2016-06-01 12:00:00,90.0173,31.1,21.1,1016.6,1.5,40.0,4.0
2016-06-01 13:00:00,90.9375,31.1,20.0,1015.9,2.6,200.0,4.0
2016-06-01 14:00:00,90.6175,32.8,19.4,1015.2,0.0,0.0,4.0
2016-06-01 15:00:00,113.0618,32.8,18.9,1014.6,2.6,120.0,2.0
2016-06-01 16:00:00,113.702,32.8,20.0,1014.0,2.1,,4.0
2016-06-01 17:00:00,113.1018,33.3,17.8,1013.8,3.1,150.0,
2016-06-01 18:00:00,106.06049999999999,27.2,21.7,1014.7,6.7,30.0,
2016-06-01 19:00:00,101.89970000000001,25.6,22.2,1015.0,3.6,260.0,6.0
2016-06-01 20:00:00,103.4999,25.6,22.2,1015.9,0.0,0.0,
2016-06-01 21:00:00,107.6608,26.1,21.1,1016.3,3.1,120.0,
2016-06-01 22:00:00,110.7814,25.0,21.7,1017.4,0.0,0.0,
2016-06-01 23:00:00,111.7016,25.0,21.7,1017.5,2.1,140.0,
2016-06-02 00:00:00,108.741,24.4,22.2,1017.2,1.5,160.0,4.0
2016-06-02 01:00:00,113.5419,24.4,22.2,1016.6,1.5,120.0,0.0
2016-06-02 02:00:00,112.6617,23.9,22.2,1015.9,2.1,110.0,0.0
2016-06-02 03:00:00,112.2217,23.3,21.7,1016.1,1.5,140.0,4.0
2016-06-02 04:00:00,114.9822,23.3,21.7,1016.3,1.5,170.0,
2016-06-02 05:00:00,116.5025,22.8,21.7,1016.9,0.0,0.0,
2016-06-02 06:00:00,114.422,22.8,21.7,1017.3,1.5,130.0,
2016-06-02 07:00:00,114.062,24.4,22.8,1017.9,1.5,140.0,6.0
2016-06-02 08:00:00,109.181,26.1,22.8,1018.6,2.6,150.0,
2016-06-02 09:00:00,106.66060000000002,28.3,22.2,1018.6,2.6,150.0,4.0
2016-06-02 10:00:00,107.7808,30.0,21.7,1018.7,1.5,,4.0
2016-06-02 11:00:00,108.46090000000001,30.6,20.6,1018.5,3.1,170.0,4.0
2016-06-02 12:00:00,111.86160000000001,31.7,20.0,1018.1,2.6,,4.0
2016-06-02 13:00:00,112.6617,31.7,20.0,1017.6,1.5,,4.0
2016-06-02 14:00:00,126.18430000000001,32.8,20.0,1017.1,2.6,170.0,
2016-06-02 15:00:00,126.4644,32.8,19.4,1016.1,2.6,110.0,4.0
2016-06-02 16:00:00,105.98049999999999,32.8,18.3,1015.3,2.6,110.0,
2016-06-02 17:00:00,58.6513,31.7,21.1,1015.1,4.6,90.0,
2016-06-02 18:00:00,86.0167,30.0,21.1,1015.4,7.7,120.0,
2016-06-02 19:00:00,110.02120000000001,28.9,21.1,1016.1,7.2,120.0,6.0
2016-06-02 20:00:00,108.501,27.8,21.7,1016.9,5.1,130.0,
2016-06-02 21:00:00,107.3407,26.7,21.7,1017.5,4.1,130.0,
2016-06-02 22:00:00,107.9408,26.1,22.2,1018.3,3.1,130.0,
2016-06-02 23:00:00,108.941,25.6,22.2,1018.6,2.6,140.0,
2016-06-03 00:00:00,111.42150000000001,25.0,22.2,1018.5,2.1,150.0,
2016-06-03 01:00:00,110.9414,25.0,22.2,1018.0,1.5,130.0,6.0
2016-06-03 02:00:00,112.06159999999997,24.4,22.2,1017.5,1.5,160.0,
2016-06-03 03:00:00,115.66229999999999,24.4,22.2,1017.4,0.0,0.0,
2016-06-03 04:00:00,117.1426,23.3,21.7,1017.3,0.0,0.0,
2016-06-03 05:00:00,112.2616,23.9,22.2,1017.4,0.0,0.0,
2016-06-03 06:00:00,113.0618,23.3,22.2,1017.6,0.0,0.0,2.0
2016-06-03 07:00:00,111.9416,25.6,23.3,1018.0,1.5,130.0,2.0
2016-06-03 08:00:00,108.02080000000001,27.8,23.3,1018.0,3.1,160.0,2.0
2016-06-03 09:00:00,110.5813,28.3,22.8,1018.1,2.6,140.0,
2016-06-03 10:00:00,118.46280000000002,30.0,22.8,1017.9,0.0,0.0,4.0
2016-06-03 11:00:00,111.9817,31.1,21.7,1017.7,0.0,0.0,4.0
2016-06-03 12:00:00,109.4211,32.2,21.1,1017.2,2.6,,4.0
2016-06-03 13:00:00,121.9435,32.8,20.0,1016.6,3.6,110.0,4.0
2016-06-03 14:00:00,118.38289999999999,33.3,19.4,1016.3,2.1,70.0,4.0
2016-06-03 15:00:00,112.8218,32.8,18.9,1015.8,3.6,130.0,4.0
2016-06-03 16:00:00,113.862,32.8,20.6,1015.4,4.6,100.0,4.0
2016-06-03 17:00:00,112.1816,31.7,20.0,1015.3,6.2,120.0,
2016-06-03 18:00:00,112.3417,30.6,20.6,1015.5,6.7,120.0,
2016-06-03 19:00:00,109.7412,28.9,21.7,1016.0,7.7,110.0,6.0
2016-06-03 20:00:00,108.821,27.8,22.2,1016.5,5.7,110.0,
2016-06-03 21:00:00,108.30090000000001,26.7,22.8,1017.1,4.1,120.0,
2016-06-03 22:00:00,108.981,26.7,22.8,1018.1,2.6,120.0,
2016-06-03 23:00:00,109.9812,26.1,22.8,1018.4,3.6,150.0,
2016-06-04 00:00:00,111.0214,25.6,22.8,1017.9,3.1,140.0,
2016-06-04 01:00:00,112.6618,25.6,23.3,1017.8,3.1,130.0,6.0
2016-06-04 02:00:00,111.6215,25.0,23.3,1017.5,1.5,140.0,
2016-06-04 03:00:00,113.3418,25.0,22.8,1016.8,2.6,120.0,
2016-06-04 04:00:00,115.70230000000001,25.0,22.8,1016.5,1.5,100.0,
2016-06-04 05:00:00,114.62219999999999,24.4,22.8,1016.5,1.5,140.0,4.0
2016-06-04 06:00:00,112.3017,23.9,22.8,1016.8,2.1,120.0,2.0
2016-06-04 07:00:00,112.26159999999999,25.6,23.3,1016.9,2.1,150.0,2.0
2016-06-04 08:00:00,105.8204,27.2,23.3,1017.3,1.5,160.0,2.0
2016-06-04 09:00:00,106.1405,29.4,22.2,1017.1,2.6,,2.0
2016-06-04 10:00:00,109.181,30.0,21.1,1017.1,2.6,160.0,4.0
2016-06-04 11:00:00,27.6053,31.1,20.6,1016.7,2.1,80.0,4.0
2016-06-04 12:00:00,20.924100000000003,31.7,20.6,1016.0,2.1,,4.0
2016-06-04 13:00:00,110.1012,32.8,20.6,1015.1,4.1,110.0,4.0
2016-06-04 14:00:00,110.82140000000001,33.9,19.4,1014.5,2.6,130.0,4.0
2016-06-04 15:00:00,111.5015,33.9,19.4,1014.0,3.1,140.0,
2016-06-04 16:00:00,109.9412,32.8,21.7,1013.5,7.2,110.0,
2016-06-04 17:00:00,109.8612,32.2,20.6,1013.2,6.7,110.0,4.0
2016-06-04 18:00:00,109.3011,31.1,20.6,1013.2,7.2,110.0,4.0
2016-06-04 19:00:00,110.1413,29.4,21.1,1013.7,7.2,110.0,4.0
2016-06-04 20:00:00,109.1011,27.8,22.2,1014.2,5.1,120.0,4.0
2016-06-04 21:00:00,108.54090000000001,27.2,22.2,1014.8,4.6,140.0,2.0
2016-06-04 22:00:00,108.1408,26.7,22.2,1015.1,3.6,130.0,2.0
2016-06-04 23:00:00,109.5411,26.1,22.8,1015.0,4.1,140.0,2.0
2016-06-05 00:00:00,110.8614,25.6,22.8,1014.7,3.6,150.0,2.0
2016-06-05 01:00:00,112.3817,25.0,22.8,1014.1,2.1,140.0,2.0
2016-06-05 02:00:00,112.98179999999999,25.0,22.8,1013.5,2.1,130.0,2.0
2016-06-05 03:00:00,115.0222,24.4,22.8,1013.0,0.0,0.0,0.0
2016-06-05 04:00:00,115.1422,24.4,22.8,1012.6,2.1,110.0,0.0
2016-06-05 05:00:00,114.9822,24.4,22.8,1012.7,2.1,110.0,2.0
2016-06-05 06:00:00,112.74180000000001,24.4,22.8,1013.4,1.5,120.0,2.0
2016-06-05 07:00:00,112.3416,25.6,22.8,1013.6,2.6,120.0,2.0
2016-06-05 08:00:00,108.0608,27.8,22.8,1013.7,3.6,160.0,4.0
2016-06-05 09:00:00,106.3005,28.9,22.8,1014.2,4.6,180.0,4.0
2016-06-05 10:00:00,114.5821,30.0,22.8,1014.2,3.6,170.0,
2016-06-05 11:00:00,118.5829,31.1,21.1,1013.8,3.6,120.0,
2016-06-05 12:00:00,109.9011,32.2,21.7,1013.6,3.6,160.0,
2016-06-05 13:00:00,117.5827,32.8,21.7,1012.8,3.6,140.0,6.0
2016-06-05 14:00:00,109.1811,34.4,21.7,1012.1,3.1,,
2016-06-05 15:00:00,110.0213,31.1,22.8,1012.1,5.1,100.0,
2016-06-05 16:00:00,109.2611,31.7,23.3,1011.8,5.7,120.0,
2016-06-05 17:00:00,109.7011,23.3,22.2,1012.6,7.7,270.0,
2016-06-05 18:00:00,107.6608,23.3,22.2,1014.1,4.6,160.0,
2016-06-05 19:00:00,105.1803,23.3,21.7,1013.6,2.6,120.0,8.0
2016-06-05 20:00:00,107.0207,23.9,22.2,1013.7,2.1,130.0,
2016-06-05 21:00:00,108.9411,23.3,22.2,1013.3,2.1,160.0,
2016-06-05 22:00:00,111.98159999999999,23.3,22.2,1013.7,2.6,150.0,
2016-06-05 23:00:00,114.02199999999999,23.9,22.2,1013.5,0.0,0.0,
2016-06-06 00:00:00,113.3019,23.9,21.1,1013.7,2.1,130.0,
2016-06-06 01:00:00,112.6617,23.9,21.7,1013.3,2.1,150.0,8.0
2016-06-06 02:00:00,113.4219,23.9,22.2,1013.0,2.1,140.0,
2016-06-06 03:00:00,114.142,24.4,22.8,1012.4,1.5,140.0,
2016-06-06 04:00:00,112.9018,24.4,22.8,1013.1,5.7,240.0,
2016-06-06 05:00:00,112.38169999999997,23.3,22.2,1012.3,0.0,0.0,
2016-06-06 06:00:00,112.3817,23.9,22.2,1012.0,0.0,0.0,
2016-06-06 07:00:00,112.30159999999998,24.4,23.3,1012.3,2.1,150.0,8.0
2016-06-06 08:00:00,111.42150000000001,26.1,24.4,1012.1,3.6,110.0,
2016-06-06 09:00:00,110.54140000000001,27.8,25.0,1012.1,5.1,160.0,
2016-06-06 10:00:00,110.1013,28.9,25.0,1011.7,6.2,160.0,
2016-06-06 11:00:00,112.46170000000001,29.4,23.9,1011.4,7.2,170.0,
2016-06-06 12:00:00,112.42170000000002,30.0,23.9,1010.7,6.2,160.0,
2016-06-06 13:00:00,112.5017,29.4,23.9,1009.9,6.2,160.0,8.0
2016-06-06 14:00:00,111.98159999999999,30.0,24.0,,7.2,160.0,
2016-06-06 15:00:00,111.1014,27.8,25.0,1009.0,5.1,160.0,
2016-06-06 16:00:00,109.6212,25.0,23.3,1009.5,9.3,190.0,
2016-06-06 17:00:00,109.021,24.4,22.8,1008.4,3.6,170.0,
2016-06-06 18:00:00,109.94120000000001,25.6,23.9,1007.3,7.2,170.0,
2016-06-06 19:00:00,110.5814,25.6,23.3,1007.5,7.2,170.0,8.0
2016-06-06 20:00:00,112.3417,25.0,22.8,1007.3,8.2,170.0,
2016-06-06 21:00:00,114.22200000000001,25.0,22.8,1007.5,7.7,170.0,
2016-06-06 22:00:00,113.42179999999999,24.4,23.3,,7.2,190.0,
2016-06-06 23:00:00,113.7019,25.0,23.3,1008.1,8.2,180.0,
2016-06-07 00:00:00,115.2623,25.6,23.9,1007.9,8.2,180.0,
2016-06-07 01:00:00,114.5021,26.1,23.9,1007.2,8.2,190.0,8.0
2016-06-07 02:00:00,115.34219999999999,25.6,23.9,1006.8,9.3,190.0,
2016-06-07 03:00:00,114.5021,26.1,23.9,1006.3,7.7,190.0,
2016-06-07 04:00:00,114.54209999999998,26.1,23.9,1006.1,7.7,190.0,
2016-06-07 05:00:00,112.70169999999999,26.1,23.9,1006.8,8.8,210.0,
2016-06-07 06:00:00,111.4615,26.1,23.9,1007.9,7.7,230.0,
2016-06-07 07:00:00,112.8218,25.0,23.9,1008.8,4.6,250.0,8.0
2016-06-07 08:00:00,114.3021,25.0,23.3,1009.4,8.2,230.0,
2016-06-07 09:00:00,85.6165,25.6,23.3,1009.5,6.2,220.0,
2016-06-07 10:00:00,112.1016,26.1,22.8,1009.4,7.7,240.0,
2016-06-07 11:00:00,117.5427,26.1,23.3,1010.2,5.7,240.0,
2016-06-07 12:00:00,110.34129999999999,27.8,23.3,1009.7,7.2,240.0,
2016-06-07 13:00:00,110.8614,28.3,23.9,1009.2,6.2,230.0,8.0
2016-06-07 14:00:00,113.1018,30.0,23.9,1008.6,4.6,250.0,
2016-06-07 15:00:00,113.78190000000001,30.6,23.3,1008.1,4.1,240.0,
2016-06-07 16:00:00,113.3019,29.4,23.9,1007.8,3.6,240.0,
2016-06-07 17:00:00,113.50189999999999,28.9,23.9,1007.8,4.6,190.0,
2016-06-07 18:00:00,114.102,28.9,23.9,1008.1,3.6,190.0,
2016-06-07 19:00:00,111.5415,28.3,24.4,1008.8,3.1,350.0,6.0
2016-06-07 20:00:00,111.06139999999999,25.6,22.8,1009.7,2.1,,
2016-06-07 21:00:00,108.1009,25.6,23.3,,2.6,30.0,
2016-06-07 22:00:00,109.101,25.6,23.9,1011.1,2.1,30.0,
2016-06-07 23:00:00,111.8616,25.0,23.9,1011.0,2.1,120.0,
2016-06-08 00:00:00,112.4617,25.0,23.9,1011.0,1.5,100.0,4.0
2016-06-08 01:00:00,114.14199999999997,25.0,23.9,1010.7,0.0,0.0,6.0
2016-06-08 02:00:00,113.62190000000001,25.0,23.9,1010.3,0.0,0.0,
2016-06-08 03:00:00,112.1416,25.6,24.4,1010.1,1.5,220.0,
2016-06-08 04:00:00,114.18199999999999,25.6,24.4,1010.2,2.1,220.0,
2016-06-08 05:00:00,112.5418,25.6,23.9,1010.5,1.5,220.0,
2016-06-08 06:00:00,114.22210000000001,25.6,23.9,1010.8,1.5,180.0,
2016-06-08 07:00:00,113.18189999999998,25.6,23.9,1011.2,1.5,260.0,6.0
2016-06-08 08:00:00,112.38159999999999,27.8,24.4,1011.3,0.0,0.0,
2016-06-08 09:00:00,120.3432,28.3,24.4,1011.7,0.0,0.0,
2016-06-08 10:00:00,111.54150000000001,28.9,24.4,1011.6,1.5,30.0,
2016-06-08 11:00:00,112.9818,30.0,23.3,1011.7,4.1,40.0,
2016-06-08 12:00:00,111.66149999999998,31.1,23.3,1011.5,5.7,60.0,
2016-06-08 13:00:00,113.2618,31.1,23.3,1011.1,4.1,70.0,6.0
2016-06-08 14:00:00,112.6617,29.4,23.3,1010.9,5.7,70.0,
2016-06-08 15:00:00,113.4619,31.1,22.8,1010.4,6.7,90.0,
2016-06-08 16:00:00,113.3818,30.0,20.6,1010.8,5.1,90.0,
2016-06-08 17:00:00,112.0216,28.9,23.3,1011.0,4.1,130.0,
2016-06-08 18:00:00,112.98179999999999,28.9,21.1,1011.8,4.6,120.0,
2016-06-08 19:00:00,111.3015,28.3,21.1,1012.4,4.1,130.0,6.0
2016-06-08 20:00:00,110.8614,26.7,21.1,1012.6,2.6,130.0,4.0
2016-06-08 21:00:00,110.1013,25.6,22.8,1013.2,2.6,160.0,4.0
2016-06-08 22:00:00,113.5019,25.0,23.3,1013.7,2.6,220.0,
2016-06-08 23:00:00,114.22200000000001,23.9,22.8,1013.7,2.1,190.0,4.0
2016-06-09 00:00:00,114.66210000000001,24.4,22.8,1013.7,2.6,220.0,4.0
2016-06-09 01:00:00,116.3024,23.9,22.2,1013.4,2.1,220.0,6.0
2016-06-09 02:00:00,115.4623,23.9,22.2,1013.4,1.5,260.0,
2016-06-09 03:00:00,116.5825,23.9,22.2,1013.1,2.1,240.0,
2016-06-09 04:00:00,117.9027,23.9,22.2,1013.2,0.0,0.0,
2016-06-09 05:00:00,118.5429,23.9,22.2,1013.6,0.0,0.0,4.0
2016-06-09 06:00:00,116.98249999999999,23.9,22.2,1014.2,0.0,0.0,
2016-06-09 07:00:00,116.54249999999999,24.4,22.8,1015.3,2.1,210.0,6.0
2016-06-09 08:00:00,115.4223,25.0,23.3,1015.7,2.1,190.0,
2016-06-09 09:00:00,112.4217,25.0,23.3,1016.3,3.1,160.0,
2016-06-09 10:00:00,110.82130000000001,25.6,23.9,1016.1,2.1,100.0,
2016-06-09 11:00:00,112.62180000000001,28.9,22.8,1016.2,0.0,0.0,
2016-06-09 12:00:00,111.38150000000002,30.0,22.8,1015.6,3.6,90.0,
2016-06-09 13:00:00,113.3819,30.6,22.8,1015.2,6.2,110.0,6.0
2016-06-09 14:00:00,115.7023,28.9,22.2,1015.3,4.1,130.0,
2016-06-09 15:00:00,122.5036,25.6,23.3,1015.7,4.1,150.0,
2016-06-09 16:00:00,110.0212,25.0,23.3,1015.0,2.1,130.0,
2016-06-09 17:00:00,110.1813,25.0,23.3,1014.8,3.1,130.0,
2016-06-09 18:00:00,110.4613,25.6,23.3,1015.0,2.1,140.0,
2016-06-09 19:00:00,109.7412,25.0,23.3,1015.2,1.5,180.0,6.0
2016-06-09 20:00:00,110.94139999999999,24.4,23.3,1015.3,1.5,170.0,
2016-06-09 21:00:00,113.58189999999999,25.0,22.8,1015.5,1.5,120.0,
2016-06-09 22:00:00,117.58269999999999,24.4,22.2,1015.8,2.1,130.0,
2016-06-09 23:00:00,117.34270000000001,23.9,22.8,1016.1,2.1,140.0,
2016-06-10 00:00:00,117.1026,23.9,22.8,1015.8,0.0,0.0,
2016-06-10 01:00:00,117.6627,23.3,22.8,1015.4,0.0,0.0,6.0
2016-06-10 02:00:00,118.2628,23.9,22.8,1015.3,0.0,0.0,
2016-06-10 03:00:00,119.54310000000001,23.9,22.8,1015.4,1.5,210.0,
2016-06-10 04:00:00,120.66319999999999,23.9,22.8,1015.5,0.0,0.0,
2016-06-10 05:00:00,117.02260000000001,24.4,23.3,1016.1,0.0,0.0,
2016-06-10 06:00:00,121.2634,24.4,22.8,1016.6,2.1,250.0,4.0
2016-06-10 07:00:00,118.4228,25.0,23.3,1017.2,1.5,260.0,6.0
2016-06-10 08:00:00,112.3817,25.6,23.3,1017.9,2.6,250.0,
2016-06-10 09:00:00,107.0207,27.8,23.3,1017.9,0.0,0.0,
2016-06-10 10:00:00,109.18100000000001,29.4,22.2,1018.3,3.1,340.0,
2016-06-10 11:00:00,111.4615,30.6,22.2,1018.3,4.1,310.0,4.0
2016-06-10 12:00:00,112.8618,31.1,22.8,1017.9,3.1,360.0,
2016-06-10 13:00:00,113.542,32.2,22.2,1017.1,2.6,,6.0
2016-06-10 14:00:00,114.7421,32.8,22.2,1017.0,3.6,80.0,
2016-06-10 15:00:00,112.90180000000001,31.7,22.2,1016.7,4.6,60.0,
2016-06-10 16:00:00,113.70190000000001,30.6,22.2,1016.9,5.7,80.0,
2016-06-10 17:00:00,114.30199999999999,28.9,23.3,1017.1,6.7,120.0,
2016-06-10 18:00:00,112.4617,27.2,23.3,1017.6,3.6,140.0,
2016-06-10 19:00:00,108.821,26.7,22.8,1018.2,4.6,110.0,6.0
2016-06-10 20:00:00,109.4211,26.1,23.3,1018.6,3.1,110.0,
2016-06-10 21:00:00,111.3415,26.1,23.3,1018.9,1.5,80.0,
2016-06-10 22:00:00,109.9812,26.1,22.8,1019.0,2.1,110.0,
2016-06-10 23:00:00,112.3817,25.6,22.8,1018.6,2.6,130.0,
2016-06-11 00:00:00,115.34219999999999,25.6,22.8,1018.8,3.1,60.0,
2016-06-11 01:00:00,115.2222,25.0,22.8,1018.2,1.5,80.0,6.0
2016-06-11 02:00:00,118.7029,25.0,22.2,1018.1,1.5,50.0,
2016-06-11 03:00:00,116.82249999999999,25.0,21.7,1018.1,3.1,50.0,
2016-06-11 04:00:00,118.02269999999999,24.4,21.7,1018.3,2.1,70.0,2.0
2016-06-11 05:00:00,120.54329999999999,23.9,21.7,1018.4,1.5,90.0,2.0
2016-06-11 06:00:00,118.3828,25.0,22.8,1019.1,2.1,50.0,4.0
2016-06-11 07:00:00,113.50189999999999,25.0,22.8,1020.0,1.5,90.0,4.0
2016-06-11 08:00:00,111.6216,27.8,22.8,1020.7,3.6,100.0,4.0
2016-06-11 09:00:00,108.02080000000001,28.9,20.6,1021.1,3.6,90.0,4.0
2016-06-11 10:00:00,108.6609,28.9,21.1,1021.5,4.6,90.0,
2016-06-11 11:00:00,109.8612,29.4,21.1,1021.4,3.6,50.0,
2016-06-11 12:00:00,109.2211,30.6,20.6,1021.1,3.1,70.0,
2016-06-11 13:00:00,110.4213,29.4,21.1,1020.7,4.6,110.0,6.0
2016-06-11 14:00:00,108.2208,30.0,21.1,1020.4,3.6,120.0,
2016-06-11 15:00:00,108.18090000000001,31.1,21.1,1020.0,5.1,90.0,
2016-06-11 16:00:00,108.42099999999999,30.0,21.1,1019.7,5.1,110.0,
2016-06-11 17:00:00,109.6612,29.4,21.7,1019.6,5.1,120.0,
2016-06-11 18:00:00,109.141,27.8,21.1,1019.9,4.1,130.0,
2016-06-11 19:00:00,109.8212,26.7,21.7,1020.3,3.6,130.0,6.0
2016-06-11 20:00:00,110.1812,26.1,21.7,1020.3,3.1,140.0,4.0
2016-06-11 21:00:00,113.3019,25.0,21.7,1020.3,2.1,150.0,4.0
2016-06-11 22:00:00,115.0222,24.4,21.7,1020.3,1.5,160.0,2.0
2016-06-11 23:00:00,114.062,25.0,22.2,1020.7,0.0,0.0,2.0
2016-06-12 00:00:00,119.5831,24.4,22.2,1020.6,0.0,0.0,2.0
2016-06-12 01:00:00,116.3825,24.4,22.2,1020.3,0.0,0.0,2.0
2016-06-12 02:00:00,115.98239999999998,24.4,22.2,1019.8,0.0,0.0,0.0
2016-06-12 03:00:00,119.303,23.3,21.7,1019.5,0.0,0.0,2.0
2016-06-12 04:00:00,117.2226,23.9,22.2,1019.3,0.0,0.0,2.0
2016-06-12 05:00:00,118.7029,23.3,21.7,1019.9,0.0,0.0,4.0
2016-06-12 06:00:00,117.9028,23.3,22.2,1020.0,1.5,70.0,4.0
2016-06-12 07:00:00,117.4226,25.0,22.8,1020.3,1.5,90.0,4.0
2016-06-12 08:00:00,110.1412,26.1,22.8,1020.5,0.0,0.0,4.0
2016-06-12 09:00:00,107.9808,27.2,22.8,1020.4,0.0,0.0,
2016-06-12 10:00:00,123.8639,28.3,21.1,1020.5,0.0,0.0,
2016-06-12 11:00:00,113.7019,30.0,21.1,1020.1,0.0,0.0,4.0
2016-06-12 12:00:00,111.9416,30.0,21.1,1019.3,0.0,0.0,
2016-06-12 13:00:00,109.6611,31.7,21.1,1018.3,2.6,300.0,6.0
2016-06-12 14:00:00,124.304,31.1,21.1,1017.5,2.1,130.0,
2016-06-12 15:00:00,107.9008,31.7,20.0,1017.1,0.0,0.0,
2016-06-12 16:00:00,109.7412,31.1,21.1,1016.9,3.1,100.0,
2016-06-12 17:00:00,109.6611,30.6,21.7,1016.7,3.1,130.0,
2016-06-12 18:00:00,109.5412,27.8,22.2,1017.1,2.6,260.0,
2016-06-12 19:00:00,109.8212,27.2,22.8,1017.6,0.0,0.0,6.0
2016-06-12 20:00:00,109.5412,26.7,22.8,1017.5,2.6,20.0,
2016-06-12 21:00:00,109.8612,25.6,23.3,1017.8,1.5,130.0,
2016-06-12 22:00:00,110.46130000000001,25.0,23.9,1017.8,1.5,160.0,
2016-06-12 23:00:00,112.3417,25.0,23.3,1017.5,0.0,0.0,
2016-06-13 00:00:00,112.2217,25.6,23.3,1017.2,2.1,270.0,
2016-06-13 01:00:00,114.9422,25.0,22.8,1016.8,1.5,220.0,6.0
2016-06-13 02:00:00,115.2622,25.0,22.2,1015.9,0.0,0.0,
2016-06-13 03:00:00,117.3827,24.4,22.2,1015.6,0.0,0.0,
2016-06-13 04:00:00,118.5429,24.4,22.2,1015.4,2.1,220.0,
2016-06-13 05:00:00,120.8634,24.4,22.8,1015.5,2.1,220.0,4.0
2016-06-13 06:00:00,117.9028,24.4,22.8,1016.0,2.1,230.0,2.0
2016-06-13 07:00:00,117.1026,25.6,23.3,1016.2,2.6,250.0,2.0
2016-06-13 08:00:00,114.22200000000001,27.8,23.9,1016.2,3.6,280.0,2.0
2016-06-13 09:00:00,111.1414,29.4,23.9,1016.0,5.7,320.0,4.0
2016-06-13 10:00:00,111.98159999999999,30.6,23.3,1015.8,4.6,290.0,4.0
2016-06-13 11:00:00,112.6218,31.7,22.8,1015.6,3.6,330.0,4.0
2016-06-13 12:00:00,112.5418,32.8,22.8,1015.1,3.6,270.0,4.0
2016-06-13 13:00:00,112.5418,33.9,22.2,1014.4,3.6,310.0,4.0
2016-06-13 14:00:00,93.498,32.8,21.1,1013.9,1.5,,4.0
2016-06-13 15:00:00,93.6581,34.4,20.6,1013.1,2.1,250.0,4.0
2016-06-13 16:00:00,95.89850000000001,35.0,20.0,1012.3,2.1,230.0,4.0
2016-06-13 17:00:00,122.46359999999999,33.9,20.0,1012.3,1.5,200.0,4.0
2016-06-13 18:00:00,111.4615,30.6,22.8,1012.5,5.1,80.0,
2016-06-13 19:00:00,108.5409,30.0,22.2,1012.6,2.6,100.0,6.0
2016-06-13 20:00:00,109.6611,28.9,22.8,1013.0,2.6,80.0,
2016-06-13 21:00:00,110.38130000000001,28.9,22.8,1013.8,1.5,200.0,
2016-06-13 22:00:00,109.181,28.9,22.8,1014.2,1.5,120.0,
2016-06-13 23:00:00,110.66129999999998,27.8,22.8,1014.6,2.1,260.0,
2016-06-14 00:00:00,110.6214,27.2,22.2,1014.5,2.1,260.0,
2016-06-14 01:00:00,111.5815,26.7,22.8,1013.9,1.5,250.0,4.0
2016-06-14 02:00:00,113.30179999999999,26.7,23.9,1013.6,0.0,0.0,0.0
2016-06-14 03:00:00,113.7819,25.0,23.3,1013.5,1.5,210.0,0.0
2016-06-14 04:00:00,113.5419,25.6,23.9,1013.7,0.0,0.0,0.0
2016-06-14 05:00:00,113.5419,25.0,23.9,1013.9,1.5,220.0,0.0
2016-06-14 06:00:00,112.98179999999999,25.0,23.9,1014.4,1.5,,2.0
2016-06-14 07:00:00,114.8222,27.2,25.0,1014.9,2.6,250.0,2.0
2016-06-14 08:00:00,111.6616,28.9,25.0,1015.5,3.1,310.0,2.0
2016-06-14 09:00:00,110.78139999999999,30.6,23.9,1015.7,0.0,0.0,4.0
2016-06-14 10:00:00,118.8229,31.7,23.3,1015.8,2.1,280.0,4.0
2016-06-14 11:00:00,112.9418,32.8,22.8,1015.7,2.6,280.0,4.0
2016-06-14 12:00:00,112.3417,33.3,23.3,1015.6,3.1,280.0,4.0
2016-06-14 13:00:00,113.0618,33.9,22.2,1015.1,3.1,,4.0
2016-06-14 14:00:00,113.542,34.4,21.7,1014.5,2.6,,4.0
2016-06-14 15:00:00,107.1007,34.4,21.1,1013.5,2.1,190.0,4.0
2016-06-14 16:00:00,120.3433,34.4,21.7,1012.9,4.1,190.0,4.0
2016-06-14 17:00:00,122.5436,33.3,21.7,1013.1,3.1,170.0,
2016-06-14 18:00:00,124.424,26.7,20.0,1014.1,2.6,,
2016-06-14 19:00:00,116.9426,25.0,22.8,1015.9,10.3,90.0,6.0
2016-06-14 20:00:00,114.5821,24.4,22.2,1016.2,4.6,130.0,
2016-06-14 21:00:00,116.0624,23.9,21.7,1016.5,3.1,130.0,
2016-06-14 22:00:00,118.1028,24.4,22.8,1016.2,0.0,0.0,
2016-06-14 23:00:00,127.06450000000001,25.0,23.3,1016.9,2.1,190.0,
2016-06-15 00:00:00,127.50460000000001,24.4,23.3,1017.1,1.5,210.0,
2016-06-15 01:00:00,122.1036,25.0,23.3,1016.9,2.1,190.0,6.0
2016-06-15 02:00:00,128.8648,25.0,22.8,1016.7,1.5,220.0,4.0
2016-06-15 03:00:00,128.7049,24.4,23.3,1016.1,2.1,200.0,0.0
2016-06-15 04:00:00,132.1055,25.0,23.3,1016.0,2.6,220.0,0.0
2016-06-15 05:00:00,127.5446,25.0,23.3,1016.5,1.5,250.0,2.0
2016-06-15 06:00:00,130.8252,25.0,23.9,1017.0,2.1,230.0,2.0
2016-06-15 07:00:00,127.9447,26.1,24.4,1017.6,3.1,230.0,2.0
2016-06-15 08:00:00,129.3849,28.9,23.9,1018.0,4.1,290.0,2.0
2016-06-15 09:00:00,129.865,30.0,23.3,1018.2,4.1,270.0,4.0
2016-06-15 10:00:00,125.3442,31.1,23.3,1018.3,3.1,,4.0
2016-06-15 11:00:00,123.9439,32.2,22.8,1018.2,3.6,240.0,4.0
2016-06-15 12:00:00,123.5838,33.3,22.8,1017.8,3.6,230.0,4.0
2016-06-15 13:00:00,125.8242,33.3,22.2,1017.1,0.0,0.0,6.0
2016-06-15 14:00:00,126.50450000000001,29.4,21.7,1016.7,11.3,200.0,
2016-06-15 15:00:00,125.94430000000003,27.2,21.7,1016.5,2.6,100.0,
2016-06-15 16:00:00,120.7433,31.7,23.3,1015.4,2.6,170.0,
2016-06-15 17:00:00,125.38409999999999,32.2,22.8,1015.0,2.6,190.0,
2016-06-15 18:00:00,124.9041,30.0,22.8,1015.2,4.6,200.0,
2016-06-15 19:00:00,121.42349999999999,27.8,23.3,1015.7,0.0,0.0,6.0
2016-06-15 20:00:00,120.9034,27.2,23.9,1016.0,0.0,0.0,
2016-06-15 21:00:00,120.9833,26.7,23.9,1016.3,1.5,110.0,4.0
2016-06-15 22:00:00,121.3434,26.1,23.9,1016.7,0.0,0.0,
2016-06-15 23:00:00,128.4648,26.1,24.4,1017.2,2.1,180.0,
2016-06-16 00:00:00,124.8641,25.6,23.3,1017.2,1.5,190.0,
2016-06-16 01:00:00,124.22399999999999,26.1,23.3,1016.8,2.1,200.0,6.0
2016-06-16 02:00:00,131.5053,25.6,23.9,1016.2,2.6,220.0,
2016-06-16 03:00:00,128.3848,25.6,23.3,1015.8,2.1,240.0,4.0
2016-06-16 04:00:00,126.6244,25.6,23.3,1015.9,2.6,210.0,2.0
2016-06-16 05:00:00,131.5854,25.6,23.3,1015.9,2.6,230.0,2.0
2016-06-16 06:00:00,126.0643,25.0,23.3,1016.0,2.1,200.0,2.0
2016-06-16 07:00:00,128.1047,26.7,23.9,1016.3,3.6,220.0,2.0
2016-06-16 08:00:00,124.6641,28.9,23.9,1016.8,4.1,240.0,2.0
2016-06-16 09:00:00,128.6248,30.0,22.8,1016.9,6.7,250.0,2.0
2016-06-16 10:00:00,134.666,31.1,22.2,1016.6,7.2,260.0,4.0
2016-06-16 11:00:00,127.0245,32.2,22.2,1015.7,5.1,250.0,4.0
2016-06-16 12:00:00,128.1447,32.8,22.2,1014.8,6.7,290.0,4.0
2016-06-16 13:00:00,128.5048,33.3,21.1,1014.7,8.2,240.0,4.0
2016-06-16 14:00:00,128.3848,33.3,22.8,1014.2,5.1,250.0,
2016-06-16 15:00:00,122.14359999999999,32.2,20.6,1013.7,7.2,280.0,
2016-06-16 16:00:00,127.9046,31.1,21.7,1014.1,2.1,240.0,
2016-06-16 17:00:00,114.7022,25.0,21.7,1014.7,9.3,340.0,
2016-06-16 18:00:00,106.7406,25.0,22.2,1014.7,2.1,240.0,
2016-06-16 19:00:00,116.6225,25.6,22.8,1014.4,2.6,190.0,6.0
2016-06-16 20:00:00,124.86410000000001,25.0,23.3,1014.3,2.1,220.0,
2016-06-16 21:00:00,129.2249,25.0,23.3,1014.5,3.6,190.0,
2016-06-16 22:00:00,130.4251,25.0,23.3,1014.3,3.1,210.0,4.0
2016-06-16 23:00:00,128.8249,25.6,23.3,1014.6,2.6,210.0,4.0
2016-06-17 00:00:00,132.9856,25.6,23.3,1014.2,4.1,220.0,4.0
2016-06-17 01:00:00,133.14569999999998,25.6,23.3,1013.8,4.1,230.0,2.0
2016-06-17 02:00:00,132.1455,25.6,23.3,1013.1,4.1,240.0,2.0
2016-06-17 03:00:00,133.22570000000002,25.6,23.3,1012.8,2.6,230.0,2.0
2016-06-17 04:00:00,132.7456,25.6,23.3,1012.9,2.6,240.0,2.0
2016-06-17 05:00:00,130.5452,25.0,23.9,1013.2,2.6,230.0,2.0
2016-06-17 06:00:00,130.0651,25.6,23.9,1013.4,2.6,230.0,4.0
2016-06-17 07:00:00,130.5852,26.7,23.9,1014.0,4.1,240.0,4.0
2016-06-17 08:00:00,129.185,27.8,24.4,1014.5,4.6,250.0,4.0
2016-06-17 09:00:00,126.2244,30.0,23.3,1014.4,6.2,260.0,4.0
2016-06-17 10:00:00,125.38419999999999,30.6,21.7,1014.2,7.7,260.0,4.0
2016-06-17 11:00:00,126.3845,26.7,20.0,,4.6,250.0,
2016-06-17 12:00:00,118.5429,27.2,20.6,1014.4,5.7,280.0,
2016-06-17 13:00:00,125.5042,28.9,19.4,1013.6,5.1,260.0,6.0
2016-06-17 14:00:00,124.5441,30.0,20.0,1013.0,5.1,290.0,
2016-06-17 15:00:00,121.5034,30.6,17.2,1013.3,5.1,280.0,
2016-06-17 16:00:00,113.8619,31.7,18.3,1012.9,5.1,250.0,
2016-06-17 17:00:00,112.90180000000001,31.1,17.8,1012.1,6.2,270.0,
2016-06-17 18:00:00,111.14139999999999,31.1,16.1,1011.2,7.2,250.0,
2016-06-17 19:00:00,108.9811,30.0,17.8,1011.7,3.1,260.0,6.0
2016-06-17 20:00:00,106.9006,28.9,18.9,1012.5,3.1,270.0,
2016-06-17 21:00:00,110.22129999999999,28.3,20.0,1013.1,4.1,270.0,
2016-06-17 22:00:00,130.5452,27.8,21.1,1013.8,3.6,250.0,
2016-06-17 23:00:00,131.7054,27.2,21.7,1014.3,3.1,250.0,
2016-06-18 00:00:00,132.3456,26.7,22.8,1014.8,4.1,280.0,
2016-06-18 01:00:00,133.4658,26.7,22.8,1013.8,5.1,240.0,8.0
2016-06-18 02:00:00,133.4657,26.7,23.3,1013.6,2.1,250.0,
2016-06-18 03:00:00,131.2653,26.1,23.3,1013.1,3.1,240.0,
2016-06-18 04:00:00,134.466,25.6,23.3,1012.9,2.6,230.0,
2016-06-18 05:00:00,133.5057,25.0,23.3,1013.1,2.6,220.0,
2016-06-18 06:00:00,132.82569999999998,25.6,23.9,1014.1,2.1,230.0,
2016-06-18 07:00:00,134.2659,26.7,23.9,1014.7,3.1,240.0,6.0
2016-06-18 08:00:00,129.70499999999998,28.3,23.9,1015.3,3.1,220.0,4.0
2016-06-18 09:00:00,127.5847,29.4,23.3,1015.6,4.6,210.0,4.0
2016-06-18 10:00:00,125.5843,30.6,22.8,1015.4,3.6,240.0,
2016-06-18 11:00:00,127.3045,32.8,21.7,1015.6,3.6,280.0,
2016-06-18 12:00:00,127.6647,32.8,21.1,1015.4,4.1,280.0,
2016-06-18 13:00:00,126.70439999999999,33.3,21.1,1015.0,2.6,,6.0
2016-06-18 14:00:00,126.70439999999999,33.9,21.1,1014.6,1.5,,
2016-06-18 15:00:00,124.26389999999999,32.8,20.0,1014.4,2.6,230.0,
2016-06-18 16:00:00,112.1416,22.8,21.1,1017.4,8.8,10.0,
2016-06-18 17:00:00,102.2197,23.9,20.6,1016.7,3.1,10.0,
2016-06-18 18:00:00,104.90019999999998,23.3,21.1,1017.7,3.6,150.0,
2016-06-18 19:00:00,108.70100000000001,22.8,21.1,1018.0,1.5,170.0,8.0
2016-06-18 20:00:00,107.7008,23.3,20.6,1017.9,0.0,0.0,
2016-06-18 21:00:00,108.14080000000001,23.3,21.1,1018.1,3.6,10.0,
2016-06-18 22:00:00,111.3014,23.3,21.1,1018.6,0.0,0.0,
2016-06-18 23:00:00,113.982,22.8,21.1,1019.6,0.0,0.0,
2016-06-19 00:00:00,112.4217,22.8,21.1,1019.4,1.5,290.0,
2016-06-19 01:00:00,114.7021,22.8,21.7,1018.9,2.6,270.0,8.0
2016-06-19 02:00:00,115.34219999999999,23.3,21.7,1018.8,2.1,330.0,
2016-06-19 03:00:00,113.0618,23.9,22.2,1018.3,3.1,350.0,
2016-06-19 04:00:00,114.22200000000001,23.9,22.8,1018.2,3.1,20.0,
2016-06-19 05:00:00,117.3426,23.9,22.2,1018.5,3.6,40.0,
2016-06-19 06:00:00,112.0216,23.9,22.2,1019.0,4.6,20.0,
2016-06-19 07:00:00,114.5822,23.9,22.2,1019.5,4.6,30.0,6.0
2016-06-19 08:00:00,134.4659,25.6,23.3,,3.6,70.0,
2016-06-19 09:00:00,132.8656,27.2,23.3,1020.2,5.1,50.0,4.0
2016-06-19 10:00:00,126.30430000000001,28.9,21.7,1020.4,7.2,50.0,4.0
2016-06-19 11:00:00,140.1471,30.0,22.2,1020.6,7.7,50.0,
2016-06-19 12:00:00,125.70430000000002,29.4,20.0,1020.6,8.8,50.0,
2016-06-19 13:00:00,126.14439999999999,30.0,20.0,1020.2,8.2,60.0,6.0
2016-06-19 14:00:00,141.1873,30.0,20.0,1020.1,8.8,70.0,
2016-06-19 15:00:00,124.0239,29.4,19.4,1020.5,8.8,70.0,
2016-06-19 16:00:00,112.6617,28.9,19.4,1020.5,7.7,50.0,
2016-06-19 17:00:00,122.7837,28.9,17.8,1020.8,8.2,70.0,
2016-06-19 18:00:00,103.22,27.8,18.3,1021.0,8.8,80.0,
2016-06-19 19:00:00,107.0607,26.7,18.9,1021.2,8.2,60.0,6.0
2016-06-19 20:00:00,108.661,25.0,20.0,1021.8,4.6,40.0,
2016-06-19 21:00:00,109.94120000000001,25.0,19.4,1022.2,4.6,60.0,
2016-06-19 22:00:00,112.6617,24.4,19.4,1022.6,3.6,50.0,4.0
2016-06-19 23:00:00,115.3423,23.9,19.4,1022.7,3.6,30.0,4.0
2016-06-20 00:00:00,114.6221,23.3,20.0,1022.4,3.1,20.0,4.0
2016-06-20 01:00:00,116.8625,23.9,19.4,1022.2,4.1,20.0,6.0
2016-06-20 02:00:00,115.7824,23.3,19.4,1021.8,4.1,20.0,
2016-06-20 03:00:00,116.3425,23.9,19.4,1021.7,2.6,20.0,
2016-06-20 04:00:00,116.3024,23.3,20.6,1021.6,3.1,40.0,
2016-06-20 05:00:00,115.1822,23.3,19.4,1021.5,5.1,20.0,
2016-06-20 06:00:00,114.7022,23.3,18.9,1021.8,5.1,20.0,
2016-06-20 07:00:00,115.8224,23.9,18.3,1022.3,4.1,40.0,6.0
2016-06-20 08:00:00,115.9024,25.6,17.8,1022.6,4.6,30.0,
2016-06-20 09:00:00,113.7019,27.2,17.8,1022.7,6.2,60.0,
2016-06-20 10:00:00,109.5411,28.3,17.8,1023.1,4.6,70.0,
2016-06-20 11:00:00,110.0612,29.4,16.7,1023.0,5.7,50.0,
2016-06-20 12:00:00,105.7404,29.4,17.2,1022.5,5.7,80.0,
2016-06-20 13:00:00,105.2603,30.0,17.2,1022.1,6.7,70.0,6.0
2016-06-20 14:00:00,104.0601,28.9,16.1,1021.9,6.2,50.0,
2016-06-20 15:00:00,106.5805,29.4,15.6,1021.3,6.7,50.0,
2016-06-20 16:00:00,106.5805,28.9,15.0,1021.1,5.1,60.0,
2016-06-20 17:00:00,107.6208,28.9,15.0,1020.9,6.2,60.0,4.0
2016-06-20 18:00:00,90.0174,28.3,13.3,1020.6,5.7,60.0,2.0
2016-06-20 19:00:00,88.3771,26.7,15.6,1021.3,4.6,70.0,2.0
2016-06-20 20:00:00,87.6169,25.0,15.0,1021.6,4.6,60.0,2.0
2016-06-20 21:00:00,85.6165,23.9,15.0,1021.9,3.6,60.0,0.0
2016-06-20 22:00:00,87.0968,23.3,15.6,1021.9,3.6,30.0,0.0
2016-06-20 23:00:00,89.13719999999999,22.8,15.6,1021.8,3.6,20.0,2.0
2016-06-21 00:00:00,88.297,22.2,16.1,1020.9,3.1,30.0,0.0
2016-06-21 01:00:00,89.4573,21.1,16.1,1020.4,2.6,30.0,0.0
2016-06-21 02:00:00,86.97670000000001,20.6,16.7,1020.1,2.1,10.0,0.0
2016-06-21 03:00:00,86.4966,20.6,16.7,1020.0,2.6,30.0,
2016-06-21 04:00:00,87.7369,20.0,16.7,1020.1,2.1,350.0,4.0
2016-06-21 05:00:00,87.0968,20.0,17.2,1020.3,3.1,350.0,2.0
2016-06-21 06:00:00,88.6571,20.6,17.2,1020.9,1.5,340.0,2.0
2016-06-21 07:00:00,92.4178,22.8,18.3,1021.2,3.6,350.0,4.0
2016-06-21 08:00:00,100.65939999999999,25.6,18.3,1021.2,3.1,30.0,4.0
2016-06-21 09:00:00,84.1362,27.8,19.4,1021.0,5.1,70.0,4.0
2016-06-21 10:00:00,110.8214,28.9,18.9,1020.8,4.6,60.0,4.0
2016-06-21 11:00:00,108.2209,28.9,18.3,1020.6,5.7,60.0,4.0
2016-06-21 12:00:00,108.86099999999999,29.4,18.9,1020.1,4.6,80.0,4.0
2016-06-21 13:00:00,114.02199999999999,30.0,19.4,1019.9,5.1,100.0,6.0
2016-06-21 14:00:00,109.9012,30.0,19.4,1019.6,4.1,100.0,4.0
2016-06-21 15:00:00,127.9847,30.6,18.9,1018.9,6.2,100.0,4.0
2016-06-21 16:00:00,126.30440000000002,30.0,19.4,1018.4,6.2,120.0,4.0
2016-06-21 17:00:00,128.6248,28.3,18.9,1017.9,5.1,90.0,4.0
2016-06-21 18:00:00,112.62180000000001,28.3,18.9,1017.9,5.1,90.0,4.0
2016-06-21 19:00:00,107.1407,27.2,18.9,1018.3,5.7,110.0,2.0
2016-06-21 20:00:00,107.4607,25.6,18.9,1018.7,4.6,110.0,2.0
2016-06-21 21:00:00,109.90119999999999,25.0,18.9,1020.0,3.1,120.0,4.0
2016-06-21 22:00:00,111.42150000000001,23.9,18.3,1020.5,2.1,120.0,4.0
2016-06-21 23:00:00,114.4221,23.3,18.9,1020.7,2.1,130.0,2.0
2016-06-22 00:00:00,109.0211,23.3,18.9,1020.5,2.6,60.0,0.0
2016-06-22 01:00:00,105.78040000000001,22.8,19.4,1020.0,2.6,10.0,2.0
2016-06-22 02:00:00,103.69999999999999,22.8,18.9,1019.7,3.1,30.0,2.0
2016-06-22 03:00:00,105.34039999999999,22.8,19.4,1019.2,3.1,70.0,2.0
2016-06-22 04:00:00,106.9407,21.7,18.9,1019.1,2.1,100.0,0.0
2016-06-22 05:00:00,103.4599,22.2,18.9,1019.1,2.1,80.0,2.0
2016-06-22 06:00:00,102.3797,22.8,18.9,1019.7,0.0,0.0,2.0
2016-06-22 07:00:00,106.5806,24.4,19.4,1020.0,2.1,70.0,2.0
2016-06-22 08:00:00,114.50210000000001,26.7,20.6,1020.3,2.6,80.0,2.0
2016-06-22 09:00:00,107.0606,28.3,18.3,1020.2,2.1,120.0,2.0
2016-06-22 10:00:00,106.0205,30.0,17.8,1020.3,3.1,10.0,2.0
2016-06-22 11:00:00,105.90039999999999,30.6,16.7,1020.3,0.0,0.0,4.0
2016-06-22 12:00:00,104.3401,31.7,16.7,1020.0,1.5,50.0,4.0
2016-06-22 13:00:00,115.4223,32.2,17.2,1020.0,2.1,90.0,4.0
2016-06-22 14:00:00,121.26339999999999,33.3,17.8,1019.5,0.0,0.0,4.0
2016-06-22 15:00:00,126.62440000000001,32.8,18.3,1018.7,0.0,0.0,4.0
2016-06-22 16:00:00,128.86489999999998,32.2,20.0,1018.1,5.1,80.0,4.0
2016-06-22 17:00:00,128.1447,32.2,21.1,1018.2,5.7,100.0,4.0
2016-06-22 18:00:00,126.6644,30.0,22.2,1018.4,5.7,100.0,4.0
2016-06-22 19:00:00,126.6645,28.9,22.2,1018.7,4.1,100.0,2.0
2016-06-22 20:00:00,124.584,27.8,21.7,1019.8,3.6,90.0,2.0
2016-06-22 21:00:00,126.0643,27.2,22.2,1020.3,4.1,90.0,2.0
2016-06-22 22:00:00,117.3027,26.1,22.8,1021.3,2.1,90.0,4.0
2016-06-22 23:00:00,116.3025,26.1,23.3,1021.2,3.6,80.0,
2016-06-23 00:00:00,111.3815,26.1,23.3,1021.2,2.1,120.0,4.0
2016-06-23 01:00:00,112.94179999999997,25.6,23.3,1020.3,1.5,90.0,2.0
2016-06-23 02:00:00,113.5419,24.4,23.3,1019.8,1.5,180.0,2.0
2016-06-23 03:00:00,110.0213,23.9,22.8,1019.1,1.5,180.0,2.0
2016-06-23 04:00:00,112.14170000000001,23.9,22.8,1018.8,1.5,170.0,0.0
2016-06-23 05:00:00,114.06199999999998,23.9,23.3,1019.2,1.5,130.0,2.0
2016-06-23 06:00:00,112.2616,23.9,23.3,1019.3,0.0,0.0,2.0
2016-06-23 07:00:00,113.1018,25.6,24.4,1020.0,0.0,0.0,2.0
2016-06-23 08:00:00,134.826,27.2,23.9,1020.6,1.5,140.0,4.0
2016-06-23 09:00:00,138.3067,28.9,22.8,1021.0,0.0,0.0,2.0
2016-06-23 10:00:00,127.7447,30.6,23.3,1021.0,1.5,,4.0
2016-06-23 11:00:00,126.2244,32.8,22.2,1020.9,1.5,10.0,4.0
2016-06-23 12:00:00,126.9045,31.7,21.1,1020.5,0.0,0.0,4.0
2016-06-23 13:00:00,129.425,33.3,22.2,1019.6,2.1,140.0,4.0
2016-06-23 14:00:00,139.0669,32.8,21.1,1018.9,3.6,80.0,4.0
2016-06-23 15:00:00,128.98490000000004,34.4,20.6,1018.1,2.1,100.0,4.0
2016-06-23 16:00:00,127.2245,33.3,22.8,1018.0,7.2,110.0,4.0
2016-06-23 17:00:00,127.0245,32.8,22.2,1017.3,5.1,110.0,4.0
2016-06-23 18:00:00,125.2642,31.7,21.7,1017.4,6.2,100.0,4.0
2016-06-23 19:00:00,127.70460000000003,30.0,21.1,1017.6,5.1,110.0,2.0
2016-06-23 20:00:00,126.0643,28.3,22.2,1017.9,3.6,110.0,2.0
2016-06-23 21:00:00,125.86420000000001,27.8,22.8,1018.3,4.6,120.0,2.0
2016-06-23 22:00:00,129.265,26.7,23.3,1019.0,3.1,130.0,2.0
2016-06-23 23:00:00,129.1049,25.6,23.3,1019.4,2.6,150.0,4.0
2016-06-24 00:00:00,129.70499999999998,26.1,23.9,1019.5,0.0,0.0,4.0
2016-06-24 01:00:00,133.0657,25.0,23.3,1019.2,2.1,160.0,2.0
2016-06-24 02:00:00,133.0656,24.4,23.3,1018.5,1.5,160.0,2.0
2016-06-24 03:00:00,128.6249,25.0,23.9,1018.5,0.0,0.0,2.0
2016-06-24 04:00:00,114.02199999999999,23.3,22.8,1018.2,1.5,130.0,2.0
2016-06-24 05:00:00,126.10430000000001,23.9,23.3,1018.4,0.0,0.0,2.0
2016-06-24 06:00:00,114.22200000000001,23.9,23.3,1018.9,1.5,160.0,2.0
2016-06-24 07:00:00,130.4651,25.6,24.4,1019.4,2.1,200.0,2.0
2016-06-24 08:00:00,130.30509999999998,27.8,23.3,1019.8,3.1,250.0,2.0
2016-06-24 09:00:00,124.504,29.4,22.8,1019.9,2.6,260.0,2.0
2016-06-24 10:00:00,127.1045,30.6,23.3,1020.0,2.6,230.0,2.0
2016-06-24 11:00:00,128.26480000000004,32.2,22.8,1019.7,1.5,,2.0
2016-06-24 12:00:00,126.9845,33.3,22.2,1019.0,2.6,,4.0
2016-06-24 13:00:00,130.3452,34.4,21.1,1018.4,3.1,100.0,4.0
2016-06-24 14:00:00,129.0249,35.6,20.0,1017.9,2.6,,4.0
2016-06-24 15:00:00,131.02530000000002,34.4,20.6,1017.5,1.5,,4.0
2016-06-24 16:00:00,128.9049,34.4,20.6,1016.8,2.6,170.0,4.0
2016-06-24 17:00:00,121.2234,34.4,21.1,1016.4,3.1,170.0,4.0
2016-06-24 18:00:00,117.02259999999998,33.3,21.7,1016.4,4.6,140.0,4.0
2016-06-24 19:00:00,113.0618,31.1,22.2,1016.6,3.6,130.0,4.0
2016-06-24 20:00:00,112.14169999999999,30.0,23.3,1017.4,3.6,120.0,4.0
2016-06-24 21:00:00,111.2615,28.9,23.9,1018.1,1.5,140.0,4.0
2016-06-24 22:00:00,110.9014,28.3,23.3,1018.8,3.1,150.0,
2016-06-24 23:00:00,112.26159999999999,28.3,23.3,1019.2,2.6,160.0,
2016-06-25 00:00:00,113.74199999999999,27.2,22.8,1018.9,2.6,180.0,
2016-06-25 01:00:00,112.6217,26.1,23.3,1018.6,2.6,170.0,4.0
2016-06-25 02:00:00,112.0616,25.6,23.3,1017.9,2.6,160.0,
2016-06-25 03:00:00,113.4219,25.6,23.9,1017.5,2.6,170.0,
2016-06-25 04:00:00,114.34209999999999,25.6,23.9,1017.7,1.5,150.0,
2016-06-25 05:00:00,113.742,25.0,23.3,1018.0,0.0,0.0,2.0
2016-06-25 06:00:00,113.862,25.6,23.9,1018.7,1.5,160.0,2.0
2016-06-25 07:00:00,112.1016,26.1,24.4,1019.1,3.1,170.0,4.0
2016-06-25 08:00:00,112.14170000000001,28.3,23.9,1019.8,2.6,210.0,4.0
2016-06-25 09:00:00,110.1412,29.4,22.8,1019.7,3.6,190.0,4.0
2016-06-25 10:00:00,110.34129999999999,30.0,23.3,1020.0,3.1,200.0,
2016-06-25 11:00:00,111.6216,31.7,22.2,1019.8,2.6,,
2016-06-25 12:00:00,110.9014,33.3,21.7,1019.3,0.0,0.0,4.0
2016-06-25 13:00:00,111.3415,33.3,21.7,1018.7,3.1,200.0,6.0
2016-06-25 14:00:00,111.66149999999999,34.4,21.1,1018.1,0.0,0.0,
2016-06-25 15:00:00,113.2618,33.9,20.0,1017.7,1.5,,
2016-06-25 16:00:00,112.98179999999999,35.0,20.0,1017.2,3.6,110.0,4.0
2016-06-25 17:00:00,112.90180000000001,35.0,19.4,1016.5,3.1,100.0,4.0
2016-06-25 18:00:00,112.1817,33.9,19.4,1016.8,2.6,170.0,4.0
2016-06-25 19:00:00,112.5017,31.7,22.8,1017.2,3.1,140.0,4.0
2016-06-25 20:00:00,111.7016,30.6,23.3,1017.7,3.6,130.0,4.0
2016-06-25 21:00:00,111.0214,28.9,23.3,1018.6,2.6,140.0,
2016-06-25 22:00:00,113.3819,28.9,23.3,1019.0,3.1,140.0,
2016-06-25 23:00:00,112.5418,27.8,23.3,1019.1,3.6,150.0,
2016-06-26 00:00:00,112.9018,26.7,23.3,1018.9,2.6,180.0,
2016-06-26 01:00:00,113.8619,26.7,22.8,1018.6,2.6,180.0,6.0
2016-06-26 02:00:00,115.4622,26.1,22.8,1018.3,2.6,170.0,
2016-06-26 03:00:00,113.14179999999999,25.6,23.3,1018.3,2.1,160.0,4.0
2016-06-26 04:00:00,112.1416,25.6,23.3,1018.4,0.0,0.0,4.0
2016-06-26 05:00:00,112.86170000000001,25.0,23.3,1018.6,0.0,0.0,2.0
2016-06-26 06:00:00,112.9418,25.0,23.9,1019.2,0.0,0.0,4.0
2016-06-26 07:00:00,113.4219,26.7,24.4,1019.5,2.1,190.0,4.0
2016-06-26 08:00:00,111.1414,28.9,23.3,1019.7,2.6,240.0,4.0
2016-06-26 09:00:00,110.62129999999999,30.6,23.3,1019.9,0.0,0.0,4.0
2016-06-26 10:00:00,110.7414,31.7,23.3,1019.9,0.0,0.0,
2016-06-26 11:00:00,111.14150000000001,29.4,23.3,1019.8,9.3,20.0,
2016-06-26 12:00:00,135.9063,27.8,22.2,1020.0,3.1,150.0,
2016-06-26 13:00:00,111.66159999999999,32.8,23.3,1018.6,3.1,110.0,4.0
2016-06-26 14:00:00,113.7019,33.3,22.8,1017.9,4.6,20.0,
2016-06-26 15:00:00,115.7424,29.4,21.7,1019.3,7.2,270.0,
2016-06-26 16:00:00,123.7039,23.3,21.1,1020.2,7.7,200.0,
2016-06-26 17:00:00,106.1805,24.4,21.7,1018.4,3.1,190.0,
2016-06-26 18:00:00,105.74040000000001,26.1,21.1,1017.8,0.0,0.0,
2016-06-26 19:00:00,106.66059999999999,26.1,22.2,1018.0,2.1,150.0,6.0
2016-06-26 20:00:00,104.86019999999999,25.0,22.8,1018.7,0.0,0.0,
2016-06-26 21:00:00,107.4607,24.4,22.2,1018.9,2.1,190.0,
2016-06-26 22:00:00,106.5406,24.4,21.7,1018.9,1.5,260.0,
2016-06-26 23:00:00,108.741,24.4,21.7,1018.8,0.0,0.0,
2016-06-27 00:00:00,111.6216,22.8,21.7,1018.7,1.5,190.0,
2016-06-27 01:00:00,112.3417,23.3,22.2,1018.1,1.5,230.0,4.0
2016-06-27 02:00:00,114.1421,22.8,21.7,1017.7,0.0,0.0,2.0
2016-06-27 03:00:00,114.9822,22.8,21.7,1017.6,0.0,0.0,4.0
2016-06-27 04:00:00,113.2218,23.3,21.7,1017.8,0.0,0.0,0.0
2016-06-27 05:00:00,114.9021,22.8,21.7,1018.1,0.0,0.0,2.0
2016-06-27 06:00:00,116.1024,23.9,21.7,1018.1,2.1,300.0,2.0
2016-06-27 07:00:00,113.582,25.0,22.2,1018.4,1.5,270.0,2.0
2016-06-27 08:00:00,110.5013,27.2,22.2,1018.7,0.0,0.0,2.0
2016-06-27 09:00:00,104.78020000000001,28.9,22.2,1018.5,2.1,300.0,2.0
2016-06-27 10:00:00,109.261,30.0,21.7,1018.7,1.5,,4.0
2016-06-27 11:00:00,109.8212,30.6,22.2,1018.5,2.1,250.0,4.0
2016-06-27 12:00:00,111.82159999999999,31.7,21.1,1017.8,2.1,360.0,4.0
2016-06-27 13:00:00,113.5819,32.2,20.6,1017.2,0.0,0.0,4.0
2016-06-27 14:00:00,113.74199999999999,33.3,20.0,1016.2,0.0,0.0,4.0
2016-06-27 15:00:00,112.9418,33.3,20.0,1015.4,2.1,,
2016-06-27 16:00:00,110.5413,28.3,20.6,1015.4,6.7,60.0,
2016-06-27 17:00:00,109.9813,29.4,21.1,1015.2,3.6,90.0,
2016-06-27 18:00:00,110.9415,30.0,22.8,1015.4,3.6,90.0,
2016-06-27 19:00:00,109.5412,28.9,22.8,1015.1,3.6,110.0,6.0
2016-06-27 20:00:00,108.3409,28.3,22.8,1015.9,0.0,0.0,
2016-06-27 21:00:00,108.2209,27.2,22.8,1016.2,2.1,170.0,
2016-06-27 22:00:00,106.94069999999999,27.2,22.2,1016.7,1.5,150.0,
2016-06-27 23:00:00,110.4213,26.7,23.3,1017.1,0.0,0.0,
2016-06-28 00:00:00,110.9014,26.1,23.3,1017.0,0.0,0.0,
2016-06-28 01:00:00,110.54140000000001,25.6,23.3,1016.4,2.1,200.0,6.0
2016-06-28 02:00:00,112.0217,25.6,21.7,1015.8,2.6,220.0,
2016-06-28 03:00:00,114.06199999999998,25.6,22.2,1015.5,2.1,230.0,
2016-06-28 04:00:00,113.94200000000001,25.0,22.2,1015.2,1.5,170.0,
2016-06-28 05:00:00,113.10179999999997,23.9,22.2,1015.5,0.0,0.0,
2016-06-28 06:00:00,111.3815,24.4,22.2,1015.8,0.0,0.0,
2016-06-28 07:00:00,110.6213,25.6,22.2,1016.5,0.0,0.0,6.0
2016-06-28 08:00:00,109.5812,26.7,21.7,1016.7,3.1,210.0,
2016-06-28 09:00:00,105.5803,28.3,22.2,1016.7,1.5,,
2016-06-28 10:00:00,106.3006,29.4,22.2,1016.6,2.1,,
2016-06-28 11:00:00,109.62119999999999,31.1,22.2,1016.5,2.1,,4.0
2016-06-28 12:00:00,111.26139999999998,31.1,21.1,1016.0,0.0,0.0,4.0
2016-06-28 13:00:00,113.2618,32.2,21.1,1015.6,2.1,,6.0
2016-06-28 14:00:00,112.3817,32.8,22.8,1014.8,2.6,170.0,
2016-06-28 15:00:00,113.862,33.3,21.7,1013.7,3.6,190.0,
2016-06-28 16:00:00,111.7016,32.8,21.1,1013.3,3.6,170.0,
2016-06-28 17:00:00,107.66069999999999,29.4,22.8,1013.4,4.1,20.0,
2016-06-28 18:00:00,107.2207,27.2,22.8,1013.9,6.2,350.0,
2016-06-28 19:00:00,107.6207,26.7,23.3,1014.2,3.1,140.0,6.0
2016-06-28 20:00:00,106.3006,26.1,22.8,1015.0,2.1,140.0,
2016-06-28 21:00:00,107.86080000000001,26.7,23.3,1015.4,1.5,100.0,
2016-06-28 22:00:00,108.6609,26.1,23.3,1015.8,3.6,130.0,
2016-06-28 23:00:00,108.4209,25.6,23.9,1015.7,2.1,90.0,
2016-06-29 00:00:00,111.3015,25.6,23.9,1015.6,2.1,180.0,
2016-06-29 01:00:00,111.14150000000001,24.4,22.8,1015.7,10.3,160.0,8.0
2016-06-29 02:00:00,110.3413,22.2,21.1,1015.6,1.5,50.0,
2016-06-29 03:00:00,110.2612,22.8,21.7,1015.5,2.1,80.0,
2016-06-29 04:00:00,116.5024,23.3,21.7,1015.2,0.0,0.0,
2016-06-29 05:00:00,113.0618,22.8,21.7,1014.8,1.5,190.0,
2016-06-29 06:00:00,111.58149999999998,22.2,21.7,1015.0,2.1,230.0,
2016-06-29 07:00:00,111.7816,23.3,22.2,1015.7,1.5,170.0,6.0
2016-06-29 08:00:00,110.82130000000001,25.0,23.9,1016.2,3.1,190.0,
2016-06-29 09:00:00,112.3017,27.8,24.4,1016.3,2.1,220.0,
2016-06-29 10:00:00,119.66310000000001,28.9,22.8,1016.5,2.1,210.0,4.0
2016-06-29 11:00:00,108.90100000000001,31.1,23.3,1016.2,0.0,0.0,4.0
2016-06-29 12:00:00,110.10130000000001,31.1,21.7,1015.8,1.5,,4.0
2016-06-29 13:00:00,111.5015,32.2,22.2,1015.2,2.1,220.0,6.0
2016-06-29 14:00:00,113.1018,32.8,21.7,1014.4,3.1,190.0,
2016-06-29 15:00:00,124.8241,31.7,21.7,1014.7,8.8,260.0,
2016-06-29 16:00:00,113.82199999999997,28.3,23.9,1014.4,4.1,360.0,
2016-06-29 17:00:00,104.02,26.1,23.3,1014.7,3.1,190.0,
2016-06-29 18:00:00,108.6609,27.8,23.9,1014.7,3.1,180.0,
2016-06-29 19:00:00,109.1411,26.7,23.9,1015.3,3.1,180.0,8.0
2016-06-29 20:00:00,108.90100000000001,26.1,22.8,1016.0,0.0,0.0,
2016-06-29 21:00:00,108.2209,25.6,22.8,1016.6,3.1,170.0,
2016-06-29 22:00:00,109.141,25.6,23.3,1016.6,0.0,0.0,
2016-06-29 23:00:00,110.9014,25.0,23.3,1017.1,2.1,180.0,
2016-06-30 00:00:00,110.78139999999999,25.6,22.8,1016.6,2.1,210.0,
2016-06-30 01:00:00,110.7013,24.4,22.8,1015.8,2.6,180.0,4.0
2016-06-30 02:00:00,113.02179999999998,23.9,22.8,1015.3,1.5,200.0,2.0
2016-06-30 03:00:00,115.4222,23.9,22.8,1014.9,2.1,210.0,2.0
2016-06-30 04:00:00,113.74199999999999,23.9,22.8,1015.1,1.5,180.0,4.0
2016-06-30 05:00:00,114.66210000000001,23.9,22.8,1015.6,0.0,0.0,2.0
2016-06-30 06:00:00,114.102,23.9,22.2,1016.1,2.1,220.0,4.0
2016-06-30 07:00:00,113.62190000000001,25.0,22.8,1016.3,2.1,210.0,4.0
2016-06-30 08:00:00,109.58109999999999,27.2,22.2,1016.7,2.6,230.0,4.0
2016-06-30 09:00:00,107.5808,28.3,22.2,1017.0,0.0,0.0,4.0
2016-06-30 10:00:00,109.7012,29.4,22.2,1017.0,2.1,180.0,4.0
2016-06-30 11:00:00,111.5015,31.1,23.3,1016.8,2.6,150.0,4.0
2016-06-30 12:00:00,111.10139999999998,31.7,22.8,1016.4,1.5,,4.0
2016-06-30 13:00:00,112.1816,31.7,22.2,1015.8,3.1,190.0,6.0
2016-06-30 14:00:00,114.7821,33.3,22.8,1015.5,1.5,170.0,4.0
2016-06-30 15:00:00,111.9416,33.3,21.7,1014.8,3.1,170.0,
2016-06-30 16:00:00,121.5835,27.8,23.9,1015.3,7.2,220.0,
2016-06-30 17:00:00,108.6609,27.2,24.0,1015.6,5.1,160.0,
2016-06-30 18:00:00,105.78039999999999,26.7,23.9,1016.5,4.1,20.0,
2016-06-30 19:00:00,102.5798,24.4,22.8,1017.3,6.2,30.0,6.0
2016-06-30 20:00:00,104.02,25.0,22.8,1017.5,1.5,310.0,
2016-06-30 21:00:00,103.78,24.4,22.8,1017.2,2.6,120.0,
2016-06-30 22:00:00,107.5808,24.4,23.3,1017.3,2.1,160.0,
2016-06-30 23:00:00,109.7011,25.0,23.3,1017.3,2.1,180.0,
2016-07-01 00:00:00,111.7416,25.0,23.3,1017.2,2.1,170.0,
2016-07-01 01:00:00,113.94200000000001,24.4,22.2,1016.7,2.1,150.0,8.0
2016-07-01 02:00:00,114.46209999999999,24.4,22.8,1016.1,2.1,150.0,
2016-07-01 03:00:00,113.3819,24.4,22.8,1016.2,0.0,0.0,4.0
2016-07-01 04:00:00,111.0214,24.4,23.3,1016.0,1.5,150.0,2.0
2016-07-01 05:00:00,111.7015,23.9,22.8,1016.1,2.1,210.0,2.0
2016-07-01 06:00:00,113.58189999999998,23.9,22.8,1016.8,1.5,170.0,4.0
2016-07-01 07:00:00,109.301,25.6,23.9,1017.3,3.1,210.0,4.0
2016-07-01 08:00:00,112.5418,27.2,23.3,1018.0,2.6,220.0,4.0
2016-07-01 09:00:00,122.62369999999999,28.9,23.3,1018.3,3.1,240.0,
2016-07-01 10:00:00,110.4213,30.6,22.8,1017.8,4.1,210.0,
2016-07-01 11:00:00,110.2613,31.1,22.2,1017.9,2.6,,
2016-07-01 12:00:00,112.54169999999999,31.7,22.2,1017.3,3.1,260.0,4.0
2016-07-01 13:00:00,113.02179999999998,32.8,21.7,1016.9,3.1,250.0,6.0
2016-07-01 14:00:00,113.4219,32.8,21.1,1016.2,3.1,290.0,
2016-07-01 15:00:00,114.1421,25.0,22.8,1016.7,4.1,100.0,
2016-07-01 16:00:00,112.38159999999999,26.1,22.2,1016.4,4.1,300.0,
2016-07-01 17:00:00,107.6608,24.4,22.8,1017.3,2.6,300.0,
2016-07-01 18:00:00,106.9806,26.7,23.9,1018.0,3.1,80.0,
2016-07-01 19:00:00,105.4204,25.6,23.3,1018.5,2.6,80.0,6.0
2016-07-01 20:00:00,105.6204,25.0,23.3,1018.5,3.6,110.0,
2016-07-01 21:00:00,107.9408,24.4,23.3,1018.5,3.1,140.0,
2016-07-01 22:00:00,108.621,25.0,23.3,1018.3,0.0,0.0,
2016-07-01 23:00:00,111.1014,25.0,23.9,1018.6,2.6,150.0,
2016-07-02 00:00:00,112.5017,24.4,23.3,1018.5,2.1,160.0,
2016-07-02 01:00:00,113.2218,24.4,23.3,1018.2,1.5,200.0,6.0
2016-07-02 02:00:00,115.6623,23.9,22.8,1017.4,2.1,190.0,
2016-07-02 03:00:00,114.66210000000001,23.9,22.8,1017.1,0.0,0.0,
2016-07-02 04:00:00,112.62180000000001,23.9,22.8,1017.0,0.0,0.0,4.0
2016-07-02 05:00:00,115.22220000000002,23.9,22.8,1017.3,0.0,0.0,4.0
2016-07-02 06:00:00,116.0224,23.9,22.8,1017.7,0.0,0.0,2.0
2016-07-02 07:00:00,115.6223,25.0,23.3,1018.3,1.5,160.0,4.0
2016-07-02 08:00:00,109.0211,26.7,23.9,1019.3,1.5,190.0,
2016-07-02 09:00:00,107.5007,27.8,23.3,1019.5,0.0,0.0,
2016-07-02 10:00:00,108.981,29.4,24.4,1019.4,2.1,,
2016-07-02 11:00:00,109.261,30.6,23.3,1019.5,2.6,280.0,
2016-07-02 12:00:00,109.8212,31.1,23.3,1019.0,2.1,,
2016-07-02 13:00:00,111.3014,31.7,22.8,1018.5,0.0,0.0,6.0
2016-07-02 14:00:00,111.4615,32.2,22.8,1018.0,3.1,230.0,
2016-07-02 15:00:00,109.0211,24.4,22.8,1019.9,0.0,0.0,
2016-07-02 16:00:00,102.2997,24.4,21.7,1019.7,0.0,0.0,
2016-07-02 17:00:00,105.8604,24.4,22.8,1019.1,3.6,220.0,
2016-07-02 18:00:00,106.22050000000002,25.0,23.3,1018.9,2.1,170.0,
2016-07-02 19:00:00,106.4205,26.1,23.9,1018.5,2.6,270.0,6.0
2016-07-02 20:00:00,108.18090000000001,25.6,23.3,1018.3,1.5,280.0,
2016-07-02 21:00:00,110.3813,24.4,22.8,1019.1,2.1,160.0,
2016-07-02 22:00:00,111.98159999999999,24.4,23.3,1019.9,2.1,170.0,
2016-07-02 23:00:00,113.6619,24.4,22.8,1020.2,1.5,190.0,
2016-07-03 00:00:00,114.9822,23.9,22.8,1019.9,0.0,0.0,
2016-07-03 01:00:00,114.6221,23.9,22.8,1019.6,1.5,190.0,4.0
2016-07-03 02:00:00,111.8616,23.9,22.8,1019.4,1.5,180.0,4.0
2016-07-03 03:00:00,114.382,23.9,22.8,1019.3,1.5,180.0,2.0
2016-07-03 04:00:00,113.02179999999998,23.9,22.8,1019.0,0.0,0.0,4.0
2016-07-03 05:00:00,112.5017,23.9,22.8,1019.1,0.0,0.0,
2016-07-03 06:00:00,116.3025,23.9,22.8,1019.4,0.0,0.0,4.0
2016-07-03 07:00:00,111.4215,25.0,23.3,1019.8,0.0,0.0,4.0
2016-07-03 08:00:00,107.7808,26.7,23.3,1020.3,0.0,0.0,
2016-07-03 09:00:00,108.2209,28.3,23.9,1020.8,2.6,210.0,
2016-07-03 10:00:00,109.58109999999999,29.4,23.9,1021.0,2.6,220.0,4.0
2016-07-03 11:00:00,125.8243,31.1,23.3,1020.9,3.1,160.0,4.0
2016-07-03 12:00:00,108.3809,31.7,23.3,1020.6,3.6,210.0,
2016-07-03 13:00:00,109.9011,32.8,23.9,1020.5,3.1,,6.0
2016-07-03 14:00:00,110.8614,33.3,22.8,1019.7,3.1,240.0,
2016-07-03 15:00:00,112.58170000000001,32.8,22.8,1019.1,2.1,190.0,
2016-07-03 16:00:00,111.8616,31.7,23.3,1018.7,3.1,150.0,
2016-07-03 17:00:00,118.3029,32.2,23.9,1018.8,2.6,160.0,
2016-07-03 18:00:00,114.102,33.3,22.8,1018.8,3.6,180.0,
2016-07-03 19:00:00,110.18119999999999,30.6,23.3,1019.5,5.7,140.0,6.0
2016-07-03 20:00:00,109.0611,28.3,23.3,1019.3,3.1,120.0,
2016-07-03 21:00:00,108.2209,27.2,23.9,1019.7,1.5,190.0,4.0
2016-07-03 22:00:00,108.501,26.7,23.9,1020.4,2.6,170.0,
2016-07-03 23:00:00,109.7012,27.2,23.3,1020.7,1.5,200.0,
2016-07-04 00:00:00,111.0214,26.7,24.4,1020.4,0.0,0.0,4.0
2016-07-04 01:00:00,110.7013,26.1,23.9,1019.9,1.5,160.0,2.0
2016-07-04 02:00:00,109.5011,26.1,23.9,1019.6,2.6,150.0,4.0
2016-07-04 03:00:00,110.46130000000001,25.6,23.9,1019.2,2.1,150.0,2.0
2016-07-04 04:00:00,112.7818,25.0,23.9,1019.2,0.0,0.0,2.0
2016-07-04 05:00:00,111.2615,25.0,23.3,1019.9,0.0,0.0,2.0
2016-07-04 06:00:00,113.3819,25.6,23.3,1020.3,0.0,0.0,2.0
2016-07-04 07:00:00,110.6614,26.7,24.4,1020.8,0.0,0.0,2.0
2016-07-04 08:00:00,109.62110000000001,28.3,23.3,1021.1,1.5,210.0,2.0
2016-07-04 09:00:00,109.6611,30.6,24.4,1021.5,2.1,170.0,2.0
2016-07-04 10:00:00,111.5815,31.1,23.9,1021.8,2.1,,2.0
2016-07-04 11:00:00,112.58170000000001,32.8,23.3,1021.8,2.1,230.0,4.0
2016-07-04 12:00:00,112.7818,33.3,23.3,1021.5,0.0,0.0,4.0
2016-07-04 13:00:00,113.0618,33.3,23.3,1020.7,1.5,190.0,6.0
2016-07-04 14:00:00,113.1018,33.9,23.3,1020.2,2.1,,
2016-07-04 15:00:00,106.82060000000001,34.4,22.2,1019.8,3.6,200.0,
2016-07-04 16:00:00,93.1379,33.3,22.8,1019.1,3.6,200.0,
2016-07-04 17:00:00,92.9779,33.9,22.8,1018.7,4.1,170.0,
2016-07-04 18:00:00,91.7778,32.8,22.8,1018.7,2.6,160.0,
2016-07-04 19:00:00,91.6577,30.6,24.4,1019.0,5.7,150.0,6.0
2016-07-04 20:00:00,91.13759999999999,28.3,22.8,1019.4,3.1,190.0,
2016-07-04 21:00:00,90.25739999999999,27.8,23.9,1020.1,1.5,150.0,4.0
2016-07-04 22:00:00,89.8973,27.8,24.4,1021.1,2.1,180.0,
2016-07-04 23:00:00,94.4983,28.3,23.9,1021.3,4.6,190.0,
2016-07-05 00:00:00,93.298,27.8,24.4,1020.9,2.6,210.0,
2016-07-05 01:00:00,94.4582,27.2,25.0,1020.2,1.5,220.0,4.0
2016-07-05 02:00:00,93.97819999999999,27.2,25.0,1019.5,0.0,0.0,
2016-07-05 03:00:00,93.018,27.2,25.0,1019.1,1.5,310.0,
2016-07-05 04:00:00,92.0977,26.1,25.0,1019.8,2.1,190.0,
2016-07-05 05:00:00,93.6581,25.6,23.9,1020.0,3.1,190.0,
2016-07-05 06:00:00,92.5778,25.6,22.2,1020.3,1.5,190.0,
2016-07-05 07:00:00,91.49770000000001,26.7,22.8,1020.8,2.1,190.0,4.0
2016-07-05 08:00:00,93.3781,28.9,22.8,1021.2,1.5,180.0,
2016-07-05 09:00:00,66.9329,30.0,23.9,1021.5,2.6,240.0,
2016-07-05 10:00:00,91.8977,31.1,24.4,1021.6,2.6,,
2016-07-05 11:00:00,94.37819999999999,32.2,24.4,1021.4,2.6,170.0,
2016-07-05 12:00:00,114.5821,32.2,23.9,1021.2,3.1,,
2016-07-05 13:00:00,114.7821,33.9,23.9,1020.9,3.1,230.0,6.0
2016-07-05 14:00:00,101.61959999999999,34.4,22.2,1020.1,2.6,210.0,
2016-07-05 15:00:00,94.21809999999999,34.4,22.8,1019.2,3.1,210.0,
2016-07-05 16:00:00,94.6983,33.9,21.7,1018.7,2.1,200.0,
2016-07-05 17:00:00,94.4982,35.0,22.2,1018.8,3.1,,
2016-07-05 18:00:00,94.25819999999999,33.9,22.2,1018.9,3.1,320.0,
2016-07-05 19:00:00,92.3779,33.3,22.8,1019.2,4.1,330.0,6.0
2016-07-05 20:00:00,103.25999999999999,31.1,24.4,1019.6,3.6,320.0,
2016-07-05 21:00:00,107.7808,31.1,23.9,1019.7,3.6,300.0,
2016-07-05 22:00:00,106.5005,28.3,25.6,1020.3,0.0,0.0,
2016-07-05 23:00:00,109.90119999999999,28.9,24.4,1020.5,1.5,30.0,
2016-07-06 00:00:00,110.8614,27.8,25.6,1020.7,1.5,130.0,4.0
2016-07-06 01:00:00,110.82130000000001,27.2,25.0,1020.2,3.1,170.0,2.0
2016-07-06 02:00:00,111.4216,27.2,25.0,1019.7,2.1,170.0,0.0
2016-07-06 03:00:00,110.78139999999999,26.7,25.0,1019.2,1.5,190.0,0.0
2016-07-06 04:00:00,109.7412,26.1,24.4,1019.2,1.5,170.0,0.0
2016-07-06 05:00:00,108.821,26.1,24.4,1019.6,0.0,0.0,0.0
2016-07-06 06:00:00,107.1807,26.1,24.4,1020.1,0.0,0.0,0.0
2016-07-06 07:00:00,109.101,27.2,24.4,1020.7,1.5,190.0,2.0
2016-07-06 08:00:00,110.7414,28.9,24.4,1021.2,2.1,220.0,2.0
2016-07-06 09:00:00,116.9025,30.0,24.4,1021.5,4.1,230.0,2.0
2016-07-06 10:00:00,115.10220000000001,31.1,24.4,1021.6,3.6,200.0,4.0
2016-07-06 11:00:00,107.2207,32.2,24.4,1021.4,1.5,,4.0
2016-07-06 12:00:00,106.22049999999999,33.3,24.4,1021.2,3.1,230.0,4.0
2016-07-06 13:00:00,109.5411,35.0,23.3,1020.4,3.1,,4.0
2016-07-06 14:00:00,111.06139999999999,34.4,23.3,1019.6,3.1,160.0,4.0
2016-07-06 15:00:00,111.10139999999998,34.4,23.3,1018.8,3.6,200.0,
2016-07-06 16:00:00,110.94139999999997,33.9,22.8,1018.0,2.6,160.0,
2016-07-06 17:00:00,111.4615,32.2,22.8,1018.0,4.1,320.0,
2016-07-06 18:00:00,112.9017,32.2,24.4,1017.9,0.0,0.0,
2016-07-06 19:00:00,109.18110000000001,31.1,23.9,1018.5,2.6,290.0,6.0
2016-07-06 20:00:00,109.061,30.6,22.2,1019.0,2.6,360.0,
2016-07-06 21:00:00,106.22050000000002,28.9,21.7,1019.3,4.1,310.0,
2016-07-06 22:00:00,106.5006,28.9,21.7,1020.2,3.6,90.0,
2016-07-06 23:00:00,108.781,29.4,23.3,1020.2,1.5,130.0,
2016-07-07 00:00:00,108.26089999999999,27.8,23.3,1019.8,2.1,170.0,4.0
2016-07-07 01:00:00,109.9012,27.8,23.9,1019.4,2.1,190.0,2.0
2016-07-07 02:00:00,110.18119999999999,27.2,23.9,1019.0,2.1,180.0,4.0
2016-07-07 03:00:00,109.2611,26.7,23.9,1018.2,4.1,170.0,2.0
2016-07-07 04:00:00,108.9011,26.7,23.9,1018.0,2.6,180.0,4.0
2016-07-07 05:00:00,109.8212,26.1,23.9,1017.5,3.1,170.0,2.0
2016-07-07 06:00:00,107.66069999999999,26.1,23.9,1018.4,2.6,180.0,2.0
2016-07-07 07:00:00,108.6209,27.2,23.9,1019.2,4.1,170.0,2.0
2016-07-07 08:00:00,108.981,28.9,24.4,1020.0,3.1,190.0,2.0
2016-07-07 09:00:00,107.42070000000001,30.6,24.4,1020.3,3.6,200.0,2.0
2016-07-07 10:00:00,108.981,31.7,24.4,1020.5,3.6,200.0,2.0
2016-07-07 11:00:00,108.3809,32.2,22.8,1020.6,3.6,220.0,4.0
2016-07-07 12:00:00,107.82079999999999,33.9,23.9,1020.2,4.6,200.0,4.0
2016-07-07 13:00:00,109.5011,34.4,22.2,1019.7,2.6,220.0,4.0
2016-07-07 14:00:00,112.14159999999998,34.4,22.8,1018.8,3.6,190.0,
2016-07-07 15:00:00,111.34149999999997,35.0,22.2,1018.4,5.1,140.0,
2016-07-07 16:00:00,111.1015,35.0,22.2,1018.0,4.1,190.0,
2016-07-07 17:00:00,111.7816,32.8,21.7,1017.8,2.6,180.0,
2016-07-07 18:00:00,111.54150000000001,32.2,20.6,1017.7,4.6,270.0,
2016-07-07 19:00:00,109.34110000000001,31.1,20.0,1017.9,4.1,290.0,6.0
2016-07-07 20:00:00,108.0208,30.0,21.1,1017.9,0.0,0.0,
2016-07-07 21:00:00,108.2209,29.4,21.7,1018.6,1.5,280.0,
2016-07-07 22:00:00,107.9009,28.3,22.8,1019.5,1.5,150.0,
2016-07-07 23:00:00,109.9812,28.3,23.3,1019.8,1.5,160.0,
2016-07-08 00:00:00,109.3011,28.3,22.8,1019.3,0.0,0.0,2.0
2016-07-08 01:00:00,108.70100000000001,27.2,23.3,1018.9,0.0,0.0,2.0
2016-07-08 02:00:00,109.14110000000001,27.2,23.9,1018.2,1.5,110.0,4.0
2016-07-08 03:00:00,108.781,25.6,23.9,1018.0,2.1,150.0,4.0
2016-07-08 04:00:00,108.58100000000002,25.6,24.4,1017.7,2.1,190.0,2.0
2016-07-08 05:00:00,109.14110000000001,25.6,23.9,1017.8,2.1,190.0,2.0
2016-07-08 06:00:00,108.701,26.1,24.4,1018.0,0.0,0.0,2.0
2016-07-08 07:00:00,108.6609,27.8,24.4,1018.6,2.1,300.0,2.0
2016-07-08 08:00:00,110.0613,30.0,23.9,1019.7,1.5,290.0,2.0
2016-07-08 09:00:00,108.1008,31.7,22.8,1019.9,2.1,290.0,2.0
2016-07-08 10:00:00,110.5013,32.8,22.2,1020.4,3.1,350.0,4.0
2016-07-08 11:00:00,110.2613,33.9,22.8,1020.3,3.1,350.0,2.0
2016-07-08 12:00:00,110.34129999999999,33.3,22.2,1019.9,1.5,260.0,4.0
2016-07-08 13:00:00,122.2236,35.6,22.2,1019.2,1.5,80.0,4.0
2016-07-08 14:00:00,131.78539999999998,35.0,20.6,1018.4,0.0,0.0,4.0
2016-07-08 15:00:00,132.8256,36.1,20.0,1017.4,2.6,,4.0
2016-07-08 16:00:00,132.8656,35.6,18.9,1017.2,0.0,0.0,4.0
2016-07-08 17:00:00,133.9859,34.4,20.6,1016.8,2.6,200.0,
2016-07-08 18:00:00,132.7056,32.8,22.2,1016.9,2.6,170.0,
2016-07-08 19:00:00,128.5448,32.2,22.2,1017.2,4.6,300.0,6.0
2016-07-08 20:00:00,126.3044,27.8,23.3,1018.2,5.1,80.0,
2016-07-08 21:00:00,117.3026,26.1,22.2,1018.6,5.1,150.0,
2016-07-08 22:00:00,120.10319999999999,27.2,22.2,1018.3,0.0,0.0,
2016-07-08 23:00:00,124.26400000000001,27.8,22.2,1018.4,2.1,280.0,
2016-07-09 00:00:00,124.424,27.8,22.8,1018.3,2.6,230.0,
2016-07-09 01:00:00,127.94470000000001,27.8,23.9,1018.1,2.6,250.0,8.0
2016-07-09 02:00:00,127.7047,27.2,23.9,1017.8,2.6,210.0,
2016-07-09 03:00:00,126.6644,26.7,23.9,1017.4,2.1,170.0,4.0
2016-07-09 04:00:00,127.82469999999999,26.7,23.9,1017.8,1.5,270.0,2.0
2016-07-09 05:00:00,132.0255,27.2,24.4,1018.2,2.1,310.0,2.0
2016-07-09 06:00:00,128.7849,26.7,24.4,1018.6,1.5,300.0,2.0
2016-07-09 07:00:00,129.38500000000002,28.3,24.4,1019.0,2.6,310.0,2.0
2016-07-09 08:00:00,128.7049,30.0,23.9,1019.2,4.1,360.0,2.0
2016-07-09 09:00:00,122.9037,30.6,23.9,1019.2,3.6,350.0,2.0
2016-07-09 10:00:00,125.26419999999999,32.2,22.8,1019.1,0.0,0.0,2.0
2016-07-09 11:00:00,125.86430000000001,33.3,22.2,1019.0,2.1,230.0,2.0
2016-07-09 12:00:00,127.8247,33.9,22.2,1018.6,2.1,280.0,4.0
2016-07-09 13:00:00,126.90450000000001,34.4,22.2,1018.1,0.0,0.0,4.0
2016-07-09 14:00:00,129.1449,33.9,21.7,1017.7,2.6,260.0,4.0
2016-07-09 15:00:00,131.6254,34.4,21.7,1016.8,2.6,160.0,4.0
2016-07-09 16:00:00,132.1055,35.6,22.2,1016.3,3.1,200.0,4.0
2016-07-09 17:00:00,131.5054,35.0,22.2,1015.7,3.6,160.0,4.0
2016-07-09 18:00:00,126.4644,32.8,21.7,1016.6,5.7,210.0,
2016-07-09 19:00:00,125.3442,28.3,21.1,1017.4,6.2,300.0,6.0
2016-07-09 20:00:00,122.74369999999999,27.8,22.8,1017.6,3.1,150.0,
2016-07-09 21:00:00,122.46360000000001,27.2,22.8,1017.9,0.0,0.0,
2016-07-09 22:00:00,123.82390000000001,27.8,22.2,1018.5,2.1,250.0,
2016-07-09 23:00:00,128.2647,26.7,22.8,1018.8,2.6,190.0,
2016-07-10 00:00:00,128.98490000000004,27.8,22.2,1018.5,1.5,210.0,
2016-07-10 01:00:00,128.5448,27.2,22.8,1017.8,2.1,260.0,8.0
2016-07-10 02:00:00,128.2248,26.7,21.7,1017.2,0.0,0.0,
2016-07-10 03:00:00,131.3854,26.1,22.2,1017.4,0.0,0.0,
2016-07-10 04:00:00,129.54500000000002,25.0,22.8,1017.3,1.5,240.0,4.0
2016-07-10 05:00:00,128.82479999999998,25.0,22.8,1017.7,1.5,200.0,2.0
2016-07-10 06:00:00,115.3423,25.6,23.3,1018.2,0.0,0.0,2.0
2016-07-10 07:00:00,122.2636,27.8,23.9,1018.6,0.0,0.0,2.0
2016-07-10 08:00:00,126.06439999999999,29.4,23.3,1019.3,1.5,300.0,2.0
2016-07-10 09:00:00,126.6644,31.1,22.8,1019.1,1.5,320.0,2.0
2016-07-10 10:00:00,123.6639,31.1,22.2,1019.0,0.0,0.0,2.0
2016-07-10 11:00:00,125.2642,32.2,22.8,1019.2,2.6,260.0,4.0
2016-07-10 12:00:00,122.58360000000002,32.8,22.8,1019.0,1.5,200.0,4.0
2016-07-10 13:00:00,124.464,33.3,22.8,1018.5,1.5,,4.0
2016-07-10 14:00:00,128.94490000000002,33.9,21.7,1018.0,2.1,230.0,4.0
2016-07-10 15:00:00,128.1848,30.6,22.8,1017.6,4.6,290.0,
2016-07-10 16:00:00,132.9056,27.0,19.0,1017.7,2.1,260.0,
2016-07-10 17:00:00,128.2247,28.3,21.7,1017.0,3.6,310.0,
2016-07-10 18:00:00,122.2236,28.9,22.2,1016.7,2.1,270.0,
2016-07-10 19:00:00,121.8235,28.3,23.3,1017.7,2.1,130.0,6.0
2016-07-10 20:00:00,122.74369999999999,27.8,22.8,1017.7,0.0,0.0,
2016-07-10 21:00:00,126.3844,27.2,23.3,1018.0,2.1,120.0,4.0
2016-07-10 22:00:00,128.8648,26.1,22.8,1018.5,0.0,0.0,4.0
2016-07-10 23:00:00,128.7449,26.7,22.8,1019.1,0.0,0.0,4.0
2016-07-11 00:00:00,129.0649,26.7,22.8,1019.0,2.1,130.0,2.0
2016-07-11 01:00:00,133.5858,26.1,23.3,1018.7,2.6,130.0,4.0
2016-07-11 02:00:00,130.5052,26.1,23.3,1018.6,1.5,130.0,4.0
2016-07-11 03:00:00,131.7854,26.1,23.3,1018.6,0.0,0.0,2.0
2016-07-11 04:00:00,133.6258,25.6,23.3,1018.9,0.0,0.0,4.0
2016-07-11 05:00:00,131.6654,25.0,23.3,1019.2,1.5,140.0,4.0
2016-07-11 06:00:00,133.5057,26.1,23.9,1019.6,0.0,0.0,2.0
2016-07-11 07:00:00,129.945,26.7,24.4,1020.1,1.5,140.0,4.0
2016-07-11 08:00:00,130.4252,28.3,23.9,1020.1,4.1,180.0,2.0
2016-07-11 09:00:00,126.3844,30.0,22.8,1020.2,4.1,170.0,2.0
2016-07-11 10:00:00,131.9855,31.1,22.8,1019.9,2.6,160.0,2.0
2016-07-11 11:00:00,125.7443,32.8,22.2,1020.0,4.1,160.0,4.0
2016-07-11 12:00:00,124.94409999999999,32.8,21.7,1020.2,3.1,140.0,
2016-07-11 13:00:00,127.8247,33.3,21.7,1019.6,0.0,0.0,4.0
2016-07-11 14:00:00,130.8653,35.0,21.1,1018.9,1.5,170.0,4.0
2016-07-11 15:00:00,129.0249,35.6,21.7,1018.0,3.1,90.0,4.0
2016-07-11 16:00:00,128.5848,34.4,21.1,1017.8,2.6,,4.0
2016-07-11 17:00:00,127.02449999999999,28.3,22.2,1019.2,5.7,120.0,
2016-07-11 18:00:00,125.38419999999999,28.3,22.2,1018.3,3.6,140.0,
2016-07-11 19:00:00,122.26350000000002,29.4,23.3,1017.6,3.1,110.0,6.0
2016-07-11 20:00:00,123.4238,27.8,23.9,1018.7,3.1,160.0,
2016-07-11 21:00:00,124.584,27.8,22.8,1019.3,3.1,120.0,
2016-07-11 22:00:00,127.2646,27.8,22.2,1019.8,4.1,110.0,
2016-07-11 23:00:00,128.7849,27.2,22.2,1019.9,3.1,120.0,
2016-07-12 00:00:00,132.9056,26.7,22.8,1019.8,2.1,210.0,
2016-07-12 01:00:00,130.4251,26.7,23.3,1019.2,2.1,110.0,8.0
2016-07-12 02:00:00,132.0255,25.6,23.3,1018.8,1.5,180.0,
2016-07-12 03:00:00,131.7054,26.1,23.3,1018.5,0.0,0.0,
2016-07-12 04:00:00,131.6254,25.6,23.3,1018.5,0.0,0.0,4.0
2016-07-12 05:00:00,135.1461,25.0,23.3,1018.7,0.0,0.0,4.0
2016-07-12 06:00:00,127.06450000000001,25.6,23.9,1019.0,0.0,0.0,4.0
2016-07-12 07:00:00,133.5058,26.7,24.4,1019.3,2.1,130.0,4.0
2016-07-12 08:00:00,130.62529999999998,28.3,25.0,1019.9,2.6,140.0,4.0
2016-07-12 09:00:00,122.7037,30.0,24.4,1020.2,2.6,210.0,4.0
2016-07-12 10:00:00,133.3057,31.1,22.2,1020.4,3.1,140.0,4.0
2016-07-12 11:00:00,126.9845,32.2,22.8,1020.4,3.1,130.0,4.0
2016-07-12 12:00:00,125.54420000000002,32.8,21.1,1020.3,0.0,0.0,4.0
2016-07-12 13:00:00,128.4648,34.4,21.1,1019.9,2.1,170.0,4.0
2016-07-12 14:00:00,129.54500000000002,34.4,21.7,1019.1,2.1,120.0,4.0
2016-07-12 15:00:00,130.3051,35.0,20.6,1018.2,0.0,0.0,4.0
2016-07-12 16:00:00,130.3452,34.4,20.6,1017.6,0.0,0.0,
2016-07-12 17:00:00,129.585,31.7,23.9,1018.1,7.2,120.0,
2016-07-12 18:00:00,128.06470000000002,27.8,19.4,1018.5,5.1,130.0,
2016-07-12 19:00:00,124.1839,28.3,23.3,1019.9,2.6,170.0,6.0
2016-07-12 20:00:00,123.50380000000001,27.2,20.6,1020.3,3.6,220.0,
2016-07-12 21:00:00,123.9439,26.7,21.7,1021.0,0.0,0.0,
2016-07-12 22:00:00,125.82430000000002,26.7,21.7,1020.8,0.0,0.0,
2016-07-12 23:00:00,126.9845,26.7,21.7,1020.5,2.1,320.0,
2016-07-13 00:00:00,132.2256,26.7,22.8,1020.0,0.0,0.0,
2016-07-13 01:00:00,129.625,26.7,22.2,1019.7,1.5,100.0,6.0
2016-07-13 02:00:00,129.465,25.6,22.8,1019.7,1.5,170.0,4.0
2016-07-13 03:00:00,131.4253,24.4,22.8,1019.6,1.5,160.0,4.0
2016-07-13 04:00:00,129.70499999999998,25.6,22.2,1019.5,1.5,110.0,0.0
2016-07-13 05:00:00,130.26510000000002,24.4,22.2,1019.5,0.0,0.0,4.0
2016-07-13 06:00:00,108.7809,25.6,22.8,1019.8,0.0,0.0,
2016-07-13 07:00:00,122.2636,27.2,23.3,1020.2,2.1,110.0,4.0
2016-07-13 08:00:00,131.3454,28.3,24.4,1020.6,2.1,180.0,2.0
2016-07-13 09:00:00,125.10419999999999,30.0,24.4,1021.1,1.5,,4.0
2016-07-13 10:00:00,124.9442,31.7,23.9,1021.2,0.0,0.0,4.0
2016-07-13 11:00:00,126.46430000000001,32.2,23.9,1021.2,3.1,180.0,4.0
2016-07-13 12:00:00,128.5048,33.3,23.3,1020.8,2.1,,4.0
2016-07-13 13:00:00,128.1448,33.9,22.2,1020.0,2.1,190.0,4.0
2016-07-13 14:00:00,127.8247,33.9,21.7,1019.2,0.0,0.0,
2016-07-13 15:00:00,116.9825,27.0,22.0,1019.3,4.1,80.0,
2016-07-13 16:00:00,121.9835,26.7,21.7,1019.3,4.1,120.0,
2016-07-13 17:00:00,124.424,26.1,22.2,1019.6,2.1,160.0,
2016-07-13 18:00:00,129.1449,25.6,21.1,1019.6,2.1,180.0,
2016-07-13 19:00:00,126.5043,25.6,21.1,1019.6,3.1,160.0,6.0
2016-07-13 20:00:00,128.4248,24.4,21.1,1019.6,0.0,0.0,
2016-07-13 21:00:00,131.8654,24.4,21.7,1020.1,1.5,200.0,
2016-07-13 22:00:00,129.345,25.0,21.1,1020.2,0.0,0.0,
2016-07-13 23:00:00,126.7444,23.9,21.7,1020.2,0.0,0.0,
2016-07-14 00:00:00,108.86099999999999,25.0,20.6,1020.3,0.0,0.0,
2016-07-14 01:00:00,107.54079999999999,23.9,21.1,1019.6,0.0,0.0,6.0
2016-07-14 02:00:00,110.0613,23.9,21.1,1019.4,1.5,290.0,
2016-07-14 03:00:00,111.06139999999999,24.4,21.1,1019.2,0.0,0.0,4.0
2016-07-14 04:00:00,109.8212,24.4,21.7,1018.9,0.0,0.0,
2016-07-14 05:00:00,110.9013,24.4,22.2,1018.9,1.5,110.0,
2016-07-14 06:00:00,112.26169999999999,23.9,21.7,1019.4,2.1,90.0,4.0
2016-07-14 07:00:00,111.3415,26.7,22.2,1020.0,2.1,100.0,2.0
2016-07-14 08:00:00,129.1849,27.8,23.3,1020.4,2.1,110.0,2.0
2016-07-14 09:00:00,126.9445,30.0,23.9,1020.2,3.1,120.0,2.0
2016-07-14 10:00:00,125.7843,31.1,22.8,1020.4,4.6,160.0,4.0
2016-07-14 11:00:00,125.58430000000001,31.7,21.1,1020.3,3.1,160.0,4.0
2016-07-14 12:00:00,124.424,33.3,21.7,1019.8,3.6,150.0,4.0
2016-07-14 13:00:00,127.3846,33.9,20.6,1019.1,3.1,160.0,4.0
2016-07-14 14:00:00,129.1049,34.4,20.6,1018.4,2.1,,
2016-07-14 15:00:00,127.18449999999999,32.2,22.2,1017.6,6.7,130.0,
2016-07-14 16:00:00,128.98489999999998,33.3,20.6,1017.3,3.1,110.0,
2016-07-14 17:00:00,128.98489999999998,33.3,22.0,1017.8,11.8,180.0,
2016-07-14 18:00:00,125.26409999999998,26.1,21.7,1018.2,4.1,130.0,
2016-07-14 19:00:00,110.4613,26.7,21.7,1017.8,2.6,140.0,6.0
2016-07-14 20:00:00,110.98140000000001,27.2,21.7,1018.3,0.0,0.0,4.0
2016-07-14 21:00:00,122.1435,26.1,22.2,1018.4,2.1,110.0,2.0
2016-07-14 22:00:00,130.1851,25.6,22.8,1019.0,1.5,190.0,2.0
2016-07-14 23:00:00,131.2253,26.1,22.8,1019.5,1.5,270.0,2.0
2016-07-15 00:00:00,132.1054,25.0,22.8,1019.3,1.5,160.0,2.0
2016-07-15 01:00:00,134.2259,25.0,22.8,1018.8,2.1,150.0,2.0
2016-07-15 02:00:00,131.5054,25.0,22.8,1018.6,0.0,0.0,0.0
2016-07-15 03:00:00,133.3057,25.6,23.3,1018.3,0.0,0.0,2.0
2016-07-15 04:00:00,125.9443,25.0,23.3,1018.2,1.5,170.0,2.0
2016-07-15 05:00:00,128.2647,24.4,23.3,1017.9,2.1,140.0,2.0
2016-07-15 06:00:00,129.9451,24.4,23.3,1018.0,0.0,0.0,2.0
2016-07-15 07:00:00,133.5858,26.1,23.9,1018.5,2.1,160.0,2.0
2016-07-15 08:00:00,131.02530000000002,27.8,23.9,1019.2,2.6,150.0,2.0
2016-07-15 09:00:00,124.9841,30.0,22.8,1019.3,5.1,150.0,2.0
2016-07-15 10:00:00,126.78450000000001,31.1,21.7,1019.6,3.6,170.0,2.0
2016-07-15 11:00:00,124.86410000000001,32.2,21.1,1019.8,2.6,,4.0
2016-07-15 12:00:00,125.6242,32.8,19.4,1019.1,2.1,,4.0
2016-07-15 13:00:00,126.26429999999999,33.3,20.0,1018.4,5.1,160.0,4.0
2016-07-15 14:00:00,126.5044,34.4,20.0,1017.5,2.1,,4.0
2016-07-15 15:00:00,124.34389999999999,33.3,20.6,1016.1,2.1,200.0,2.0
2016-07-15 16:00:00,129.505,33.9,20.6,1016.1,2.6,210.0,4.0
2016-07-15 17:00:00,126.34440000000001,33.3,22.2,1015.9,4.6,130.0,
2016-07-15 18:00:00,126.18430000000001,30.6,22.8,1016.8,3.6,140.0,
2016-07-15 19:00:00,125.54419999999999,26.7,22.8,1018.4,6.2,200.0,6.0
2016-07-15 20:00:00,122.90370000000001,25.6,22.8,1017.9,1.5,190.0,
2016-07-15 21:00:00,127.1845,25.0,22.2,1018.8,2.6,280.0,
2016-07-15 22:00:00,123.2238,26.1,22.8,1019.2,1.5,340.0,
2016-07-15 23:00:00,107.6608,26.1,22.8,1018.8,1.5,90.0,
2016-07-16 00:00:00,112.7017,25.0,22.8,1018.8,1.5,120.0,
2016-07-16 01:00:00,112.10159999999999,26.1,22.8,1018.3,3.6,130.0,8.0
2016-07-16 02:00:00,109.101,25.6,22.8,1018.0,1.5,120.0,
2016-07-16 03:00:00,111.82159999999999,25.6,22.8,1017.5,1.5,120.0,4.0
2016-07-16 04:00:00,112.62169999999998,25.0,23.3,1017.8,2.1,110.0,4.0
2016-07-16 05:00:00,108.3409,25.0,23.3,1017.9,1.5,110.0,4.0
2016-07-16 06:00:00,113.2218,25.0,23.3,1018.3,2.6,100.0,4.0
2016-07-16 07:00:00,117.7827,26.1,23.3,1018.8,3.6,150.0,2.0
2016-07-16 08:00:00,132.9056,28.3,23.9,1019.3,3.1,170.0,2.0
2016-07-16 09:00:00,126.2244,30.0,23.3,1019.8,4.6,140.0,4.0
2016-07-16 10:00:00,125.9443,30.6,22.2,1020.1,1.5,,4.0
2016-07-16 11:00:00,125.0641,32.2,21.7,1020.2,3.1,170.0,4.0
2016-07-16 12:00:00,125.98429999999999,32.8,21.1,1019.7,3.6,190.0,
2016-07-16 13:00:00,122.5436,33.3,20.6,1019.3,4.1,180.0,6.0
2016-07-16 14:00:00,124.82410000000002,35.6,20.6,1018.6,7.7,120.0,
2016-07-16 15:00:00,125.0641,33.9,21.7,1017.8,5.1,100.0,
2016-07-16 16:00:00,124.9041,33.9,21.7,1017.5,5.1,120.0,
2016-07-16 17:00:00,122.5436,32.8,21.7,1017.8,5.7,100.0,
2016-07-16 18:00:00,124.9841,32.2,21.7,1018.4,4.6,120.0,
2016-07-16 19:00:00,125.26409999999998,30.6,22.2,1019.0,3.6,130.0,6.0
2016-07-16 20:00:00,124.7441,26.7,21.7,,9.3,230.0,
2016-07-16 21:00:00,126.94449999999999,24.4,22.8,1020.7,0.0,0.0,
2016-07-16 22:00:00,131.5854,25.0,22.8,1020.7,1.5,80.0,
2016-07-16 23:00:00,129.0249,25.6,23.3,1020.7,1.5,70.0,
2016-07-17 00:00:00,133.3857,25.6,22.8,1020.5,0.0,0.0,
2016-07-17 01:00:00,131.4253,25.6,22.8,1020.4,0.0,0.0,6.0
2016-07-17 02:00:00,134.786,25.6,22.8,1019.9,0.0,0.0,2.0
2016-07-17 03:00:00,125.6243,25.0,23.3,1019.8,0.0,0.0,2.0
2016-07-17 04:00:00,125.3442,25.6,23.3,1019.8,2.1,360.0,2.0
2016-07-17 05:00:00,120.7433,25.6,23.3,1020.3,2.1,350.0,2.0
2016-07-17 06:00:00,117.7027,25.6,23.3,1020.7,2.1,340.0,2.0
2016-07-17 07:00:00,128.2247,27.2,24.4,1021.0,2.6,70.0,2.0
2016-07-17 08:00:00,129.54500000000002,28.3,25.0,1021.4,2.1,90.0,2.0
2016-07-17 09:00:00,127.34450000000001,28.9,23.9,1021.9,2.1,,
2016-07-17 10:00:00,124.304,31.1,23.3,1022.1,3.1,,
2016-07-17 11:00:00,126.8644,32.2,22.8,1022.0,1.5,,
2016-07-17 12:00:00,129.3449,31.7,22.8,1021.7,4.1,110.0,
2016-07-17 13:00:00,119.9431,30.0,23.9,1022.0,4.1,30.0,6.0
2016-07-17 14:00:00,126.14429999999999,33.3,22.8,1021.0,3.6,100.0,
2016-07-17 15:00:00,141.98739999999998,27.8,21.7,1020.9,2.1,240.0,
2016-07-17 16:00:00,128.0247,31.1,24.4,1019.8,4.1,170.0,
2016-07-17 17:00:00,127.50460000000001,33.3,22.8,1020.0,6.7,90.0,4.0
2016-07-17 18:00:00,124.38399999999999,31.7,22.2,1020.6,6.2,110.0,4.0
2016-07-17 19:00:00,123.54379999999999,30.0,23.3,1021.7,5.1,110.0,4.0
2016-07-17 20:00:00,125.6643,28.9,23.9,1022.1,4.1,100.0,4.0
2016-07-17 21:00:00,126.22430000000001,27.8,23.9,1022.6,3.6,80.0,4.0
2016-07-17 22:00:00,128.1447,27.2,23.9,1023.2,3.6,80.0,
2016-07-17 23:00:00,131.8254,27.2,23.9,1023.0,3.1,100.0,
2016-07-18 00:00:00,130.6252,26.7,23.9,1022.9,2.1,90.0,
2016-07-18 01:00:00,127.8247,26.7,23.9,1022.6,2.1,120.0,4.0
2016-07-18 02:00:00,129.9451,26.1,23.9,1021.9,2.1,110.0,2.0
2016-07-18 03:00:00,131.9054,26.1,23.9,1021.5,0.0,0.0,2.0
2016-07-18 04:00:00,130.3852,25.6,23.9,1021.2,2.1,80.0,2.0
2016-07-18 05:00:00,133.26569999999998,26.1,23.9,1021.4,2.6,70.0,
2016-07-18 06:00:00,129.505,26.1,23.9,1021.5,2.1,70.0,
2016-07-18 07:00:00,132.1455,26.7,24.4,1021.9,2.6,90.0,4.0
2016-07-18 08:00:00,130.1852,29.4,24.4,1022.4,4.1,120.0,
2016-07-18 09:00:00,124.9442,30.6,23.9,1022.9,5.1,110.0,
2016-07-18 10:00:00,127.8646,31.7,23.3,1023.2,3.6,100.0,
2016-07-18 11:00:00,126.2643,30.6,22.2,1023.4,1.5,,
2016-07-18 12:00:00,126.7045,33.3,21.7,1023.0,4.6,60.0,
2016-07-18 13:00:00,126.82450000000003,33.3,23.3,1022.4,6.2,30.0,6.0
2016-07-18 14:00:00,126.42439999999999,31.1,21.1,1022.4,6.2,50.0,
2016-07-18 15:00:00,129.9851,33.9,22.8,1021.5,5.1,40.0,
2016-07-18 16:00:00,128.7849,23.9,20.0,1022.7,6.7,210.0,
2016-07-18 17:00:00,130.2252,29.4,22.2,1021.5,4.1,90.0,
2016-07-18 18:00:00,127.4245,30.0,23.9,1020.3,5.1,90.0,4.0
2016-07-18 19:00:00,126.34440000000001,29.4,22.8,1021.0,4.1,90.0,2.0
2016-07-18 20:00:00,128.3047,28.3,21.7,1021.1,3.6,60.0,2.0
2016-07-18 21:00:00,125.1842,27.2,22.8,1021.6,3.6,50.0,2.0
2016-07-18 22:00:00,127.02450000000002,26.7,22.8,1022.3,2.6,20.0,2.0
2016-07-18 23:00:00,131.7454,26.7,23.3,1022.5,2.6,30.0,2.0
2016-07-19 00:00:00,130.2651,26.7,23.9,1022.1,3.1,20.0,2.0
2016-07-19 01:00:00,132.4256,26.1,23.9,1021.7,2.1,50.0,2.0
2016-07-19 02:00:00,128.0247,25.6,23.3,1021.3,1.5,100.0,2.0
2016-07-19 03:00:00,122.70360000000001,25.0,23.3,1020.7,2.1,90.0,2.0
2016-07-19 04:00:00,114.9021,25.6,23.3,1020.7,1.5,80.0,2.0
2016-07-19 05:00:00,113.14179999999999,25.0,23.3,1020.7,0.0,0.0,2.0
2016-07-19 06:00:00,114.62209999999999,25.0,23.3,1021.4,2.1,350.0,2.0
2016-07-19 07:00:00,123.82390000000001,26.7,23.9,1021.5,3.6,10.0,2.0
2016-07-19 08:00:00,132.1055,28.9,23.9,1022.0,3.1,20.0,2.0
2016-07-19 09:00:00,99.25919999999999,30.0,23.9,1021.9,3.6,50.0,4.0
2016-07-19 10:00:00,126.26440000000002,31.7,22.8,1022.1,4.1,80.0,4.0
2016-07-19 11:00:00,126.58440000000002,32.8,21.7,1022.0,3.1,,4.0
2016-07-19 12:00:00,127.6646,28.9,22.2,1021.7,3.6,90.0,
2016-07-19 13:00:00,127.7846,26.7,23.3,1021.9,5.7,130.0,6.0
2016-07-19 14:00:00,127.0245,26.7,22.2,1021.6,0.0,0.0,
2016-07-19 15:00:00,125.6642,28.9,22.2,1021.2,2.6,40.0,
2016-07-19 16:00:00,125.14410000000001,27.8,21.7,1021.0,3.6,100.0,
2016-07-19 17:00:00,123.7839,25.0,22.8,1020.9,2.1,,
2016-07-19 18:00:00,125.54419999999999,25.6,22.8,1019.7,1.5,70.0,
2016-07-19 19:00:00,128.3047,26.1,22.2,1019.7,0.0,0.0,4.0
2016-07-19 20:00:00,129.865,26.1,22.8,1019.6,2.1,30.0,2.0
2016-07-19 21:00:00,125.98429999999999,26.1,23.3,1020.3,2.6,30.0,2.0
2016-07-19 22:00:00,129.0249,26.7,23.9,1020.8,2.1,60.0,2.0
2016-07-19 23:00:00,133.7058,26.1,23.9,1021.2,2.6,50.0,2.0
2016-07-20 00:00:00,130.9053,25.6,23.9,1020.9,1.5,90.0,
2016-07-20 01:00:00,136.9064,25.6,23.9,1020.4,0.0,0.0,6.0
2016-07-20 02:00:00,131.7854,25.0,23.9,1019.5,0.0,0.0,
2016-07-20 03:00:00,118.3829,25.0,23.3,1019.2,1.5,340.0,2.0
2016-07-20 04:00:00,114.18199999999999,23.9,22.8,1019.4,0.0,0.0,0.0
2016-07-20 05:00:00,112.82169999999999,25.0,23.3,1019.8,0.0,0.0,2.0
2016-07-20 06:00:00,110.38130000000001,25.0,23.9,1020.5,1.5,10.0,4.0
2016-07-20 07:00:00,124.98410000000001,26.1,24.4,1021.3,2.1,350.0,4.0
2016-07-20 08:00:00,133.7458,28.3,25.0,1021.4,2.1,50.0,4.0
2016-07-20 09:00:00,129.1849,30.0,24.4,1021.3,3.1,40.0,4.0
2016-07-20 10:00:00,130.3852,30.6,23.3,1021.6,2.6,70.0,4.0
2016-07-20 11:00:00,127.62460000000002,31.7,22.2,1021.1,4.1,60.0,4.0
2016-07-20 12:00:00,127.1046,33.3,22.2,1020.7,4.1,50.0,4.0
2016-07-20 13:00:00,131.18540000000002,33.9,22.2,1020.1,4.6,60.0,6.0
2016-07-20 14:00:00,129.9451,31.7,21.7,1019.4,6.2,90.0,
2016-07-20 15:00:00,131.2253,31.7,22.2,1019.7,7.2,110.0,
2016-07-20 16:00:00,131.02530000000002,30.6,21.7,1019.2,4.1,110.0,
2016-07-20 17:00:00,130.3452,32.2,23.3,1018.7,4.6,90.0,4.0
2016-07-20 18:00:00,128.9049,31.7,23.3,1018.8,4.1,110.0,2.0
2016-07-20 19:00:00,127.14450000000001,30.0,22.2,1018.8,4.1,110.0,2.0
2016-07-20 20:00:00,126.46440000000001,28.9,22.8,1019.2,3.1,90.0,2.0
2016-07-20 21:00:00,123.66380000000001,27.8,23.3,1019.7,3.6,100.0,2.0
2016-07-20 22:00:00,131.3454,27.2,23.3,1020.5,2.1,90.0,4.0
2016-07-20 23:00:00,130.4252,26.7,23.3,1020.4,2.1,90.0,
2016-07-21 00:00:00,130.5052,25.6,23.3,1020.2,0.0,0.0,
2016-07-21 01:00:00,134.0659,26.1,23.9,1019.7,0.0,0.0,6.0
2016-07-21 02:00:00,132.1455,25.6,23.9,1018.9,0.0,0.0,4.0
2016-07-21 03:00:00,135.8662,25.6,23.9,1018.8,2.6,10.0,4.0
2016-07-21 04:00:00,133.3057,25.6,23.9,1018.3,2.1,10.0,4.0
2016-07-21 05:00:00,133.86579999999998,25.6,23.9,1018.6,1.5,90.0,4.0
2016-07-21 06:00:00,124.064,25.6,23.9,1019.1,1.5,100.0,4.0
2016-07-21 07:00:00,127.62460000000002,27.2,24.4,1019.8,2.1,60.0,2.0
2016-07-21 08:00:00,133.1057,28.9,25.0,1020.3,3.6,50.0,2.0
2016-07-21 09:00:00,128.4648,29.4,24.4,1020.6,3.6,80.0,
2016-07-21 10:00:00,126.0643,31.7,23.9,1020.7,2.1,60.0,4.0
2016-07-21 11:00:00,127.74460000000002,31.7,22.8,1020.6,4.1,90.0,4.0
2016-07-21 12:00:00,125.86430000000001,33.3,22.8,1020.3,5.1,90.0,4.0
2016-07-21 13:00:00,130.1851,30.6,22.2,1020.0,4.6,60.0,6.0
2016-07-21 14:00:00,128.2248,32.2,22.8,1019.6,3.6,130.0,
2016-07-21 15:00:00,122.7836,24.4,20.6,,1.5,,
2016-07-21 16:00:00,128.7048,26.1,22.2,1018.9,1.5,220.0,
2016-07-21 17:00:00,124.344,28.3,22.8,1018.2,0.0,0.0,
2016-07-21 18:00:00,128.3048,28.3,22.8,1018.1,2.6,350.0,
2016-07-21 19:00:00,127.8246,28.3,23.3,1017.8,2.6,,6.0
2016-07-21 20:00:00,131.1453,27.8,23.9,1018.2,1.5,90.0,4.0
2016-07-21 21:00:00,132.5456,27.2,24.4,1018.8,2.1,70.0,2.0
2016-07-21 22:00:00,130.0651,25.6,23.9,1019.7,1.5,150.0,2.0
2016-07-21 23:00:00,133.6258,26.1,23.9,1020.3,0.0,0.0,4.0
2016-07-22 00:00:00,133.7458,26.1,23.9,1020.4,0.0,0.0,
2016-07-22 01:00:00,133.50580000000002,26.1,23.9,1019.8,0.0,0.0,4.0
2016-07-22 02:00:00,136.8264,26.1,23.9,1019.2,0.0,0.0,4.0
2016-07-22 03:00:00,133.9059,25.6,23.9,1018.4,0.0,0.0,4.0
2016-07-22 04:00:00,136.4663,25.6,23.9,1018.3,0.0,0.0,
2016-07-22 05:00:00,134.4259,25.0,23.3,1018.0,0.0,0.0,
2016-07-22 06:00:00,136.50639999999999,25.6,23.9,1018.2,0.0,0.0,
2016-07-22 07:00:00,132.94570000000002,27.2,24.4,1018.7,0.0,0.0,4.0
2016-07-22 08:00:00,134.786,27.8,24.4,1019.2,0.0,0.0,4.0
2016-07-22 09:00:00,126.0644,29.4,23.9,1019.2,0.0,0.0,4.0
2016-07-22 10:00:00,127.1445,30.6,22.2,1019.2,0.0,0.0,4.0
2016-07-22 11:00:00,127.6247,32.2,22.8,1019.2,2.1,360.0,4.0
2016-07-22 12:00:00,129.1849,32.8,22.2,1018.9,1.5,,4.0
2016-07-22 13:00:00,130.14509999999999,33.9,21.7,1018.5,2.1,,6.0
2016-07-22 14:00:00,127.4646,30.0,22.8,1017.6,7.7,80.0,
2016-07-22 15:00:00,128.5048,30.0,22.2,1017.1,4.6,130.0,
2016-07-22 16:00:00,127.18450000000001,31.1,21.7,1017.6,4.1,100.0,
2016-07-22 17:00:00,122.9437,30.6,22.2,1017.0,4.6,80.0,
2016-07-22 18:00:00,125.8243,29.4,22.8,1016.9,3.1,140.0,
2016-07-22 19:00:00,126.18430000000001,26.7,21.7,1018.0,8.8,210.0,8.0
2016-07-22 20:00:00,128.5849,24.4,21.1,1017.6,2.6,230.0,
2016-07-22 21:00:00,108.58089999999999,25.0,20.6,1017.5,0.0,0.0,4.0
2016-07-22 22:00:00,110.8614,24.4,20.6,1018.0,1.5,240.0,
2016-07-22 23:00:00,109.50110000000001,24.4,20.6,1017.8,0.0,0.0,
2016-07-23 00:00:00,110.7013,23.9,21.1,1017.7,2.6,180.0,
2016-07-23 01:00:00,113.70190000000001,23.3,21.1,1017.7,0.0,0.0,8.0
2016-07-23 02:00:00,113.26179999999997,23.3,21.7,1017.1,0.0,0.0,
2016-07-23 03:00:00,111.6215,22.8,21.1,1016.9,1.5,170.0,
2016-07-23 04:00:00,116.4225,23.3,21.7,1016.7,0.0,0.0,
2016-07-23 05:00:00,114.54209999999999,23.3,21.7,1016.4,0.0,0.0,4.0
2016-07-23 06:00:00,113.862,23.3,21.7,1016.3,0.0,0.0,4.0
2016-07-23 07:00:00,116.74260000000001,24.4,22.8,1016.8,1.5,170.0,4.0
2016-07-23 08:00:00,127.06450000000001,26.1,22.8,1017.1,0.0,0.0,4.0
2016-07-23 09:00:00,127.1846,27.8,21.7,1017.3,1.5,,
2016-07-23 10:00:00,126.34440000000002,30.0,20.6,1017.8,2.1,230.0,4.0
2016-07-23 11:00:00,125.14410000000001,31.1,21.1,1017.7,0.0,0.0,
2016-07-23 12:00:00,122.7037,31.1,21.1,1017.4,0.0,0.0,
2016-07-23 13:00:00,125.0241,32.8,20.6,1017.0,1.5,80.0,4.0
2016-07-23 14:00:00,123.9839,31.7,21.1,1016.3,1.5,190.0,4.0
2016-07-23 15:00:00,123.5439,33.3,20.6,1015.7,3.1,,
2016-07-23 16:00:00,124.14399999999999,32.8,20.6,1015.3,2.1,180.0,
2016-07-23 17:00:00,124.7441,33.3,20.6,1015.1,2.6,140.0,
2016-07-23 18:00:00,122.90370000000001,31.1,22.2,1014.9,6.7,120.0,
2016-07-23 19:00:00,125.7842,26.7,22.8,1015.9,5.7,160.0,6.0
2016-07-23 20:00:00,128.3048,26.1,21.1,1016.3,5.1,140.0,
2016-07-23 21:00:00,119.3431,26.1,21.1,1016.9,2.1,180.0,
2016-07-23 22:00:00,108.1009,25.0,22.8,1017.5,0.0,0.0,
2016-07-23 23:00:00,111.6215,25.0,22.2,1017.5,3.1,150.0,4.0
2016-07-24 00:00:00,117.3827,25.0,22.8,1017.6,0.0,0.0,2.0
2016-07-24 01:00:00,114.46209999999999,25.0,22.2,1017.4,2.1,120.0,2.0
2016-07-24 02:00:00,110.5413,25.0,22.8,1016.8,0.0,0.0,2.0
2016-07-24 03:00:00,112.42170000000002,25.0,22.8,1016.7,0.0,0.0,2.0
2016-07-24 04:00:00,113.5019,23.9,22.8,1016.6,0.0,0.0,2.0
2016-07-24 05:00:00,115.34219999999999,24.4,22.8,1016.8,0.0,0.0,2.0
2016-07-24 06:00:00,112.3417,24.4,22.8,1016.9,0.0,0.0,2.0
2016-07-24 07:00:00,113.2219,25.6,23.3,1017.1,0.0,0.0,2.0
2016-07-24 08:00:00,133.38580000000002,27.2,23.9,1017.9,2.1,170.0,2.0
2016-07-24 09:00:00,126.2243,28.9,22.8,1017.9,2.1,110.0,2.0
2016-07-24 10:00:00,123.66380000000001,30.0,22.8,1017.8,1.5,,2.0
2016-07-24 11:00:00,138.7467,32.2,21.1,1017.7,3.6,90.0,4.0
2016-07-24 12:00:00,126.3844,32.8,21.1,1017.6,1.5,,4.0
2016-07-24 13:00:00,123.8239,33.9,18.3,1016.9,2.6,,4.0
2016-07-24 14:00:00,127.10450000000002,33.9,19.4,1016.2,4.1,110.0,4.0
2016-07-24 15:00:00,126.8245,32.8,20.6,1015.8,6.2,120.0,4.0
2016-07-24 16:00:00,124.5441,32.2,20.6,1015.8,7.2,120.0,
2016-07-24 17:00:00,123.4238,30.6,22.2,1016.4,8.2,170.0,
2016-07-24 18:00:00,123.5039,30.0,21.1,1016.9,5.7,180.0,
2016-07-24 19:00:00,124.54409999999999,28.3,21.7,1017.4,4.1,180.0,6.0
2016-07-24 20:00:00,127.6246,26.1,21.1,1017.5,2.6,190.0,4.0
2016-07-24 21:00:00,127.9847,25.0,21.1,1017.8,2.6,150.0,2.0
2016-07-24 22:00:00,133.7458,24.4,21.1,1018.4,1.5,170.0,4.0
2016-07-24 23:00:00,117.74279999999999,24.4,21.1,1018.5,2.1,190.0,2.0
2016-07-25 00:00:00,111.0214,23.9,21.7,1018.5,1.5,150.0,2.0
2016-07-25 01:00:00,111.54150000000001,24.4,21.1,1018.1,1.5,160.0,2.0
2016-07-25 02:00:00,114.9022,23.9,21.7,1017.6,1.5,140.0,0.0
2016-07-25 03:00:00,110.66130000000001,23.9,21.7,1017.5,0.0,0.0,2.0
2016-07-25 04:00:00,113.46179999999998,23.9,21.7,1017.4,0.0,0.0,0.0
2016-07-25 05:00:00,115.66229999999999,23.9,21.7,1017.4,0.0,0.0,2.0
2016-07-25 06:00:00,112.1816,23.3,21.7,1017.8,1.5,130.0,2.0
2016-07-25 07:00:00,114.02199999999999,25.0,23.3,1018.2,1.5,120.0,2.0
2016-07-25 08:00:00,129.7451,27.2,22.2,1018.8,0.0,0.0,2.0
2016-07-25 09:00:00,128.18470000000002,28.9,21.7,1019.1,2.6,150.0,2.0
2016-07-25 10:00:00,126.18430000000001,30.0,21.1,1019.0,3.1,200.0,4.0
2016-07-25 11:00:00,123.6639,30.6,21.7,1018.8,3.1,170.0,4.0
2016-07-25 12:00:00,124.9841,32.2,21.1,1018.3,3.1,160.0,4.0
2016-07-25 13:00:00,125.8243,32.2,20.0,1017.7,3.1,150.0,6.0
2016-07-25 14:00:00,125.30420000000001,32.2,20.6,1017.2,4.1,190.0,4.0
2016-07-25 15:00:00,128.66479999999999,32.8,21.1,1016.5,3.1,140.0,
2016-07-25 16:00:00,129.4649,32.8,21.1,1016.2,3.1,160.0,
2016-07-25 17:00:00,126.50440000000003,33.3,18.9,1015.9,4.6,150.0,4.0
2016-07-25 18:00:00,128.02470000000002,32.8,19.4,1016.6,3.1,,
2016-07-25 19:00:00,126.1444,28.9,21.7,1016.7,4.6,150.0,2.0
2016-07-25 20:00:00,127.8247,28.3,22.2,1017.3,4.6,150.0,2.0
2016-07-25 21:00:00,132.5456,27.2,22.8,1018.1,3.6,200.0,2.0
2016-07-25 22:00:00,129.66500000000002,26.7,21.7,1018.3,3.1,220.0,2.0
2016-07-25 23:00:00,131.4253,25.6,22.2,1018.5,1.5,170.0,0.0
2016-07-26 00:00:00,137.9066,25.6,22.2,1018.8,0.0,0.0,2.0
2016-07-26 01:00:00,131.8254,25.6,22.2,1018.8,0.0,0.0,2.0
2016-07-26 02:00:00,134.3059,25.0,22.8,1018.1,0.0,0.0,2.0
2016-07-26 03:00:00,128.6248,25.0,22.8,1018.1,0.0,0.0,2.0
2016-07-26 04:00:00,114.8222,24.4,22.8,1018.1,0.0,0.0,2.0
2016-07-26 05:00:00,128.6248,25.0,22.8,1018.2,1.5,160.0,2.0
2016-07-26 06:00:00,118.1028,24.4,22.8,1018.4,0.0,0.0,2.0
2016-07-26 07:00:00,125.6642,26.1,23.3,1018.7,0.0,0.0,2.0
2016-07-26 08:00:00,136.94650000000001,28.3,22.8,1019.1,1.5,120.0,2.0
2016-07-26 09:00:00,139.0668,30.6,21.7,1019.1,3.6,100.0,2.0
2016-07-26 10:00:00,124.82410000000002,31.1,22.2,1019.2,3.6,140.0,4.0
2016-07-26 11:00:00,124.584,31.7,22.8,1019.2,3.1,210.0,4.0
2016-07-26 12:00:00,125.3442,32.2,22.2,1018.9,0.0,0.0,4.0
2016-07-26 13:00:00,128.06470000000002,33.3,21.7,1018.3,3.1,120.0,4.0
2016-07-26 14:00:00,129.3449,33.9,21.7,1017.5,3.6,160.0,4.0
2016-07-26 15:00:00,132.34550000000002,34.4,21.7,1017.1,2.6,,
2016-07-26 16:00:00,131.3853,34.4,21.1,1016.3,3.1,170.0,4.0
2016-07-26 17:00:00,125.22409999999999,34.4,20.6,1016.1,3.1,160.0,4.0
2016-07-26 18:00:00,124.9442,31.7,23.3,1016.2,5.7,160.0,
2016-07-26 19:00:00,127.18450000000001,30.6,23.3,1016.8,3.6,160.0,4.0
2016-07-26 20:00:00,125.4642,29.4,23.3,1017.3,3.6,140.0,2.0
2016-07-26 21:00:00,123.78389999999999,28.9,22.8,1017.9,3.6,120.0,2.0
2016-07-26 22:00:00,127.3446,27.8,23.3,1018.4,3.1,140.0,2.0
2016-07-26 23:00:00,129.385,27.2,22.8,1018.8,2.6,150.0,2.0
2016-07-27 00:00:00,131.14530000000002,26.7,23.3,1018.9,1.5,170.0,2.0
2016-07-27 01:00:00,133.98590000000002,26.7,23.3,1018.8,2.6,200.0,4.0
2016-07-27 02:00:00,131.90550000000002,26.1,22.8,1018.5,2.1,170.0,4.0
2016-07-27 03:00:00,130.5052,25.6,22.8,1018.2,1.5,180.0,2.0
2016-07-27 04:00:00,132.4256,25.6,23.3,1018.1,2.1,160.0,2.0
2016-07-27 05:00:00,131.4654,25.6,23.3,1018.2,0.0,0.0,2.0
2016-07-27 06:00:00,130.5051,25.0,23.3,1018.4,0.0,0.0,2.0
2016-07-27 07:00:00,135.0261,26.7,24.4,1018.7,1.5,170.0,0.0
2016-07-27 08:00:00,129.1049,28.9,23.9,1019.3,3.1,160.0,0.0
2016-07-27 09:00:00,125.0241,30.0,23.9,1019.7,2.1,150.0,4.0
2016-07-27 10:00:00,124.6241,31.1,23.3,1019.2,2.1,150.0,2.0
2016-07-27 11:00:00,125.9043,32.2,22.2,1019.2,2.1,190.0,4.0
2016-07-27 12:00:00,128.82489999999999,33.3,21.1,1019.0,3.6,170.0,4.0
2016-07-27 13:00:00,132.4655,34.4,20.0,1018.2,2.1,,2.0
2016-07-27 14:00:00,131.8654,34.4,20.0,1017.4,1.5,,2.0
2016-07-27 15:00:00,130.86520000000002,34.4,20.6,1017.0,5.1,190.0,4.0
2016-07-27 16:00:00,130.7052,35.6,20.0,1016.5,2.6,160.0,4.0
2016-07-27 17:00:00,129.625,34.4,18.9,1016.2,2.6,180.0,2.0
2016-07-27 18:00:00,130.3452,34.4,19.4,1016.2,2.1,120.0,2.0
2016-07-27 19:00:00,130.0251,31.7,22.8,1016.6,4.6,130.0,4.0
2016-07-27 20:00:00,125.9443,30.0,22.8,1016.9,4.1,130.0,4.0
2016-07-27 21:00:00,123.82400000000001,28.9,22.8,1017.6,4.1,130.0,4.0
2016-07-27 22:00:00,123.94390000000001,27.8,22.8,1018.2,2.6,130.0,4.0
2016-07-27 23:00:00,124.70400000000001,27.2,22.8,1018.3,3.6,140.0,
2016-07-28 00:00:00,129.1449,26.7,23.3,1018.2,2.1,150.0,4.0
2016-07-28 01:00:00,128.22480000000002,27.2,23.9,1018.3,3.1,210.0,6.0
2016-07-28 02:00:00,131.62539999999998,26.1,23.9,1018.0,2.1,180.0,4.0
2016-07-28 03:00:00,130.7453,26.1,23.9,1017.6,0.0,0.0,2.0
2016-07-28 04:00:00,129.865,26.1,23.9,1017.7,0.0,0.0,0.0
2016-07-28 05:00:00,128.94490000000002,25.6,23.9,1017.9,1.5,160.0,0.0
2016-07-28 06:00:00,131.2653,25.0,23.9,1018.1,2.1,160.0,2.0
2016-07-28 07:00:00,133.1057,26.1,24.4,1018.3,2.6,160.0,2.0
2016-07-28 08:00:00,127.90469999999999,28.9,23.3,1018.7,2.6,190.0,0.0
2016-07-28 09:00:00,127.4646,30.6,22.8,1018.5,4.1,200.0,2.0
2016-07-28 10:00:00,126.3043,31.7,21.7,1018.6,4.6,210.0,2.0
2016-07-28 11:00:00,127.90469999999999,32.8,21.1,1018.3,3.6,230.0,2.0
2016-07-28 12:00:00,130.7853,33.3,20.6,1017.9,2.6,200.0,2.0
2016-07-28 13:00:00,130.3851,33.9,21.1,1017.3,4.6,170.0,2.0
2016-07-28 14:00:00,129.465,35.6,21.1,1016.7,4.6,140.0,2.0
2016-07-28 15:00:00,130.7852,35.0,20.6,1016.4,1.5,,4.0
2016-07-28 16:00:00,128.26479999999998,35.0,18.9,1015.9,0.0,0.0,4.0
2016-07-28 17:00:00,129.4649,35.0,20.0,1015.7,4.6,180.0,4.0
2016-07-28 18:00:00,129.865,34.4,19.4,1015.7,3.6,160.0,4.0
2016-07-28 19:00:00,126.58440000000002,31.7,21.1,1015.8,2.6,170.0,4.0
2016-07-28 20:00:00,124.424,30.6,23.3,1016.2,4.1,120.0,4.0
2016-07-28 21:00:00,125.0241,28.9,23.3,1016.9,3.6,160.0,0.0
2016-07-28 22:00:00,125.2642,28.3,22.2,1017.6,3.1,150.0,2.0
2016-07-28 23:00:00,124.70410000000001,27.8,22.2,1017.6,4.1,160.0,2.0
2016-07-29 00:00:00,128.5448,27.8,21.7,1018.2,2.1,290.0,4.0
2016-07-29 01:00:00,131.1453,26.7,22.2,1017.5,1.5,140.0,2.0
2016-07-29 02:00:00,130.42520000000002,26.1,22.8,1016.8,0.0,0.0,2.0
2016-07-29 03:00:00,128.1047,26.1,23.3,1016.7,0.0,0.0,2.0
2016-07-29 04:00:00,133.4258,25.0,23.3,1016.8,1.5,140.0,2.0
2016-07-29 05:00:00,130.2651,25.0,23.9,1016.9,1.5,160.0,0.0
2016-07-29 06:00:00,127.1445,25.6,23.9,1017.3,0.0,0.0,4.0
2016-07-29 07:00:00,127.6247,26.1,24.4,1017.7,1.5,160.0,2.0
2016-07-29 08:00:00,130.3851,28.3,24.4,1017.8,2.1,230.0,2.0
2016-07-29 09:00:00,130.9453,30.6,23.9,1018.0,0.0,0.0,2.0
2016-07-29 10:00:00,132.7856,32.2,23.3,1017.8,2.1,250.0,2.0
2016-07-29 11:00:00,127.6246,34.4,21.7,1017.4,1.5,,4.0
2016-07-29 12:00:00,128.26479999999998,34.4,21.7,1017.0,2.1,,4.0
2016-07-29 13:00:00,128.98489999999998,36.1,20.6,1016.8,3.6,130.0,4.0
2016-07-29 14:00:00,128.9848,32.8,22.2,1016.2,3.6,340.0,
2016-07-29 15:00:00,126.02430000000003,26.1,22.2,1016.7,2.1,330.0,
2016-07-29 16:00:00,122.30359999999999,26.7,23.9,1017.2,4.1,80.0,
2016-07-29 17:00:00,120.82329999999999,25.6,23.3,1016.8,3.6,120.0,
2016-07-29 18:00:00,123.7439,25.0,22.8,1017.5,1.5,130.0,
2016-07-29 19:00:00,126.7045,25.0,23.3,1017.0,4.6,160.0,6.0
2016-07-29 20:00:00,127.2645,25.6,23.9,1016.7,0.0,0.0,
2016-07-29 21:00:00,129.905,25.0,23.3,1017.0,1.5,,
2016-07-29 22:00:00,125.94430000000003,25.0,23.3,1017.5,0.0,0.0,
2016-07-29 23:00:00,111.5815,25.0,23.3,1017.4,0.0,0.0,
2016-07-30 00:00:00,109.3811,25.0,23.3,1017.2,0.0,0.0,
2016-07-30 01:00:00,114.8221,23.9,23.3,1017.1,2.1,150.0,4.0
2016-07-30 02:00:00,115.2622,24.4,23.3,1016.6,0.0,0.0,
2016-07-30 03:00:00,117.2226,23.9,23.3,1016.4,0.0,0.0,
2016-07-30 04:00:00,111.82159999999999,24.4,23.3,1016.2,0.0,0.0,4.0
2016-07-30 05:00:00,112.98179999999999,24.4,23.3,1016.3,0.0,0.0,2.0
2016-07-30 06:00:00,110.5814,24.4,23.3,1017.2,0.0,0.0,2.0
2016-07-30 07:00:00,113.4219,26.1,24.4,1017.6,0.0,0.0,2.0
2016-07-30 08:00:00,127.9447,27.2,25.0,1018.2,2.1,190.0,2.0
2016-07-30 09:00:00,126.7444,29.4,24.4,1018.3,1.5,,2.0
2016-07-30 10:00:00,123.4638,30.6,23.9,1018.4,1.5,,4.0
2016-07-30 11:00:00,129.265,32.8,23.3,1018.1,2.1,350.0,4.0
2016-07-30 12:00:00,128.1448,32.8,23.9,1017.8,3.1,130.0,4.0
2016-07-30 13:00:00,122.3437,33.3,22.2,1017.2,2.6,100.0,4.0
2016-07-30 14:00:00,127.14450000000001,33.9,22.2,1016.6,2.6,110.0,4.0
2016-07-30 15:00:00,128.66479999999999,32.2,23.3,1015.9,6.2,310.0,4.0
2016-07-30 16:00:00,127.46459999999999,32.2,23.3,1015.5,6.7,310.0,
2016-07-30 17:00:00,119.5031,30.0,22.8,1016.0,4.1,350.0,
2016-07-30 18:00:00,120.18310000000002,28.3,22.8,1016.7,3.1,350.0,
2016-07-30 19:00:00,120.9033,27.8,22.2,1017.2,2.1,120.0,6.0
2016-07-30 20:00:00,125.66420000000002,27.2,22.2,1017.7,3.1,120.0,
2016-07-30 21:00:00,128.3047,25.6,21.1,1017.8,2.6,150.0,
2016-07-30 22:00:00,127.7447,25.0,21.7,1018.6,0.0,0.0,
2016-07-30 23:00:00,131.0652,25.6,22.8,1018.8,0.0,0.0,
2016-07-31 00:00:00,119.02289999999999,24.4,22.8,1017.9,1.5,140.0,4.0
2016-07-31 01:00:00,117.9828,25.0,22.8,1017.5,1.5,140.0,2.0
2016-07-31 02:00:00,116.3425,24.4,22.8,1016.8,1.5,180.0,0.0
2016-07-31 03:00:00,112.6617,24.4,22.8,1016.7,1.5,150.0,0.0
2016-07-31 04:00:00,114.5821,24.4,22.8,1016.5,0.0,0.0,0.0
2016-07-31 05:00:00,112.78179999999998,23.9,22.8,1016.9,0.0,0.0,2.0
2016-07-31 06:00:00,113.78190000000001,23.9,22.8,1017.5,0.0,0.0,2.0
2016-07-31 07:00:00,112.3416,25.6,23.9,1018.0,0.0,0.0,2.0
2016-07-31 08:00:00,128.2247,27.8,23.9,1018.6,2.1,150.0,2.0
2016-07-31 09:00:00,133.5858,29.4,22.8,1019.1,3.1,170.0,2.0
2016-07-31 10:00:00,124.9441,31.1,22.8,1019.0,1.5,,2.0
2016-07-31 11:00:00,125.5443,30.6,21.7,1019.4,1.5,200.0,4.0
2016-07-31 12:00:00,126.10430000000001,32.2,21.1,1019.0,3.1,120.0,
2016-07-31 13:00:00,125.3042,32.2,22.2,1018.5,4.1,150.0,6.0
2016-07-31 14:00:00,124.1039,32.2,22.8,1018.0,3.1,100.0,
2016-07-31 15:00:00,125.42419999999998,32.8,22.2,1017.5,3.1,140.0,
2016-07-31 16:00:00,128.2248,32.8,20.6,1016.8,4.6,150.0,
2016-07-31 17:00:00,132.3856,32.8,21.7,1016.5,5.1,140.0,4.0
2016-07-31 18:00:00,121.62339999999999,31.7,22.8,1017.1,6.2,140.0,4.0
2016-07-31 19:00:00,120.9433,30.0,22.8,1017.8,5.1,150.0,2.0
2016-07-31 20:00:00,124.9841,28.9,22.2,1018.4,3.1,140.0,2.0
2016-07-31 21:00:00,124.1439,27.2,21.7,1019.2,3.1,160.0,2.0
2016-07-31 22:00:00,129.625,26.1,20.6,1020.5,2.6,200.0,2.0
2016-07-31 23:00:00,128.8648,24.4,20.6,1020.4,3.1,150.0,0.0
2016-08-01 00:00:00,112.1016,23.9,21.1,1020.4,2.1,180.0,0.0
2016-08-01 01:00:00,109.6611,24.4,21.1,1020.1,1.5,160.0,4.0
2016-08-01 02:00:00,109.4211,23.9,21.7,1019.9,0.0,0.0,2.0
2016-08-01 03:00:00,109.1411,23.3,21.7,1019.5,0.0,0.0,0.0
2016-08-01 04:00:00,110.0212,23.9,21.7,1019.3,1.5,110.0,4.0
2016-08-01 05:00:00,111.26150000000001,24.4,22.2,1019.3,2.1,110.0,4.0
2016-08-01 06:00:00,110.62129999999998,23.9,21.7,1019.4,1.5,140.0,4.0
2016-08-01 07:00:00,112.7818,25.6,22.2,1019.6,2.1,120.0,4.0
2016-08-01 08:00:00,120.3433,27.8,23.3,1020.0,2.1,190.0,4.0
2016-08-01 09:00:00,125.7442,30.0,23.9,1020.4,4.1,170.0,4.0
2016-08-01 10:00:00,124.94409999999999,30.0,22.8,1020.6,3.1,150.0,4.0
2016-08-01 11:00:00,125.38409999999999,31.7,22.2,1020.6,2.1,130.0,4.0
2016-08-01 12:00:00,125.98429999999999,32.8,21.7,1020.6,2.6,70.0,4.0
2016-08-01 13:00:00,125.3842,33.9,20.6,1019.9,4.1,80.0,4.0
2016-08-01 14:00:00,129.0249,34.4,21.1,1019.4,3.1,100.0,4.0
2016-08-01 15:00:00,129.785,35.0,21.1,1018.7,5.1,110.0,
2016-08-01 16:00:00,130.4252,32.8,20.6,1018.6,6.2,100.0,
2016-08-01 17:00:00,129.1849,32.2,21.1,1018.5,6.2,100.0,
2016-08-01 18:00:00,127.06450000000002,31.1,21.7,1018.6,3.6,110.0,
2016-08-01 19:00:00,125.1842,30.0,22.2,1019.0,3.6,100.0,6.0
2016-08-01 20:00:00,124.10400000000001,28.9,22.2,1019.1,3.1,90.0,
2016-08-01 21:00:00,127.66470000000001,27.2,22.8,1019.7,4.1,100.0,2.0
2016-08-01 22:00:00,130.2251,26.7,22.8,1020.2,2.6,120.0,2.0
2016-08-01 23:00:00,128.10469999999998,26.7,23.3,1020.3,1.5,120.0,2.0
2016-08-02 00:00:00,133.9459,26.1,23.3,1020.0,2.6,140.0,2.0
2016-08-02 01:00:00,131.2253,25.6,23.3,1019.3,2.1,150.0,4.0
2016-08-02 02:00:00,132.2655,25.6,23.3,1018.6,0.0,0.0,0.0
2016-08-02 03:00:00,132.3856,25.6,22.8,1018.4,0.0,0.0,0.0
2016-08-02 04:00:00,119.263,25.0,23.3,1018.6,2.6,130.0,0.0
2016-08-02 05:00:00,116.70249999999999,25.0,22.8,1018.8,2.1,100.0,2.0
2016-08-02 06:00:00,108.6209,25.0,23.3,1019.5,0.0,0.0,4.0
2016-08-02 07:00:00,117.62270000000001,26.1,23.3,1019.9,1.5,90.0,4.0
2016-08-02 08:00:00,138.1067,27.8,23.9,1020.4,3.1,140.0,4.0
2016-08-02 09:00:00,103.86,28.9,23.9,1020.1,1.5,,4.0
2016-08-02 10:00:00,124.1839,31.1,23.3,1020.0,1.5,240.0,4.0
2016-08-02 11:00:00,125.5042,31.1,22.2,1020.0,0.0,0.0,4.0
2016-08-02 12:00:00,127.46459999999999,32.8,22.2,1019.5,2.6,250.0,4.0
2016-08-02 13:00:00,128.82479999999998,33.3,21.7,1018.6,0.0,0.0,4.0
2016-08-02 14:00:00,128.2248,35.0,22.2,1017.7,3.6,110.0,
2016-08-02 15:00:00,124.5841,30.6,23.3,1017.6,7.7,120.0,
2016-08-02 16:00:00,124.464,28.9,23.9,1017.0,2.6,100.0,
2016-08-02 17:00:00,126.0243,31.1,24.4,1016.7,2.6,120.0,
2016-08-02 18:00:00,125.8243,30.0,23.9,1016.9,4.1,150.0,
2016-08-02 19:00:00,126.8244,29.4,22.8,1017.1,2.1,140.0,6.0
2016-08-02 20:00:00,109.221,27.8,21.7,1017.4,4.1,70.0,
2016-08-02 21:00:00,127.4245,27.8,22.2,1017.9,0.0,0.0,
2016-08-02 22:00:00,130.8653,27.2,22.2,1017.9,2.1,230.0,4.0
2016-08-02 23:00:00,131.8255,25.0,22.2,1018.0,1.5,200.0,2.0
2016-08-03 00:00:00,131.8654,25.0,22.8,1018.1,2.1,200.0,2.0
2016-08-03 01:00:00,130.8252,25.6,22.8,1017.5,2.1,220.0,2.0
2016-08-03 02:00:00,133.98590000000002,25.0,22.2,1017.2,1.5,180.0,2.0
2016-08-03 03:00:00,132.4255,25.0,22.2,1016.7,1.5,200.0,2.0
2016-08-03 04:00:00,132.3856,24.4,22.8,1016.2,1.5,170.0,0.0
2016-08-03 05:00:00,114.18209999999999,24.4,22.8,1016.1,0.0,0.0,2.0
2016-08-03 06:00:00,113.62190000000001,24.4,22.8,1016.4,0.0,0.0,
2016-08-03 07:00:00,117.9828,25.6,22.8,1016.4,1.5,290.0,4.0
2016-08-03 08:00:00,132.1455,27.2,22.8,1017.0,1.5,280.0,2.0
2016-08-03 09:00:00,129.6651,28.3,22.8,1017.4,2.1,240.0,2.0
2016-08-03 10:00:00,127.3846,30.0,22.2,1017.7,1.5,,4.0
2016-08-03 11:00:00,125.58420000000001,30.6,22.8,1018.0,3.1,150.0,
2016-08-03 12:00:00,126.8644,30.6,22.8,1017.5,3.6,190.0,
2016-08-03 13:00:00,127.10450000000002,32.2,22.2,1016.7,3.1,,6.0
2016-08-03 14:00:00,125.6642,31.7,22.2,1016.1,1.5,170.0,
2016-08-03 15:00:00,124.9041,27.8,22.8,1016.0,4.6,20.0,
2016-08-03 16:00:00,128.5448,30.6,22.8,1014.8,4.1,70.0,
2016-08-03 17:00:00,129.0249,31.1,23.3,1014.9,6.2,120.0,
2016-08-03 18:00:00,129.785,29.4,21.7,1014.9,4.1,150.0,
2016-08-03 19:00:00,128.9849,28.3,21.7,1015.5,1.5,150.0,6.0
2016-08-03 20:00:00,127.7846,26.7,21.7,1016.1,4.1,180.0,
2016-08-03 21:00:00,128.7048,26.1,22.2,1016.3,2.6,190.0,2.0
2016-08-03 22:00:00,133.0257,25.0,22.2,1016.6,2.1,180.0,4.0
2016-08-03 23:00:00,131.5454,25.0,22.2,1016.7,2.6,180.0,4.0
2016-08-04 00:00:00,122.94380000000001,24.4,22.2,1016.1,2.6,160.0,4.0
2016-08-04 01:00:00,131.3854,24.4,22.8,1015.6,2.6,180.0,4.0
2016-08-04 02:00:00,129.505,23.9,22.8,1015.4,2.1,170.0,2.0
2016-08-04 03:00:00,134.4659,23.9,22.8,1014.9,3.6,180.0,2.0
2016-08-04 04:00:00,133.38569999999999,23.9,22.2,1015.1,2.1,180.0,0.0
2016-08-04 05:00:00,132.7056,23.9,22.2,1015.5,1.5,180.0,2.0
2016-08-04 06:00:00,130.0251,23.3,22.2,1015.9,1.5,150.0,4.0
2016-08-04 07:00:00,124.304,25.0,22.8,1016.4,2.1,170.0,4.0
2016-08-04 08:00:00,133.50580000000002,27.2,22.8,1016.7,2.6,190.0,4.0
2016-08-04 09:00:00,129.745,29.4,22.8,1016.9,3.6,200.0,4.0
2016-08-04 10:00:00,129.265,30.6,23.3,1017.5,4.1,200.0,4.0
2016-08-04 11:00:00,128.5448,31.7,22.2,1016.8,4.1,190.0,4.0
2016-08-04 12:00:00,129.0249,31.1,21.7,1016.4,3.1,200.0,
2016-08-04 13:00:00,128.5448,25.0,23.3,1017.6,7.7,220.0,8.0
2016-08-04 14:00:00,124.1439,25.0,23.9,1017.1,1.5,90.0,
2016-08-04 15:00:00,131.9855,26.1,23.9,1017.1,4.1,140.0,
2016-08-04 16:00:00,132.5056,25.6,23.3,1016.8,3.6,180.0,
2016-08-04 17:00:00,126.2244,26.1,23.3,1015.9,3.6,160.0,
2016-08-04 18:00:00,130.42520000000002,25.6,23.3,1015.9,4.1,160.0,
2016-08-04 19:00:00,128.5848,25.6,23.3,1016.1,1.5,210.0,6.0
2016-08-04 20:00:00,130.1851,25.6,22.8,1016.0,1.5,280.0,
2016-08-04 21:00:00,133.1457,25.6,23.3,1016.4,0.0,0.0,
2016-08-04 22:00:00,133.0656,24.4,22.8,1016.9,1.5,160.0,4.0
2016-08-04 23:00:00,130.8252,24.4,23.3,1017.0,1.5,150.0,4.0
2016-08-05 00:00:00,118.34280000000001,24.4,22.8,1017.0,0.0,0.0,4.0
2016-08-05 01:00:00,116.9426,23.9,22.8,1016.7,0.0,0.0,2.0
2016-08-05 02:00:00,123.46379999999999,23.3,22.8,1015.9,1.5,150.0,4.0
2016-08-05 03:00:00,124.184,23.9,22.8,1015.5,0.0,0.0,2.0
2016-08-05 04:00:00,127.8646,23.9,22.8,1015.7,2.1,200.0,2.0
2016-08-05 05:00:00,129.385,23.9,22.8,1016.1,2.1,160.0,2.0
2016-08-05 06:00:00,118.6229,23.9,22.8,1016.7,2.1,190.0,2.0
2016-08-05 07:00:00,127.0645,25.0,23.9,1016.9,1.5,180.0,2.0
2016-08-05 08:00:00,136.3463,26.7,23.9,1016.9,3.1,180.0,2.0
2016-08-05 09:00:00,129.425,28.9,23.3,1017.0,4.6,180.0,4.0
2016-08-05 10:00:00,129.825,30.0,21.7,1017.2,5.7,190.0,4.0
2016-08-05 11:00:00,127.94470000000001,31.1,22.2,1017.3,3.6,180.0,4.0
2016-08-05 12:00:00,128.06470000000002,31.7,21.1,1016.8,4.6,190.0,4.0
2016-08-05 13:00:00,133.86579999999998,32.8,21.7,1016.3,4.6,180.0,6.0
2016-08-05 14:00:00,131.3853,33.3,21.1,1015.6,6.2,180.0,4.0
2016-08-05 15:00:00,127.9447,33.3,20.6,1015.4,4.1,190.0,
2016-08-05 16:00:00,129.345,29.4,22.2,1015.6,9.3,270.0,
2016-08-05 17:00:00,125.0241,27.8,22.2,1015.8,4.6,270.0,
2016-08-05 18:00:00,127.3846,27.2,23.3,1015.1,3.1,280.0,
2016-08-05 19:00:00,125.9443,26.7,22.2,1015.7,2.6,280.0,6.0
2016-08-05 20:00:00,125.1041,26.1,22.2,1015.8,0.0,0.0,
2016-08-05 21:00:00,128.6248,25.0,22.8,1016.4,1.5,150.0,
2016-08-05 22:00:00,131.4654,25.6,22.2,1016.5,0.0,0.0,
2016-08-05 23:00:00,126.34440000000001,25.6,22.2,1016.6,0.0,0.0,
2016-08-06 00:00:00,127.8647,25.0,22.8,1016.4,0.0,0.0,
2016-08-06 01:00:00,135.1861,24.4,22.8,1016.1,2.1,170.0,6.0
2016-08-06 02:00:00,126.70439999999999,24.4,22.8,1015.7,0.0,0.0,
2016-08-06 03:00:00,135.62619999999998,24.4,22.8,1015.4,0.0,0.0,
2016-08-06 04:00:00,126.4644,24.4,22.8,1015.2,0.0,0.0,
2016-08-06 05:00:00,113.78200000000001,24.4,22.8,1015.3,1.5,170.0,
2016-08-06 06:00:00,117.5427,24.4,22.8,1015.7,1.5,200.0,
2016-08-06 07:00:00,126.8245,25.0,23.9,1016.2,2.6,180.0,8.0
2016-08-06 08:00:00,133.0257,26.7,23.9,1016.3,4.1,180.0,
2016-08-06 09:00:00,130.54520000000002,28.3,23.3,1016.4,3.6,200.0,
2016-08-06 10:00:00,127.4646,30.6,23.9,1016.2,5.1,200.0,
2016-08-06 11:00:00,127.3045,31.1,22.8,1016.0,6.7,190.0,
2016-08-06 12:00:00,125.7442,32.2,22.8,1015.7,5.1,220.0,
2016-08-06 13:00:00,128.6648,31.7,22.2,1015.5,6.2,220.0,8.0
2016-08-06 14:00:00,126.9045,31.7,21.1,1014.7,5.7,200.0,
2016-08-06 15:00:00,126.8244,31.7,22.2,1014.5,4.1,250.0,
2016-08-06 16:00:00,127.7847,31.1,22.2,1014.5,4.6,250.0,
2016-08-06 17:00:00,130.1851,28.3,20.6,1014.9,5.7,260.0,
2016-08-06 18:00:00,127.5446,27.2,21.7,1014.6,4.6,280.0,
2016-08-06 19:00:00,135.4261,26.7,21.7,1014.4,1.5,300.0,6.0
2016-08-06 20:00:00,125.6243,26.1,21.7,1014.5,0.0,0.0,
2016-08-06 21:00:00,123.3038,25.0,22.2,1015.0,2.1,130.0,
2016-08-06 22:00:00,119.023,24.4,22.2,1015.6,2.1,150.0,
2016-08-06 23:00:00,116.8225,24.4,22.2,1015.2,1.5,150.0,
2016-08-07 00:00:00,115.3022,23.9,22.2,1015.2,1.5,160.0,
2016-08-07 01:00:00,123.1438,24.4,22.8,1014.8,2.6,160.0,8.0
2016-08-07 02:00:00,125.5042,25.0,23.3,1014.3,3.1,170.0,
2016-08-07 03:00:00,136.8664,25.0,23.3,1014.0,3.6,180.0,
2016-08-07 04:00:00,132.5456,24.4,23.3,1014.0,3.1,170.0,
2016-08-07 05:00:00,131.3454,24.4,23.3,1014.2,3.1,170.0,
2016-08-07 06:00:00,134.746,25.0,23.3,1014.5,3.1,180.0,
2016-08-07 07:00:00,132.5456,26.1,23.9,1014.8,4.6,180.0,6.0
2016-08-07 08:00:00,132.2655,26.7,24.4,1014.9,4.1,190.0,
2016-08-07 09:00:00,128.6649,27.8,24.4,1015.0,5.1,180.0,
2016-08-07 10:00:00,126.86449999999999,30.6,23.3,1014.4,7.7,210.0,
2016-08-07 11:00:00,125.6242,32.2,22.2,1014.6,7.2,220.0,
2016-08-07 12:00:00,128.06470000000002,25.6,22.2,1015.4,5.7,250.0,
2016-08-07 13:00:00,122.02350000000001,24.4,22.8,1015.8,4.6,190.0,8.0
2016-08-07 14:00:00,126.86449999999999,25.6,22.2,1015.1,4.6,200.0,
2016-08-07 15:00:00,126.1444,27.2,22.8,1014.3,3.6,220.0,
2016-08-07 16:00:00,128.82489999999999,29.4,22.2,1013.9,6.7,250.0,
2016-08-07 17:00:00,123.62389999999999,28.9,21.1,1013.1,5.1,220.0,
2016-08-07 18:00:00,129.2249,28.3,21.7,1013.4,5.7,230.0,
2016-08-07 19:00:00,129.1449,27.2,20.6,1013.9,5.1,210.0,6.0
2016-08-07 20:00:00,135.2661,26.1,20.6,1014.9,4.6,180.0,
2016-08-07 21:00:00,126.70439999999999,26.1,21.7,1014.9,6.7,160.0,
2016-08-07 22:00:00,130.9052,25.6,21.1,1014.4,4.1,170.0,
2016-08-07 23:00:00,109.9011,25.0,21.7,1014.6,3.6,200.0,
2016-08-08 00:00:00,112.6617,23.9,21.7,1014.6,3.1,160.0,4.0
2016-08-08 01:00:00,111.4215,23.9,21.7,1014.5,2.6,160.0,6.0
2016-08-08 02:00:00,114.78209999999999,24.4,22.2,1014.2,3.6,170.0,
2016-08-08 03:00:00,111.6215,23.9,22.2,1013.9,2.6,170.0,
2016-08-08 04:00:00,112.9018,23.9,21.7,1013.7,3.6,190.0,
2016-08-08 05:00:00,117.1827,24.4,22.2,1014.0,3.1,180.0,
2016-08-08 06:00:00,120.42320000000001,24.4,22.8,1014.4,1.5,190.0,
2016-08-08 07:00:00,131.9054,24.4,22.8,1014.8,2.6,170.0,6.0
2016-08-08 08:00:00,133.5857,25.6,22.8,1015.5,3.1,170.0,
2016-08-08 09:00:00,133.7458,26.7,23.3,1015.5,3.6,170.0,
2016-08-08 10:00:00,135.46609999999998,28.3,23.9,1015.2,4.6,190.0,
2016-08-08 11:00:00,139.867,25.0,22.8,1015.3,3.6,260.0,
2016-08-08 12:00:00,129.905,24.4,22.8,1015.8,2.1,250.0,
2016-08-08 13:00:00,128.3447,25.0,23.3,1015.9,4.1,170.0,6.0
2016-08-08 14:00:00,134.0659,25.0,23.3,1015.2,3.6,160.0,
2016-08-08 15:00:00,132.1455,25.6,23.3,1014.7,6.2,140.0,
2016-08-08 16:00:00,131.3454,26.7,23.3,1014.8,4.6,160.0,
2016-08-08 17:00:00,129.3049,26.1,22.8,1014.9,4.1,150.0,
2016-08-08 18:00:00,132.1055,26.7,22.8,1014.6,6.2,170.0,
2016-08-08 19:00:00,131.66539999999998,25.0,22.2,1014.7,4.6,160.0,6.0
2016-08-08 20:00:00,131.7054,24.4,22.2,1014.7,3.1,170.0,
2016-08-08 21:00:00,122.6636,24.4,22.8,1015.3,4.1,170.0,
2016-08-08 22:00:00,124.38400000000001,24.4,22.8,1016.0,3.6,180.0,
2016-08-08 23:00:00,125.82419999999999,24.4,22.8,1016.1,3.1,170.0,
2016-08-09 00:00:00,127.66460000000001,24.4,22.8,1016.4,3.6,180.0,
2016-08-09 01:00:00,125.3042,24.4,22.2,1016.2,4.1,170.0,6.0
2016-08-09 02:00:00,121.6234,24.4,22.2,1015.9,2.6,160.0,
2016-08-09 03:00:00,122.2236,23.9,22.2,1015.2,2.6,170.0,4.0
2016-08-09 04:00:00,116.4225,23.9,21.7,1015.2,2.1,160.0,
2016-08-09 05:00:00,113.62190000000001,24.4,21.7,1015.4,0.0,0.0,
2016-08-09 06:00:00,111.4215,24.4,22.8,1016.1,0.0,0.0,
2016-08-09 07:00:00,126.7845,24.4,22.8,1016.7,1.5,180.0,8.0
2016-08-09 08:00:00,136.90640000000002,25.6,23.9,1017.1,3.6,160.0,
2016-08-09 09:00:00,133.9458,26.1,23.9,1017.7,2.6,140.0,
2016-08-09 10:00:00,130.6252,27.2,23.9,1018.0,4.6,190.0,
2016-08-09 11:00:00,126.34440000000001,29.4,23.9,1018.3,3.1,200.0,
2016-08-09 12:00:00,128.06470000000002,30.0,23.3,1017.8,4.6,200.0,
2016-08-09 13:00:00,128.78480000000002,31.1,22.8,1017.2,4.1,180.0,6.0
2016-08-09 14:00:00,128.7449,31.7,21.7,1016.9,5.1,200.0,
2016-08-09 15:00:00,128.9449,28.3,21.1,1016.8,10.8,250.0,
2016-08-09 16:00:00,126.02430000000003,26.1,22.2,1016.3,2.1,250.0,
2016-08-09 17:00:00,124.38399999999999,27.8,22.8,1016.8,2.1,70.0,
2016-08-09 18:00:00,124.70410000000001,26.7,23.3,1018.2,4.6,130.0,
2016-08-09 19:00:00,125.98429999999999,25.0,22.8,1018.5,3.6,130.0,8.0
2016-08-09 20:00:00,121.5835,23.9,22.2,1018.7,4.1,150.0,
2016-08-09 21:00:00,107.38069999999999,23.9,22.8,1019.5,5.7,170.0,
2016-08-09 22:00:00,109.9813,23.9,22.2,1019.6,3.6,150.0,
2016-08-09 23:00:00,112.0216,23.9,22.8,1019.0,1.5,120.0,
2016-08-10 00:00:00,116.3825,23.9,22.8,1018.8,2.6,220.0,
2016-08-10 01:00:00,114.5421,23.9,22.8,1018.1,2.6,180.0,8.0
2016-08-10 02:00:00,118.9029,23.9,22.8,1018.3,2.6,160.0,
2016-08-10 03:00:00,119.223,23.9,22.8,1018.0,1.5,170.0,
2016-08-10 04:00:00,116.1824,23.9,22.8,1018.0,2.1,150.0,
2016-08-10 05:00:00,111.6616,23.9,22.8,1017.7,1.5,100.0,
2016-08-10 06:00:00,111.5015,23.9,22.2,1018.4,3.1,80.0,4.0
2016-08-10 07:00:00,113.86200000000001,24.4,22.8,1019.1,1.5,90.0,4.0
2016-08-10 08:00:00,124.424,26.7,23.3,1019.7,3.6,130.0,4.0
2016-08-10 09:00:00,128.94490000000002,27.8,23.3,1020.0,2.1,140.0,
2016-08-10 10:00:00,127.66460000000001,29.4,24.4,1020.4,2.1,80.0,
2016-08-10 11:00:00,128.2647,30.6,24.4,1020.4,3.1,190.0,
2016-08-10 12:00:00,129.1049,31.1,23.9,1020.0,5.7,180.0,
2016-08-10 13:00:00,130.9053,31.1,22.2,1019.3,2.6,160.0,6.0
2016-08-10 14:00:00,126.30439999999999,26.1,22.8,,10.3,100.0,
2016-08-10 15:00:00,127.5046,26.1,23.9,1019.5,5.7,100.0,
2016-08-10 16:00:00,127.7446,26.1,23.9,1019.5,3.6,60.0,
2016-08-10 17:00:00,133.9058,26.7,23.9,1018.3,3.1,100.0,
2016-08-10 18:00:00,130.7052,27.8,23.9,1017.9,2.1,80.0,
2016-08-10 19:00:00,128.94490000000002,27.2,23.9,1019.0,1.5,150.0,6.0
2016-08-10 20:00:00,132.9056,26.7,24.4,1019.4,0.0,0.0,
2016-08-10 21:00:00,132.6256,27.2,23.9,1020.5,4.6,240.0,
2016-08-10 22:00:00,129.585,25.6,23.3,1020.5,2.6,290.0,
2016-08-10 23:00:00,134.906,25.0,23.3,1020.2,2.6,320.0,
2016-08-11 00:00:00,134.5059,25.0,23.3,1019.6,1.5,290.0,
2016-08-11 01:00:00,132.9456,24.4,23.3,1018.8,1.5,270.0,8.0
2016-08-11 02:00:00,129.86509999999998,24.4,22.8,1018.3,0.0,0.0,4.0
2016-08-11 03:00:00,113.62190000000001,24.4,22.8,1017.9,2.1,100.0,4.0
2016-08-11 04:00:00,115.10220000000001,24.4,23.3,1018.2,1.5,90.0,2.0
2016-08-11 05:00:00,110.3413,24.4,23.3,1017.7,2.1,80.0,2.0
2016-08-11 06:00:00,111.8615,24.4,23.3,1018.5,0.0,0.0,
2016-08-11 07:00:00,122.0235,25.0,23.3,1019.2,0.0,0.0,6.0
2016-08-11 08:00:00,132.9857,26.1,23.9,1019.7,1.5,320.0,
2016-08-11 09:00:00,131.1053,28.3,23.9,1019.8,0.0,0.0,4.0
2016-08-11 10:00:00,126.3844,29.4,23.9,1019.7,2.1,,4.0
2016-08-11 11:00:00,126.9045,31.1,23.9,1019.7,2.6,,4.0
2016-08-11 12:00:00,127.8646,32.2,23.3,1018.8,4.1,140.0,4.0
2016-08-11 13:00:00,126.6244,32.8,22.2,1017.9,3.6,190.0,4.0
2016-08-11 14:00:00,131.9054,32.2,22.2,1017.2,3.1,120.0,
2016-08-11 15:00:00,131.8254,32.8,22.8,1016.1,4.6,130.0,
2016-08-11 16:00:00,130.3452,31.7,23.3,1016.0,7.7,140.0,
2016-08-11 17:00:00,129.2649,27.2,22.2,1016.3,3.1,160.0,
2016-08-11 18:00:00,127.8246,27.8,22.8,1016.8,2.1,320.0,
2016-08-11 19:00:00,128.1047,26.1,22.8,1017.4,3.6,320.0,6.0
2016-08-11 20:00:00,132.3456,26.7,22.8,1017.4,0.0,0.0,
2016-08-11 21:00:00,130.0651,26.1,23.3,1018.1,0.0,0.0,
2016-08-11 22:00:00,130.5852,26.7,22.8,1018.1,0.0,0.0,
2016-08-11 23:00:00,131.1453,26.7,23.3,1018.5,1.5,360.0,
2016-08-12 00:00:00,131.90550000000002,26.7,23.3,1018.4,0.0,0.0,
2016-08-12 01:00:00,130.6652,25.0,23.3,1017.9,0.0,0.0,6.0
2016-08-12 02:00:00,120.66329999999999,25.6,23.9,1017.2,0.0,0.0,
2016-08-12 03:00:00,117.1026,25.0,23.3,1016.0,1.5,90.0,2.0
2016-08-12 04:00:00,120.70330000000001,24.4,23.3,1016.0,1.5,210.0,2.0
2016-08-12 05:00:00,120.50319999999999,24.4,23.3,1016.1,0.0,0.0,4.0
2016-08-12 06:00:00,111.6615,25.0,23.9,1016.3,3.1,110.0,4.0
2016-08-12 07:00:00,119.223,25.6,23.9,1016.9,3.1,120.0,2.0
2016-08-12 08:00:00,131.6254,27.8,24.4,1017.2,4.1,150.0,2.0
2016-08-12 09:00:00,129.385,29.4,23.9,1017.6,4.1,160.0,4.0
2016-08-12 10:00:00,128.5448,29.4,23.3,1017.3,3.6,170.0,4.0
2016-08-12 11:00:00,127.54460000000003,30.6,22.8,1017.3,2.6,,
2016-08-12 12:00:00,127.8647,32.2,22.2,1016.9,3.1,110.0,4.0
2016-08-12 13:00:00,128.4248,31.7,22.2,1016.7,2.1,160.0,6.0
2016-08-12 14:00:00,125.9843,33.9,22.2,1015.7,2.1,,4.0
2016-08-12 15:00:00,129.785,32.2,23.9,1015.2,7.2,100.0,
2016-08-12 16:00:00,129.1449,27.8,22.8,1015.9,4.1,180.0,
2016-08-12 17:00:00,129.9851,28.9,22.2,1015.6,0.0,0.0,
2016-08-12 18:00:00,122.9437,28.3,23.9,1015.5,1.5,270.0,
2016-08-12 19:00:00,123.7439,26.7,22.8,1016.1,2.1,200.0,6.0
2016-08-12 20:00:00,127.86470000000003,26.7,23.3,1017.2,4.6,210.0,
2016-08-12 21:00:00,127.7046,25.0,22.8,1017.1,2.1,70.0,4.0
2016-08-12 22:00:00,129.2649,24.4,22.8,1017.8,2.1,150.0,4.0
2016-08-12 23:00:00,134.3059,24.4,22.2,1017.0,0.0,0.0,
2016-08-13 00:00:00,124.94409999999999,24.4,22.2,1017.0,2.1,180.0,4.0
2016-08-13 01:00:00,115.82229999999998,23.9,22.2,1017.0,1.5,210.0,4.0
2016-08-13 02:00:00,128.7448,23.9,22.8,1016.8,0.0,0.0,4.0
2016-08-13 03:00:00,129.505,24.4,22.8,1016.4,0.0,0.0,2.0
2016-08-13 04:00:00,115.0222,23.9,22.8,1016.4,0.0,0.0,2.0
2016-08-13 05:00:00,112.1817,24.4,22.8,1016.4,1.5,90.0,2.0
2016-08-13 06:00:00,115.34219999999999,23.9,22.8,1017.0,0.0,0.0,2.0
2016-08-13 07:00:00,112.8617,25.0,23.3,1017.4,2.6,120.0,2.0
2016-08-13 08:00:00,131.50529999999998,27.8,23.9,1017.8,3.1,140.0,2.0
2016-08-13 09:00:00,128.0247,29.4,23.9,1017.7,3.6,140.0,2.0
2016-08-13 10:00:00,126.26440000000001,30.6,23.3,1018.0,4.6,180.0,2.0
2016-08-13 11:00:00,126.5444,31.1,22.8,1017.8,4.1,170.0,4.0
2016-08-13 12:00:00,125.6642,32.2,23.3,1017.8,3.6,140.0,4.0
2016-08-13 13:00:00,128.22480000000002,32.2,22.8,1017.5,4.1,160.0,4.0
2016-08-13 14:00:00,146.54829999999998,32.8,22.2,1017.0,2.1,,
2016-08-13 15:00:00,128.62480000000002,33.9,21.1,1016.5,2.1,,4.0
2016-08-13 16:00:00,126.7044,34.4,20.0,1015.7,3.1,180.0,
2016-08-13 17:00:00,127.7046,22.2,20.0,1017.3,4.1,350.0,
2016-08-13 18:00:00,102.65979999999999,24.4,20.0,1016.4,1.5,90.0,
2016-08-13 19:00:00,101.65960000000001,25.0,20.6,1016.8,3.1,70.0,4.0
2016-08-13 20:00:00,107.14070000000001,24.4,20.6,1017.0,2.6,80.0,2.0
2016-08-13 21:00:00,108.86099999999999,25.6,22.2,1017.8,2.6,,2.0
2016-08-13 22:00:00,122.8637,25.6,23.3,1018.6,2.6,120.0,4.0
2016-08-13 23:00:00,132.8256,26.1,23.9,1018.8,2.6,140.0,
2016-08-14 00:00:00,133.0657,26.1,23.9,1018.5,3.1,120.0,
2016-08-14 01:00:00,130.2652,26.1,23.9,1017.8,1.5,140.0,6.0
2016-08-14 02:00:00,136.90640000000002,26.1,24.4,1017.5,1.5,120.0,
2016-08-14 03:00:00,132.34550000000002,26.1,24.4,1017.9,2.6,110.0,
2016-08-14 04:00:00,131.9854,25.6,23.9,1017.6,2.1,70.0,
2016-08-14 05:00:00,134.386,25.6,23.9,1017.5,1.5,90.0,
2016-08-14 06:00:00,131.6254,26.1,24.4,1018.8,2.1,80.0,
2016-08-14 07:00:00,134.4259,26.7,24.4,1018.8,2.1,90.0,8.0
2016-08-14 08:00:00,135.2661,27.2,25.0,1018.8,4.1,70.0,
2016-08-14 09:00:00,129.225,28.3,25.0,1019.3,4.1,90.0,
2016-08-14 10:00:00,129.3049,29.4,25.0,1019.4,3.6,90.0,
2016-08-14 11:00:00,128.8648,30.0,24.4,1019.1,4.1,110.0,
2016-08-14 12:00:00,128.7849,31.1,23.9,1019.4,3.1,100.0,
2016-08-14 13:00:00,129.465,28.9,24.4,1018.7,3.6,120.0,6.0
2016-08-14 14:00:00,122.8637,26.7,23.3,1018.8,4.6,290.0,
2016-08-14 15:00:00,127.14460000000003,25.6,22.2,1018.4,6.2,340.0,
2016-08-14 16:00:00,130.6252,26.1,22.8,1017.9,3.1,360.0,
2016-08-14 17:00:00,126.6644,27.2,23.3,1017.5,0.0,0.0,
2016-08-14 18:00:00,127.1445,27.2,24.4,1017.8,2.6,340.0,
2016-08-14 19:00:00,130.86520000000002,27.2,24.4,1018.1,3.1,350.0,6.0
2016-08-14 20:00:00,130.9453,26.7,25.0,1018.5,3.1,360.0,4.0
2016-08-14 21:00:00,132.7856,27.2,24.4,1019.3,2.6,80.0,2.0
2016-08-14 22:00:00,134.0258,26.7,24.4,1020.2,1.5,70.0,2.0
2016-08-14 23:00:00,133.7058,26.7,24.4,1020.4,1.5,70.0,4.0
2016-08-15 00:00:00,131.7454,26.1,25.0,1019.9,2.1,350.0,4.0
2016-08-15 01:00:00,133.6258,26.1,25.0,1019.9,2.6,30.0,4.0
2016-08-15 02:00:00,134.426,26.1,25.0,1019.6,2.6,40.0,4.0
2016-08-15 03:00:00,132.66559999999998,26.1,25.0,1019.0,2.1,40.0,
2016-08-15 04:00:00,134.1059,26.1,25.0,1019.2,2.6,60.0,
2016-08-15 05:00:00,131.1052,26.1,25.0,1019.3,3.6,60.0,2.0
2016-08-15 06:00:00,131.8654,26.1,25.0,1019.6,3.1,70.0,4.0
2016-08-15 07:00:00,136.5864,26.7,25.6,1020.0,2.1,,4.0
2016-08-15 08:00:00,131.4254,28.3,25.6,1020.4,3.1,,4.0
2016-08-15 09:00:00,125.1441,30.0,25.0,1020.9,4.6,100.0,4.0
2016-08-15 10:00:00,128.2648,31.1,23.3,1021.1,4.6,100.0,4.0
2016-08-15 11:00:00,128.94490000000002,32.2,23.9,1020.9,2.6,90.0,
2016-08-15 12:00:00,130.5852,33.3,23.3,1020.4,4.6,110.0,4.0
2016-08-15 13:00:00,132.2255,30.0,24.4,1019.8,4.6,180.0,6.0
2016-08-15 14:00:00,131.62539999999998,31.1,25.0,1019.6,3.6,170.0,
2016-08-15 15:00:00,131.46529999999998,30.0,23.9,1019.0,2.1,180.0,
2016-08-15 16:00:00,130.8252,31.1,24.4,1018.5,1.5,140.0,
2016-08-15 17:00:00,130.7852,30.6,24.4,1018.4,2.1,190.0,
2016-08-15 18:00:00,129.625,30.6,23.3,1018.7,5.7,100.0,
2016-08-15 19:00:00,127.5446,29.4,23.9,1019.2,3.1,90.0,6.0
2016-08-15 20:00:00,126.86440000000002,28.3,24.4,1019.8,3.1,80.0,
2016-08-15 21:00:00,129.7851,27.8,23.9,1020.2,3.1,90.0,
2016-08-15 22:00:00,129.0249,27.2,24.4,1020.7,2.6,90.0,4.0
2016-08-15 23:00:00,130.4651,26.7,24.4,1021.0,2.6,80.0,2.0
2016-08-16 00:00:00,129.745,26.7,24.4,1021.0,2.1,80.0,2.0
2016-08-16 01:00:00,130.4251,26.7,24.4,1020.5,2.1,80.0,2.0
2016-08-16 02:00:00,132.5856,26.1,24.4,1020.0,2.1,70.0,2.0
2016-08-16 03:00:00,131.1053,26.7,25.0,1019.8,3.1,60.0,2.0
2016-08-16 04:00:00,134.10590000000002,26.7,25.0,1019.9,2.1,70.0,4.0
2016-08-16 05:00:00,132.50549999999998,26.1,25.0,1020.1,2.6,60.0,4.0
2016-08-16 06:00:00,131.9054,26.1,25.0,1020.8,1.5,80.0,2.0
2016-08-16 07:00:00,135.02609999999999,26.7,25.0,1021.2,2.1,80.0,2.0
2016-08-16 08:00:00,131.4254,28.9,25.6,1021.4,2.6,70.0,2.0
2016-08-16 09:00:00,99.6593,30.6,25.0,1021.6,3.6,100.0,4.0
2016-08-16 10:00:00,129.545,30.6,23.9,1021.7,3.6,80.0,4.0
2016-08-16 11:00:00,132.9056,28.9,23.9,1021.6,4.6,180.0,
2016-08-16 12:00:00,133.98579999999998,30.0,24.0,1020.9,3.1,300.0,
2016-08-16 13:00:00,135.70620000000002,26.7,23.9,1020.9,3.6,310.0,8.0
2016-08-16 14:00:00,134.70600000000002,25.0,21.7,1020.7,5.7,340.0,
2016-08-16 15:00:00,130.5452,25.6,23.3,1020.2,6.2,360.0,
2016-08-16 16:00:00,127.06450000000001,23.9,22.2,1021.3,5.7,210.0,
2016-08-16 17:00:00,129.70510000000002,24.4,20.0,1019.5,3.1,50.0,
2016-08-16 18:00:00,131.7455,25.6,22.8,1019.0,0.0,0.0,
2016-08-16 19:00:00,132.3055,25.6,23.3,1019.7,2.6,340.0,6.0
2016-08-16 20:00:00,134.4659,25.6,23.9,1020.0,2.6,350.0,2.0
2016-08-16 21:00:00,131.4253,25.0,23.9,1020.4,2.6,350.0,2.0
2016-08-16 22:00:00,129.9851,25.6,23.9,1021.1,2.1,30.0,2.0
2016-08-16 23:00:00,134.5859,25.0,23.9,1021.4,1.5,360.0,2.0
2016-08-17 00:00:00,133.5857,25.0,23.9,1021.4,2.1,60.0,2.0
2016-08-17 01:00:00,134.626,25.0,23.9,1021.7,2.1,340.0,2.0
2016-08-17 02:00:00,134.0658,25.0,23.9,1021.2,1.5,350.0,2.0
2016-08-17 03:00:00,134.86610000000002,25.0,23.9,1020.9,2.6,350.0,2.0
2016-08-17 04:00:00,135.2261,25.0,23.9,1020.7,2.6,360.0,2.0
2016-08-17 05:00:00,133.4257,25.0,23.9,1020.6,1.5,20.0,2.0
2016-08-17 06:00:00,134.3459,25.6,24.4,1020.7,4.1,50.0,2.0
2016-08-17 07:00:00,134.626,25.6,25.0,1021.3,1.5,80.0,2.0
2016-08-17 08:00:00,133.1457,27.8,25.0,1021.9,2.1,110.0,2.0
2016-08-17 09:00:00,127.66460000000001,28.9,24.4,1022.0,2.6,130.0,4.0
2016-08-17 10:00:00,127.8246,30.6,23.9,1022.0,3.1,90.0,4.0
2016-08-17 11:00:00,129.10490000000001,31.1,23.3,1021.7,4.1,110.0,
2016-08-17 12:00:00,129.625,31.7,23.9,1021.4,5.7,150.0,
2016-08-17 13:00:00,128.2647,32.2,22.8,1020.9,3.6,90.0,6.0
2016-08-17 14:00:00,126.5845,31.7,22.8,1019.6,3.6,60.0,
2016-08-17 15:00:00,127.18449999999999,32.8,22.8,1018.9,3.6,100.0,
2016-08-17 16:00:00,129.825,32.2,21.7,1018.2,4.1,120.0,
2016-08-17 17:00:00,133.1057,32.2,22.2,1018.0,4.1,90.0,
2016-08-17 18:00:00,131.4254,31.1,21.7,1018.2,5.7,80.0,4.0
2016-08-17 19:00:00,129.3049,29.4,22.2,1018.8,3.6,110.0,4.0
2016-08-17 20:00:00,126.3044,28.3,22.8,1019.3,3.6,100.0,4.0
2016-08-17 21:00:00,131.0653,27.8,23.9,1020.0,3.1,100.0,2.0
2016-08-17 22:00:00,129.0649,27.2,23.9,1020.8,2.1,80.0,2.0
2016-08-17 23:00:00,132.9856,26.7,23.9,1020.7,2.1,70.0,4.0
2016-08-18 00:00:00,132.50560000000002,26.1,23.3,1020.7,2.1,110.0,4.0
2016-08-18 01:00:00,133.6258,26.1,23.9,1020.4,0.0,0.0,2.0
2016-08-18 02:00:00,135.2261,26.1,23.9,1019.9,0.0,0.0,2.0
2016-08-18 03:00:00,132.8256,25.6,23.9,1019.4,2.1,60.0,2.0
2016-08-18 04:00:00,137.6266,25.6,24.4,1019.4,0.0,0.0,0.0
2016-08-18 05:00:00,132.4656,25.0,23.9,1019.6,0.0,0.0,2.0
2016-08-18 06:00:00,136.1463,25.6,23.9,1019.7,0.0,0.0,2.0
2016-08-18 07:00:00,134.546,26.1,24.4,1019.9,2.1,350.0,2.0
2016-08-18 08:00:00,131.5054,28.3,24.4,1020.0,2.6,40.0,2.0
2016-08-18 09:00:00,138.7467,29.4,24.4,1020.1,3.1,60.0,4.0
2016-08-18 10:00:00,130.8252,30.0,23.9,1020.2,0.0,0.0,4.0
2016-08-18 11:00:00,130.9053,31.7,23.3,1019.8,2.1,,4.0
2016-08-18 12:00:00,130.8652,32.8,23.9,1019.5,2.6,40.0,
2016-08-18 13:00:00,129.2649,31.1,23.9,1019.0,5.1,140.0,6.0
2016-08-18 14:00:00,130.9853,24.4,22.2,1019.0,3.6,140.0,
2016-08-18 15:00:00,127.1446,30.0,23.3,1018.1,0.0,0.0,
2016-08-18 16:00:00,128.94490000000002,26.1,22.2,1018.3,4.1,160.0,
2016-08-18 17:00:00,123.94399999999999,27.8,22.8,1016.6,1.5,240.0,
2016-08-18 18:00:00,128.6648,27.2,23.9,1016.7,1.5,,4.0
2016-08-18 19:00:00,127.50460000000001,27.8,23.3,1017.3,0.0,0.0,6.0
2016-08-18 20:00:00,133.3457,27.8,23.3,1018.0,2.6,350.0,2.0
2016-08-18 21:00:00,131.1053,26.7,23.3,1018.7,2.1,80.0,2.0
2016-08-18 22:00:00,129.585,26.1,23.9,1018.8,2.1,90.0,0.0
2016-08-18 23:00:00,135.7862,25.0,23.3,1018.3,2.6,170.0,0.0
2016-08-19 00:00:00,131.8254,25.6,23.3,1018.4,0.0,0.0,0.0
2016-08-19 01:00:00,135.0661,25.6,23.9,1019.0,2.1,360.0,2.0
2016-08-19 02:00:00,133.8658,23.9,22.8,1018.4,1.5,160.0,
2016-08-19 03:00:00,131.8655,25.0,23.9,1017.6,0.0,0.0,
2016-08-19 04:00:00,119.98310000000001,25.0,23.9,1017.3,1.5,60.0,
2016-08-19 05:00:00,111.70150000000001,24.4,23.3,1017.5,0.0,0.0,2.0
2016-08-19 06:00:00,114.3821,24.4,23.3,1017.9,0.0,0.0,2.0
2016-08-19 07:00:00,117.9428,25.6,24.4,1018.1,0.0,0.0,2.0
2016-08-19 08:00:00,132.8656,26.7,24.4,1018.3,0.0,0.0,2.0
2016-08-19 09:00:00,131.9455,28.3,24.4,1018.3,1.5,,4.0
2016-08-19 10:00:00,128.6248,29.4,23.3,1018.5,1.5,,4.0
2016-08-19 11:00:00,127.1045,31.1,23.3,1018.2,2.6,,4.0
2016-08-19 12:00:00,128.4248,31.7,21.7,1017.7,2.1,100.0,2.0
2016-08-19 13:00:00,128.7048,32.8,21.7,1016.9,2.6,140.0,2.0
2016-08-19 14:00:00,127.9847,33.3,20.6,1016.2,0.0,0.0,2.0
2016-08-19 15:00:00,128.1847,33.9,20.6,1015.2,1.5,,4.0
2016-08-19 16:00:00,131.3053,33.9,20.6,1014.6,1.5,100.0,2.0
2016-08-19 17:00:00,129.2249,33.3,21.1,1014.7,3.6,170.0,2.0
2016-08-19 18:00:00,129.70499999999998,32.2,21.1,1014.7,5.1,120.0,2.0
2016-08-19 19:00:00,125.26409999999998,30.0,20.0,1015.1,3.6,120.0,2.0
2016-08-19 20:00:00,127.74459999999999,28.3,21.1,1015.2,3.1,140.0,2.0
2016-08-19 21:00:00,128.9849,28.3,21.1,1016.5,3.1,230.0,2.0
2016-08-19 22:00:00,131.5054,26.7,22.2,1016.8,2.1,150.0,4.0
2016-08-19 23:00:00,131.9855,27.2,22.2,1016.7,0.0,0.0,4.0
2016-08-20 00:00:00,132.9057,26.7,22.2,1016.4,0.0,0.0,2.0
2016-08-20 01:00:00,134.1859,26.1,22.8,1016.0,0.0,0.0,2.0
2016-08-20 02:00:00,133.5457,25.0,23.3,1015.6,1.5,140.0,2.0
2016-08-20 03:00:00,134.9461,25.0,23.3,1015.3,1.5,150.0,
2016-08-20 04:00:00,134.5059,25.0,23.3,1015.3,0.0,0.0,
2016-08-20 05:00:00,134.746,25.0,23.3,1015.6,0.0,0.0,
2016-08-20 06:00:00,132.1856,23.9,22.8,1015.8,0.0,0.0,
2016-08-20 07:00:00,137.6266,25.6,23.3,1016.2,1.5,240.0,6.0
2016-08-20 08:00:00,130.0251,27.2,23.9,1016.7,1.5,230.0,4.0
2016-08-20 09:00:00,130.6252,30.0,24.4,1016.6,1.5,350.0,4.0
2016-08-20 10:00:00,139.2268,30.6,22.8,1016.8,0.0,0.0,4.0
2016-08-20 11:00:00,125.6642,31.7,23.3,1016.5,0.0,0.0,4.0
2016-08-20 12:00:00,127.14450000000001,32.2,22.8,1015.9,1.5,,4.0
2016-08-20 13:00:00,127.8247,32.8,22.2,1015.2,2.6,270.0,4.0
2016-08-20 14:00:00,125.1841,33.3,22.2,1014.4,4.1,220.0,
2016-08-20 15:00:00,127.8647,33.3,22.2,1013.5,2.1,200.0,4.0
2016-08-20 16:00:00,129.305,32.8,23.3,1013.2,5.7,280.0,4.0
2016-08-20 17:00:00,128.9849,32.8,22.2,1013.2,5.1,290.0,
2016-08-20 18:00:00,130.9453,32.8,22.2,1013.3,3.1,290.0,
2016-08-20 19:00:00,128.5448,31.1,22.2,1013.7,3.1,270.0,6.0
2016-08-20 20:00:00,125.70420000000001,30.6,22.8,1014.2,1.5,300.0,
2016-08-20 21:00:00,126.86449999999999,28.3,23.3,1015.0,0.0,0.0,
2016-08-20 22:00:00,131.1853,27.8,23.9,1015.4,0.0,0.0,
2016-08-20 23:00:00,131.1053,28.9,22.8,1015.5,2.6,300.0,
2016-08-21 00:00:00,132.4655,27.8,22.8,1015.5,0.0,0.0,4.0
2016-08-21 01:00:00,135.8262,27.8,23.3,1015.2,0.0,0.0,4.0
2016-08-21 02:00:00,130.8653,26.7,23.3,1015.1,1.5,280.0,2.0
2016-08-21 03:00:00,135.1061,25.0,23.3,1014.9,1.5,170.0,2.0
2016-08-21 04:00:00,133.8258,25.0,23.3,1014.9,0.0,0.0,2.0
2016-08-21 05:00:00,133.7458,25.6,23.9,1015.4,1.5,230.0,4.0
2016-08-21 06:00:00,135.1861,25.6,23.9,1016.1,1.5,260.0,
2016-08-21 07:00:00,133.1057,26.1,24.4,1016.5,0.0,0.0,6.0
2016-08-21 08:00:00,134.546,28.3,24.4,1017.0,0.0,0.0,4.0
2016-08-21 09:00:00,128.3047,30.0,23.9,1017.2,2.1,320.0,4.0
2016-08-21 10:00:00,124.7441,31.1,22.2,1017.5,0.0,0.0,4.0
2016-08-21 11:00:00,128.0647,31.7,22.2,1017.6,0.0,0.0,4.0
2016-08-21 12:00:00,128.0647,33.3,21.7,1017.4,1.5,,
2016-08-21 13:00:00,127.9847,32.8,22.8,1017.0,4.1,260.0,6.0
2016-08-21 14:00:00,128.82489999999999,33.3,22.2,1016.2,2.6,240.0,
2016-08-21 15:00:00,129.98499999999999,33.3,21.7,1015.4,1.5,220.0,
2016-08-21 16:00:00,128.8249,35.0,20.6,1015.1,2.1,250.0,
2016-08-21 17:00:00,129.1049,35.0,20.0,1014.9,3.6,280.0,
2016-08-21 18:00:00,128.7048,32.8,21.1,1015.3,4.6,300.0,
2016-08-21 19:00:00,126.3844,31.7,22.8,1015.8,3.1,280.0,6.0
2016-08-21 20:00:00,123.5838,30.6,22.8,1016.4,2.6,280.0,
2016-08-21 21:00:00,124.82409999999999,29.4,23.3,1017.2,3.1,280.0,4.0
2016-08-21 22:00:00,129.10490000000001,29.4,22.2,1017.9,2.6,260.0,
2016-08-21 23:00:00,131.9454,28.9,22.8,1018.0,2.6,300.0,4.0
2016-08-22 00:00:00,130.9852,28.3,22.8,1017.7,0.0,0.0,2.0
2016-08-22 01:00:00,132.9057,27.2,23.3,1017.7,1.5,200.0,0.0
2016-08-22 02:00:00,134.0259,27.2,23.9,1017.5,1.5,300.0,0.0
2016-08-22 03:00:00,133.3058,25.0,23.3,1017.4,1.5,180.0,0.0
2016-08-22 04:00:00,135.9062,26.1,23.9,1017.2,0.0,0.0,0.0
2016-08-22 05:00:00,131.1053,25.0,23.3,1017.5,0.0,0.0,0.0
2016-08-22 06:00:00,134.906,24.4,23.3,1017.9,0.0,0.0,2.0
2016-08-22 07:00:00,132.6256,26.7,24.4,1018.6,0.0,0.0,2.0
2016-08-22 08:00:00,135.2261,28.9,23.9,1018.9,3.6,340.0,2.0
2016-08-22 09:00:00,130.1451,30.0,23.3,1019.4,3.1,350.0,2.0
2016-08-22 10:00:00,129.2249,31.1,21.7,1019.8,2.6,300.0,2.0
2016-08-22 11:00:00,129.66500000000002,32.8,21.7,1019.7,2.1,,2.0
2016-08-22 12:00:00,131.94549999999998,32.8,22.2,1019.5,4.1,320.0,4.0
2016-08-22 13:00:00,131.5854,33.9,21.7,1019.2,2.6,290.0,6.0
2016-08-22 14:00:00,132.3856,33.9,21.1,1018.6,3.6,200.0,
2016-08-22 15:00:00,133.54579999999999,34.4,20.6,1017.9,2.6,,
2016-08-22 16:00:00,135.1861,34.4,20.6,1017.7,1.5,,4.0
2016-08-22 17:00:00,133.7458,35.6,20.0,1017.7,0.0,0.0,4.0
2016-08-22 18:00:00,133.54579999999999,35.0,21.1,1017.4,2.6,360.0,4.0
2016-08-22 19:00:00,128.5048,31.7,24.4,1018.1,4.6,130.0,6.0
2016-08-22 20:00:00,126.9845,28.9,24.4,1019.0,2.6,150.0,2.0
2016-08-22 21:00:00,126.7844,28.3,24.4,1020.2,2.6,210.0,
2016-08-22 22:00:00,128.2647,27.8,23.9,1020.5,2.1,150.0,
2016-08-22 23:00:00,128.2247,27.2,24.4,1020.2,1.5,200.0,4.0
2016-08-23 00:00:00,131.7854,27.8,24.4,1020.3,1.5,260.0,4.0
2016-08-23 01:00:00,131.0653,26.7,24.4,1020.1,0.0,0.0,2.0
2016-08-23 02:00:00,130.46519999999998,26.1,24.4,1019.8,0.0,0.0,2.0
2016-08-23 03:00:00,134.786,26.1,23.9,1019.6,1.5,170.0,0.0
2016-08-23 04:00:00,134.5859,25.6,23.9,1019.7,0.0,0.0,0.0
2016-08-23 05:00:00,131.90550000000002,26.1,23.9,1019.9,0.0,0.0,0.0
2016-08-23 06:00:00,131.3453,26.1,23.9,1020.5,0.0,0.0,2.0
2016-08-23 07:00:00,135.6662,26.7,25.0,1021.0,0.0,0.0,2.0
2016-08-23 08:00:00,131.3453,30.0,23.9,1021.3,1.5,20.0,2.0
2016-08-23 09:00:00,129.54500000000002,31.1,23.9,1021.4,0.0,0.0,2.0
2016-08-23 10:00:00,127.9847,32.2,23.9,1021.6,0.0,0.0,4.0
2016-08-23 11:00:00,129.9051,32.8,23.3,1021.4,1.5,,4.0
2016-08-23 12:00:00,131.5454,33.3,23.3,1021.1,3.1,340.0,4.0
2016-08-23 13:00:00,125.1442,35.0,22.8,1020.3,3.1,,6.0
2016-08-23 14:00:00,124.5041,34.4,21.1,1019.3,3.6,70.0,
2016-08-23 15:00:00,114.34200000000001,33.9,22.2,1019.1,4.6,100.0,
2016-08-23 16:00:00,115.3022,34.0,23.0,1018.6,5.7,60.0,
2016-08-23 17:00:00,113.9019,32.8,21.1,1018.8,5.7,60.0,
2016-08-23 18:00:00,113.1419,31.7,21.7,1019.2,6.7,60.0,
2016-08-23 19:00:00,110.50130000000001,30.0,22.8,1019.8,5.1,70.0,6.0
2016-08-23 20:00:00,110.66130000000001,28.9,22.8,1020.3,3.6,70.0,
2016-08-23 21:00:00,109.46109999999999,28.3,23.9,1020.2,3.6,60.0,
2016-08-23 22:00:00,109.4611,28.3,25.0,1020.2,3.6,40.0,4.0
2016-08-23 23:00:00,112.74180000000001,27.8,25.0,1020.3,4.1,30.0,4.0
2016-08-24 00:00:00,110.9014,27.8,25.0,1019.8,3.6,50.0,
2016-08-24 01:00:00,110.22129999999999,27.2,25.6,1019.6,3.6,20.0,6.0
2016-08-24 02:00:00,109.3411,27.2,25.6,1019.4,2.6,10.0,
2016-08-24 03:00:00,111.9816,26.7,25.0,1019.0,3.1,360.0,4.0
2016-08-24 04:00:00,110.3013,27.2,25.6,1019.1,3.6,10.0,4.0
2016-08-24 05:00:00,106.98060000000001,26.7,25.6,1019.2,3.1,30.0,
2016-08-24 06:00:00,110.3413,27.2,25.6,1019.5,3.1,30.0,
2016-08-24 07:00:00,111.1414,27.2,25.6,1020.0,3.6,50.0,6.0
2016-08-24 08:00:00,109.8612,27.8,25.0,1020.0,3.6,60.0,
2016-08-24 09:00:00,110.34129999999999,28.9,25.6,1020.2,3.6,50.0,
2016-08-24 10:00:00,108.02080000000001,26.1,23.9,,8.2,80.0,
2016-08-24 11:00:00,108.2609,26.0,24.0,1020.8,4.1,50.0,
2016-08-24 12:00:00,110.4213,27.8,25.0,1020.5,3.1,80.0,
2016-08-24 13:00:00,110.5813,27.8,25.0,1019.6,3.6,110.0,6.0
2016-08-24 14:00:00,111.7816,31.1,23.3,1018.9,6.2,50.0,
2016-08-24 15:00:00,110.3013,32.2,21.7,1018.3,6.2,60.0,
2016-08-24 16:00:00,110.6214,31.1,21.7,1018.1,8.8,60.0,
2016-08-24 17:00:00,110.06119999999999,31.1,22.2,1017.6,6.2,50.0,
2016-08-24 18:00:00,108.26089999999999,30.0,21.7,1018.1,6.7,50.0,
2016-08-24 19:00:00,108.30090000000001,28.3,22.8,1018.9,4.6,50.0,6.0
2016-08-24 20:00:00,110.2613,27.8,23.3,1019.2,5.7,30.0,
2016-08-24 21:00:00,108.2209,27.2,23.3,1019.2,4.6,20.0,4.0
2016-08-24 22:00:00,109.4611,26.7,23.3,1019.2,4.6,20.0,
2016-08-24 23:00:00,109.6612,26.7,23.9,1018.7,4.6,30.0,
2016-08-25 00:00:00,110.78129999999999,26.7,23.9,1018.2,3.6,20.0,4.0
2016-08-25 01:00:00,110.0212,26.1,23.3,1017.5,4.6,30.0,2.0
2016-08-25 02:00:00,109.9412,25.6,23.3,1016.8,4.1,30.0,2.0
2016-08-25 03:00:00,111.98159999999999,25.6,22.8,1016.7,3.1,20.0,0.0
2016-08-25 04:00:00,111.58149999999998,25.6,22.8,1016.6,1.5,70.0,0.0
2016-08-25 05:00:00,112.0216,25.0,22.8,1016.7,2.1,10.0,2.0
2016-08-25 06:00:00,113.3418,25.0,22.8,1017.3,2.6,360.0,2.0
2016-08-25 07:00:00,114.4221,26.1,22.8,1018.0,2.6,10.0,2.0
2016-08-25 08:00:00,111.1414,28.3,23.3,1017.7,4.1,30.0,2.0
2016-08-25 09:00:00,117.8228,29.4,23.3,1017.8,6.2,20.0,2.0
2016-08-25 10:00:00,111.42150000000001,30.6,22.8,1017.9,6.7,30.0,4.0
2016-08-25 11:00:00,113.4619,31.7,22.2,1017.6,7.2,50.0,4.0
2016-08-25 12:00:00,113.02189999999999,32.8,21.7,1017.4,6.7,60.0,4.0
2016-08-25 13:00:00,111.14150000000001,32.8,21.1,1016.8,7.7,40.0,4.0
2016-08-25 14:00:00,110.8613,33.3,21.1,1016.3,7.2,60.0,4.0
2016-08-25 15:00:00,110.5814,32.8,20.6,1015.4,8.8,40.0,4.0
2016-08-25 16:00:00,110.2212,31.7,21.1,1015.2,8.2,60.0,4.0
2016-08-25 17:00:00,109.181,31.1,20.0,1015.3,7.2,50.0,4.0
2016-08-25 18:00:00,108.46090000000001,30.0,21.1,1016.0,8.2,50.0,4.0
2016-08-25 19:00:00,105.3404,28.3,21.1,1016.1,6.2,60.0,4.0
2016-08-25 20:00:00,106.54060000000001,27.8,21.7,1015.7,4.6,40.0,2.0
2016-08-25 21:00:00,108.2209,26.7,22.2,1016.3,4.1,30.0,2.0
2016-08-25 22:00:00,106.50059999999999,26.7,22.2,1016.5,4.1,40.0,4.0
2016-08-25 23:00:00,106.66049999999998,26.1,22.8,1016.6,4.1,20.0,4.0
2016-08-26 00:00:00,110.9815,25.6,23.3,1016.4,4.1,20.0,2.0
2016-08-26 01:00:00,111.14150000000001,25.6,23.9,1016.0,3.6,360.0,6.0
2016-08-26 02:00:00,109.8612,25.6,23.9,1015.6,3.1,350.0,
2016-08-26 03:00:00,111.1815,25.6,23.9,1015.2,3.6,350.0,4.0
2016-08-26 04:00:00,113.10179999999997,25.6,23.9,1015.4,3.1,360.0,
2016-08-26 05:00:00,112.62180000000001,25.6,23.9,1015.7,3.6,20.0,4.0
2016-08-26 06:00:00,110.7013,25.6,23.9,1015.8,3.1,350.0,4.0
2016-08-26 07:00:00,112.06159999999997,26.1,23.9,1016.3,3.6,10.0,4.0
2016-08-26 08:00:00,112.1816,27.8,23.9,1016.7,4.6,40.0,
2016-08-26 09:00:00,109.50110000000001,29.4,23.9,1016.3,6.7,70.0,4.0
2016-08-26 10:00:00,110.94139999999999,30.0,23.3,1015.8,7.2,60.0,
2016-08-26 11:00:00,110.8614,31.1,22.8,1015.9,9.3,40.0,
2016-08-26 12:00:00,111.9816,32.2,23.9,1015.2,8.2,60.0,
2016-08-26 13:00:00,111.06139999999999,32.8,23.3,1014.9,7.7,50.0,6.0
2016-08-26 14:00:00,111.7815,31.7,23.3,1014.7,8.8,60.0,
2016-08-26 15:00:00,112.7017,31.7,23.9,1014.2,8.8,70.0,
2016-08-26 16:00:00,111.42150000000001,27.8,24.4,1014.2,5.7,50.0,
2016-08-26 17:00:00,109.9812,30.0,23.3,1013.8,9.3,60.0,
2016-08-26 18:00:00,110.22129999999999,28.9,22.8,1014.4,6.7,70.0,
2016-08-26 19:00:00,108.1809,28.3,22.8,1015.0,5.1,60.0,6.0
2016-08-26 20:00:00,108.14089999999999,28.3,22.8,1015.3,4.6,60.0,
2016-08-26 21:00:00,108.4209,27.2,22.8,1015.9,3.6,60.0,
2016-08-26 22:00:00,107.6208,27.2,22.8,1016.0,3.6,60.0,
2016-08-26 23:00:00,109.061,26.7,22.8,1015.9,3.6,60.0,
2016-08-27 00:00:00,107.8608,26.7,22.8,1016.1,3.1,50.0,
2016-08-27 01:00:00,109.78119999999998,26.1,22.8,1015.4,3.1,30.0,8.0
2016-08-27 02:00:00,112.98179999999999,26.1,22.8,1014.3,3.1,20.0,
2016-08-27 03:00:00,112.70169999999997,25.6,22.2,1013.7,4.1,30.0,
2016-08-27 04:00:00,112.42159999999998,25.6,22.2,1013.8,3.6,40.0,
2016-08-27 05:00:00,111.9416,25.6,22.2,1014.1,2.6,50.0,
2016-08-27 06:00:00,113.3819,25.0,22.8,1014.5,4.1,50.0,
2016-08-27 07:00:00,113.86189999999999,26.1,22.2,1015.2,3.6,50.0,6.0
2016-08-27 08:00:00,110.98140000000001,27.8,22.8,1015.3,5.1,50.0,
2016-08-27 09:00:00,107.2207,28.9,22.8,1015.5,5.7,50.0,
2016-08-27 10:00:00,107.9808,30.6,22.8,1015.3,5.7,40.0,
2016-08-27 11:00:00,108.70100000000001,31.1,23.3,1015.3,6.7,60.0,
2016-08-27 12:00:00,118.2228,31.7,22.8,1015.0,5.1,40.0,
2016-08-27 13:00:00,108.70100000000001,32.2,22.8,1014.4,5.1,60.0,6.0
2016-08-27 14:00:00,107.7008,31.7,23.3,1013.9,8.2,80.0,
2016-08-27 15:00:00,107.9408,28.9,24.4,1013.8,8.2,90.0,
2016-08-27 16:00:00,106.3006,27.2,24.4,1014.3,2.6,60.0,
2016-08-27 17:00:00,106.3406,27.8,24.4,1013.7,2.1,100.0,
2016-08-27 18:00:00,106.7406,28.3,23.9,1013.9,0.0,0.0,
2016-08-27 19:00:00,106.70060000000001,27.8,24.4,1014.2,1.5,160.0,6.0
2016-08-27 20:00:00,108.3409,27.8,24.4,1014.6,2.1,80.0,
2016-08-27 21:00:00,107.38069999999999,27.2,24.4,1014.9,2.6,70.0,2.0
2016-08-27 22:00:00,106.70060000000001,27.2,24.4,1015.2,3.1,60.0,4.0
2016-08-27 23:00:00,108.781,26.7,24.4,1015.1,3.1,40.0,4.0
2016-08-28 00:00:00,109.7812,26.7,25.0,1014.9,4.6,50.0,
2016-08-28 01:00:00,110.70139999999999,26.7,25.0,1014.8,4.1,50.0,6.0
2016-08-28 02:00:00,109.34110000000001,26.7,25.0,1014.4,3.1,50.0,
2016-08-28 03:00:00,109.0611,26.1,25.0,1014.1,3.6,60.0,4.0
2016-08-28 04:00:00,111.4215,26.7,25.0,1014.1,3.6,40.0,4.0
2016-08-28 05:00:00,110.9013,26.1,25.0,1014.8,4.1,60.0,4.0
2016-08-28 06:00:00,110.54140000000001,26.1,24.4,1015.1,3.1,60.0,4.0
2016-08-28 07:00:00,109.8611,26.7,25.0,1015.5,3.6,50.0,2.0
2016-08-28 08:00:00,108.821,28.3,25.6,1015.7,5.1,50.0,2.0
2016-08-28 09:00:00,108.2209,30.0,24.4,1016.0,5.7,70.0,2.0
2016-08-28 10:00:00,127.1445,31.1,23.9,1015.9,5.7,60.0,4.0
2016-08-28 11:00:00,112.70169999999999,31.7,23.3,1015.7,6.2,80.0,4.0
2016-08-28 12:00:00,110.5814,32.2,23.9,1015.0,5.1,50.0,4.0
2016-08-28 13:00:00,109.94120000000001,30.6,23.3,1014.7,4.6,80.0,6.0
2016-08-28 14:00:00,111.14150000000001,31.7,23.3,1013.8,6.2,50.0,
2016-08-28 15:00:00,111.0214,28.3,24.4,1013.6,5.1,110.0,
2016-08-28 16:00:00,110.4213,27.2,24.4,1013.7,4.1,130.0,
2016-08-28 17:00:00,108.5009,27.8,23.3,1013.7,5.7,100.0,
2016-08-28 18:00:00,107.3007,27.8,23.9,1013.6,3.6,70.0,
2016-08-28 19:00:00,107.14070000000001,27.2,23.3,1013.9,4.1,80.0,6.0
2016-08-28 20:00:00,109.9012,26.7,23.9,1014.4,2.6,80.0,4.0
2016-08-28 21:00:00,108.90090000000001,26.7,23.3,1014.9,3.6,70.0,2.0
2016-08-28 22:00:00,108.1808,26.1,23.9,1015.2,3.1,70.0,2.0
2016-08-28 23:00:00,108.621,26.1,24.4,1014.9,3.6,60.0,0.0
2016-08-29 00:00:00,109.7411,26.1,23.9,1014.5,2.6,60.0,2.0
2016-08-29 01:00:00,110.34129999999999,26.1,23.9,1014.1,3.6,60.0,2.0
2016-08-29 02:00:00,110.06119999999999,26.1,23.9,1014.2,3.6,50.0,4.0
2016-08-29 03:00:00,110.0612,25.6,23.3,1013.8,3.1,40.0,2.0
2016-08-29 04:00:00,110.9814,25.6,23.3,1013.8,3.6,30.0,2.0
2016-08-29 05:00:00,112.6217,25.0,23.3,1013.7,2.6,30.0,2.0
2016-08-29 06:00:00,109.90119999999999,25.0,23.3,1013.8,2.6,30.0,2.0
2016-08-29 07:00:00,113.58189999999999,26.1,23.3,1014.2,3.6,30.0,2.0
2016-08-29 08:00:00,110.70139999999999,28.3,25.0,1014.2,4.1,40.0,2.0
2016-08-29 09:00:00,109.5812,29.4,25.0,1014.6,5.1,60.0,
2016-08-29 10:00:00,109.3811,30.0,23.9,1014.8,5.7,70.0,
2016-08-29 11:00:00,109.6612,27.0,23.0,1015.0,4.6,70.0,
2016-08-29 12:00:00,110.22130000000001,30.6,24.4,1014.1,5.1,100.0,
2016-08-29 13:00:00,108.02090000000001,27.2,24.4,1014.5,6.7,50.0,6.0
2016-08-29 14:00:00,108.781,27.8,24.4,1014.1,5.7,80.0,
2016-08-29 15:00:00,111.38150000000002,26.7,24.4,1013.6,4.1,160.0,
2016-08-29 16:00:00,109.6611,28.3,23.9,1012.9,5.7,150.0,
2016-08-29 17:00:00,108.42089999999999,28.3,23.9,1013.5,3.6,100.0,
2016-08-29 18:00:00,109.3811,25.6,23.3,1013.5,3.6,50.0,
2016-08-29 19:00:00,106.78059999999999,26.1,23.3,1014.2,3.1,100.0,6.0
2016-08-29 20:00:00,107.0606,25.0,22.8,1013.7,3.6,110.0,
2016-08-29 21:00:00,109.9012,24.4,22.8,1014.0,3.6,80.0,
2016-08-29 22:00:00,110.9014,24.4,22.8,1014.5,2.6,40.0,
2016-08-29 23:00:00,112.8218,24.4,22.8,1014.8,3.6,80.0,
2016-08-30 00:00:00,114.1421,24.4,23.3,1014.4,2.6,20.0,
2016-08-30 01:00:00,110.2613,24.4,23.3,1014.1,2.6,60.0,4.0
2016-08-30 02:00:00,112.2617,24.4,23.3,1013.7,3.1,100.0,
2016-08-30 03:00:00,113.2218,23.9,22.2,1013.2,2.1,50.0,4.0
2016-08-30 04:00:00,114.5021,23.3,22.2,1013.0,2.1,50.0,
2016-08-30 05:00:00,112.7818,23.9,22.2,1013.0,2.1,70.0,2.0
2016-08-30 06:00:00,113.7419,23.9,22.8,1012.9,2.6,60.0,4.0
2016-08-30 07:00:00,113.742,24.4,23.3,1013.4,2.6,60.0,4.0
2016-08-30 08:00:00,109.74109999999999,25.6,23.3,1014.0,2.6,80.0,
2016-08-30 09:00:00,84.0162,27.2,23.9,1014.0,3.1,,
2016-08-30 10:00:00,106.50059999999999,28.3,23.3,1014.0,3.1,90.0,4.0
2016-08-30 11:00:00,109.9812,30.0,23.3,1013.6,3.6,90.0,4.0
2016-08-30 12:00:00,110.4613,30.0,23.3,1013.0,2.6,50.0,4.0
2016-08-30 13:00:00,109.9013,31.7,23.3,1012.4,2.1,,6.0
2016-08-30 14:00:00,108.821,31.1,22.8,1011.8,5.7,130.0,
2016-08-30 15:00:00,109.1411,27.2,23.0,1011.9,5.1,40.0,
2016-08-30 16:00:00,108.901,26.7,23.3,1012.2,4.6,90.0,
2016-08-30 17:00:00,109.14099999999999,24.4,23.3,1012.0,3.6,160.0,
2016-08-30 18:00:00,109.66120000000001,25.0,23.9,1012.0,2.1,200.0,
2016-08-30 19:00:00,108.9811,24.4,23.3,1012.3,4.1,200.0,6.0
2016-08-30 20:00:00,109.301,25.0,23.3,1012.9,0.0,0.0,
2016-08-30 21:00:00,110.10119999999999,25.0,23.3,1013.4,4.1,130.0,
2016-08-30 22:00:00,108.941,24.4,23.3,,3.1,140.0,
2016-08-30 23:00:00,112.5418,24.4,23.3,1013.6,4.1,160.0,
2016-08-31 00:00:00,112.62169999999998,25.0,23.3,1013.4,4.6,160.0,
2016-08-31 01:00:00,110.5013,24.4,23.3,1013.1,5.1,160.0,8.0
2016-08-31 02:00:00,114.5821,25.0,23.3,1012.7,5.1,160.0,
2016-08-31 03:00:00,113.14179999999999,25.0,23.3,1012.6,4.6,170.0,
2016-08-31 04:00:00,114.6621,24.4,23.3,1012.5,4.1,160.0,
2016-08-31 05:00:00,114.5021,24.4,23.3,1012.7,4.1,170.0,
2016-08-31 06:00:00,113.0218,25.0,23.3,1012.8,4.6,170.0,
2016-08-31 07:00:00,114.5821,25.0,23.3,1012.9,5.1,180.0,8.0
2016-08-31 08:00:00,110.82140000000001,25.6,23.9,1013.1,3.6,170.0,
2016-08-31 09:00:00,110.2613,26.7,23.9,1013.7,5.1,190.0,
2016-08-31 10:00:00,111.22149999999999,26.7,23.9,1014.0,3.1,200.0,
2016-08-31 11:00:00,109.061,27.8,23.9,1013.6,3.6,140.0,
2016-08-31 12:00:00,108.901,28.9,23.9,1013.3,5.7,180.0,
2016-08-31 13:00:00,110.1812,29.4,23.9,1013.1,3.6,190.0,8.0
2016-08-31 14:00:00,110.1013,29.4,23.3,1012.7,4.6,230.0,
2016-08-31 15:00:00,109.5412,28.9,23.9,1012.1,5.1,230.0,
2016-08-31 16:00:00,109.22109999999999,27.2,23.3,1012.2,12.9,170.0,
2016-08-31 17:00:00,107.9408,23.3,21.7,1012.7,3.1,220.0,
2016-08-31 18:00:00,108.62100000000001,23.9,22.8,1012.6,2.1,260.0,
2016-08-31 19:00:00,109.3411,24.4,23.3,1013.7,2.1,200.0,8.0
2016-08-31 20:00:00,108.74090000000001,24.4,23.3,1014.3,0.0,0.0,
2016-08-31 21:00:00,111.3815,23.9,22.8,,6.2,220.0,
2016-08-31 22:00:00,109.34110000000001,23.9,22.8,1015.0,2.6,210.0,
2016-08-31 23:00:00,113.4219,23.3,22.2,1015.7,3.6,170.0,
2016-09-01 00:00:00,116.3825,23.3,22.2,1015.2,2.6,170.0,
2016-09-01 01:00:00,114.38210000000001,23.3,22.2,1014.3,2.6,170.0,8.0
2016-09-01 02:00:00,116.7025,23.3,22.8,1013.5,2.1,120.0,
2016-09-01 03:00:00,114.46209999999999,23.3,22.2,1012.7,3.1,120.0,
2016-09-01 04:00:00,117.0226,23.3,22.2,1012.4,3.1,120.0,
2016-09-01 05:00:00,116.1824,23.3,22.2,1012.6,2.6,120.0,
2016-09-01 06:00:00,115.10220000000001,23.3,22.2,1012.8,4.1,120.0,
2016-09-01 07:00:00,116.0224,23.3,22.2,1013.2,3.6,130.0,8.0
2016-09-01 08:00:00,114.78209999999999,24.4,22.8,1013.5,3.6,120.0,
2016-09-01 09:00:00,113.94200000000001,25.6,23.3,1013.6,3.6,140.0,
2016-09-01 10:00:00,110.9014,27.8,24.4,1013.4,5.1,130.0,
2016-09-01 11:00:00,113.18179999999998,28.9,24.4,1013.3,3.6,140.0,
2016-09-01 12:00:00,112.06159999999997,30.0,24.4,1012.7,7.2,150.0,
2016-09-01 13:00:00,111.7416,30.0,24.4,1012.4,4.1,170.0,8.0
2016-09-01 14:00:00,111.5015,29.4,24.4,1011.7,5.7,150.0,
2016-09-01 15:00:00,111.74159999999998,28.3,25.0,1011.2,2.6,140.0,
2016-09-01 16:00:00,112.10159999999999,28.3,23.3,1011.3,7.7,160.0,
2016-09-01 17:00:00,111.5415,27.2,22.8,1011.0,5.7,150.0,
2016-09-01 18:00:00,109.8612,26.1,22.8,1011.1,4.6,130.0,
2016-09-01 19:00:00,110.5813,25.6,23.9,1011.2,9.3,160.0,8.0
2016-09-01 20:00:00,109.62109999999998,25.0,23.9,1011.0,4.1,130.0,
2016-09-01 21:00:00,110.7414,26.1,23.9,1011.2,4.6,140.0,
2016-09-01 22:00:00,111.4615,26.7,23.9,1010.9,7.2,150.0,
2016-09-01 23:00:00,111.6216,27.2,24.4,1011.1,7.2,170.0,
2016-09-02 00:00:00,113.0218,27.2,24.4,1011.2,6.7,170.0,
2016-09-02 01:00:00,113.78190000000001,27.2,24.4,1010.3,7.7,170.0,8.0
2016-09-02 02:00:00,113.18180000000001,27.8,23.9,,8.2,180.0,
2016-09-02 03:00:00,112.58179999999999,27.8,23.9,1010.1,7.7,190.0,
2016-09-02 04:00:00,112.7818,27.2,24.4,1010.7,6.7,190.0,
2016-09-02 05:00:00,113.62190000000001,27.2,24.4,1012.3,6.7,200.0,
2016-09-02 06:00:00,111.7015,24.4,22.8,1012.3,3.6,210.0,
2016-09-02 07:00:00,114.8622,26.1,25.0,1012.4,5.1,180.0,8.0
2016-09-02 08:00:00,110.78139999999999,25.6,22.8,1012.5,7.7,200.0,
2016-09-02 09:00:00,109.8612,25.0,23.3,1013.2,5.1,220.0,
2016-09-02 10:00:00,112.5017,23.9,22.2,1014.0,7.2,200.0,
2016-09-02 11:00:00,113.78200000000001,24.4,22.8,1014.5,7.2,200.0,
2016-09-02 12:00:00,113.0618,26.1,22.8,1014.3,8.8,220.0,
2016-09-02 13:00:00,111.5015,26.7,22.2,1013.8,6.7,200.0,6.0
2016-09-02 14:00:00,109.9412,28.3,21.7,1013.8,8.8,200.0,
2016-09-02 15:00:00,110.0613,27.8,22.2,1014.0,7.2,200.0,
2016-09-02 16:00:00,110.66129999999998,29.4,22.8,1013.6,6.2,220.0,
2016-09-02 17:00:00,108.42089999999999,29.4,22.8,1013.5,5.7,210.0,
2016-09-02 18:00:00,109.5812,28.3,22.8,1014.2,4.6,200.0,
2016-09-02 19:00:00,111.38149999999999,27.2,22.8,1014.4,4.6,200.0,6.0
2016-09-02 20:00:00,112.0616,27.2,22.2,1015.2,4.1,220.0,
2016-09-02 21:00:00,111.38149999999999,26.7,21.7,1015.7,3.1,240.0,
2016-09-02 22:00:00,110.1012,25.6,22.2,1015.5,2.1,190.0,
2016-09-02 23:00:00,111.5815,25.0,22.2,1015.6,0.0,0.0,
2016-09-03 00:00:00,114.382,24.4,22.2,1015.8,1.5,170.0,
2016-09-03 01:00:00,113.50189999999998,24.4,22.8,1015.6,2.1,170.0,8.0
2016-09-03 02:00:00,114.78209999999999,24.4,23.3,1015.4,1.5,180.0,
2016-09-03 03:00:00,114.78209999999999,24.4,23.3,1015.5,2.1,180.0,
2016-09-03 04:00:00,116.42250000000001,24.4,23.3,1015.6,2.6,200.0,
2016-09-03 05:00:00,114.1421,23.9,23.3,1015.8,2.1,190.0,
2016-09-03 06:00:00,113.74199999999999,23.9,22.8,1016.1,2.6,190.0,
2016-09-03 07:00:00,114.8622,23.9,23.3,1016.6,2.6,210.0,6.0
2016-09-03 08:00:00,109.9412,25.6,23.3,1016.7,3.6,180.0,4.0
2016-09-03 09:00:00,109.34110000000001,27.2,23.3,1017.3,2.6,200.0,4.0
2016-09-03 10:00:00,108.1008,28.9,23.3,1017.2,2.6,160.0,4.0
2016-09-03 11:00:00,108.1409,28.3,23.3,1017.6,3.1,200.0,
2016-09-03 12:00:00,106.0204,23.9,22.8,,2.1,230.0,
2016-09-03 13:00:00,103.5399,27.2,23.3,1017.4,3.6,280.0,6.0
2016-09-03 14:00:00,107.9808,28.9,23.3,1016.8,3.6,260.0,
2016-09-03 15:00:00,109.3011,30.6,22.8,1015.9,3.6,270.0,
2016-09-03 16:00:00,108.62100000000001,30.6,22.2,1016.1,5.7,260.0,
2016-09-03 17:00:00,107.2607,30.0,21.7,1015.9,4.1,250.0,
2016-09-03 18:00:00,107.9409,30.0,22.2,1015.8,3.1,260.0,
2016-09-03 19:00:00,108.541,28.9,22.2,1016.7,1.5,280.0,6.0
2016-09-03 20:00:00,110.7014,28.3,22.8,1017.7,2.1,270.0,
2016-09-03 21:00:00,109.8213,28.3,23.3,1018.0,2.1,280.0,
2016-09-03 22:00:00,109.3811,27.8,23.3,1018.4,3.1,320.0,4.0
2016-09-03 23:00:00,110.78129999999999,27.2,23.3,1018.5,2.6,320.0,4.0
2016-09-04 00:00:00,112.3016,26.1,23.3,1018.7,0.0,0.0,4.0
2016-09-04 01:00:00,114.10199999999999,25.0,23.3,1018.0,0.0,0.0,4.0
2016-09-04 02:00:00,111.0214,25.0,23.3,1017.5,0.0,0.0,2.0
2016-09-04 03:00:00,114.2621,23.9,22.8,1017.4,1.5,130.0,2.0
2016-09-04 04:00:00,113.3018,25.0,23.9,1017.5,0.0,0.0,4.0
2016-09-04 05:00:00,115.94239999999999,25.0,23.3,1017.8,1.5,360.0,2.0
2016-09-04 06:00:00,114.78219999999999,25.0,23.3,1018.0,0.0,0.0,4.0
2016-09-04 07:00:00,117.4627,25.6,23.9,1018.5,1.5,360.0,4.0
2016-09-04 08:00:00,112.90180000000001,26.7,23.3,1019.0,2.1,360.0,
2016-09-04 09:00:00,109.4611,28.3,22.8,1019.3,0.0,0.0,
2016-09-04 10:00:00,112.6617,30.6,22.2,1019.5,0.0,0.0,
2016-09-04 11:00:00,118.3428,31.1,22.2,1019.5,2.1,70.0,4.0
2016-09-04 12:00:00,109.2611,31.7,21.7,1019.0,0.0,0.0,
2016-09-04 13:00:00,108.5409,31.1,21.7,1018.3,0.0,0.0,6.0
2016-09-04 14:00:00,108.02080000000001,32.2,21.7,1017.4,2.6,190.0,
2016-09-04 15:00:00,112.7818,32.8,22.2,1016.5,2.6,210.0,
2016-09-04 16:00:00,118.0228,31.7,22.8,1016.3,4.6,150.0,
2016-09-04 17:00:00,107.4207,25.0,22.2,1017.3,6.7,20.0,
2016-09-04 18:00:00,107.7409,24.0,23.0,1019.1,0.0,0.0,
2016-09-04 19:00:00,108.18090000000001,23.9,22.8,1018.9,0.0,0.0,8.0
2016-09-04 20:00:00,108.9811,23.9,23.3,1019.1,1.5,80.0,
2016-09-04 21:00:00,110.1012,23.9,23.3,1019.1,0.0,0.0,
2016-09-04 22:00:00,110.0613,24.4,23.3,1020.1,2.6,80.0,
2016-09-04 23:00:00,109.3811,24.4,23.9,1019.5,2.1,30.0,
2016-09-05 00:00:00,113.62190000000001,23.9,23.3,1019.5,2.6,360.0,
2016-09-05 01:00:00,114.46209999999999,23.9,23.3,1019.2,2.6,30.0,6.0
2016-09-05 02:00:00,115.5823,23.3,23.3,1018.7,1.5,360.0,
2016-09-05 03:00:00,114.4221,23.3,23.3,1018.4,2.1,60.0,
2016-09-05 04:00:00,116.1824,22.8,22.8,1018.6,2.1,50.0,
2016-09-05 05:00:00,114.9021,22.8,22.8,1018.7,3.1,350.0,2.0
2016-09-05 06:00:00,116.1024,22.2,22.2,1019.1,2.1,350.0,2.0
2016-09-05 07:00:00,115.3823,22.8,22.8,1019.6,3.1,360.0,6.0
2016-09-05 08:00:00,114.3021,24.4,23.9,1020.1,2.6,360.0,
2016-09-05 09:00:00,107.7008,27.2,23.9,1020.3,4.6,60.0,4.0
2016-09-05 10:00:00,108.5009,29.4,23.9,1020.6,4.6,60.0,
2016-09-05 11:00:00,109.9412,30.6,23.3,1020.2,5.1,60.0,
2016-09-05 12:00:00,109.18110000000001,29.4,23.3,1020.0,5.7,40.0,
2016-09-05 13:00:00,107.7808,26.1,23.9,1020.1,6.7,40.0,6.0
2016-09-05 14:00:00,108.2608,27.2,23.3,1019.7,5.7,70.0,
2016-09-05 15:00:00,108.2209,27.8,21.7,1019.0,6.7,40.0,
2016-09-05 16:00:00,109.6611,27.2,21.1,1018.8,7.2,40.0,
2016-09-05 17:00:00,110.0612,27.8,21.1,1018.9,7.2,40.0,
2016-09-05 18:00:00,109.9812,27.2,21.1,1019.3,6.7,40.0,
2016-09-05 19:00:00,112.1817,26.7,20.6,1019.8,5.7,40.0,6.0
2016-09-05 20:00:00,114.7021,26.1,20.6,1020.4,4.6,30.0,
2016-09-05 21:00:00,114.182,25.6,20.6,1020.9,4.1,10.0,
2016-09-05 22:00:00,114.062,25.6,20.0,1021.1,3.6,20.0,
2016-09-05 23:00:00,113.94200000000001,24.4,20.6,1021.0,3.6,30.0,2.0
2016-09-06 00:00:00,117.3026,23.9,20.6,1020.8,3.6,30.0,2.0
2016-09-06 01:00:00,113.2619,23.3,20.6,1020.5,3.1,20.0,2.0
2016-09-06 02:00:00,119.023,23.3,20.0,1019.7,4.1,30.0,0.0
2016-09-06 03:00:00,116.70249999999999,22.8,20.0,1019.9,2.6,20.0,0.0
2016-09-06 04:00:00,119.94309999999999,22.2,20.0,1019.9,2.1,350.0,2.0
2016-09-06 05:00:00,118.14280000000001,22.2,20.0,1020.0,2.1,10.0,2.0
2016-09-06 06:00:00,115.50229999999999,22.2,20.0,1020.5,3.1,10.0,2.0
2016-09-06 07:00:00,117.9427,23.3,20.6,1021.0,3.1,10.0,2.0
2016-09-06 08:00:00,115.78229999999999,25.0,20.6,1021.3,3.1,10.0,2.0
2016-09-06 09:00:00,116.4624,27.8,20.6,1021.5,3.6,20.0,2.0
2016-09-06 10:00:00,109.18109999999999,28.9,20.6,1022.0,4.6,40.0,4.0
2016-09-06 11:00:00,118.983,30.0,20.0,1022.0,4.6,60.0,
2016-09-06 12:00:00,105.94040000000001,31.1,19.4,1021.6,5.1,50.0,4.0
2016-09-06 13:00:00,106.86070000000001,31.1,18.9,1021.0,3.1,80.0,4.0
2016-09-06 14:00:00,107.1807,31.7,19.4,1020.3,3.6,70.0,4.0
2016-09-06 15:00:00,107.70079999999999,31.7,20.6,1019.8,6.7,70.0,
2016-09-06 16:00:00,108.5809,30.6,20.0,1019.5,5.7,60.0,
2016-09-06 17:00:00,107.10059999999999,30.0,21.7,1020.0,6.2,50.0,4.0
2016-09-06 18:00:00,107.58070000000001,28.3,21.1,1020.2,5.7,60.0,4.0
2016-09-06 19:00:00,105.7804,27.2,21.1,1020.5,4.6,60.0,4.0
2016-09-06 20:00:00,109.9012,26.1,21.1,1020.8,4.1,60.0,0.0
2016-09-06 21:00:00,109.74109999999999,25.6,21.1,1021.2,3.6,50.0,0.0
2016-09-06 22:00:00,109.30109999999999,25.0,21.1,1021.5,4.1,60.0,4.0
2016-09-06 23:00:00,112.22159999999997,25.0,21.1,1021.4,3.6,60.0,
2016-09-07 00:00:00,111.38139999999999,25.0,21.7,1021.3,3.6,50.0,
2016-09-07 01:00:00,114.8221,25.0,21.7,1020.9,2.6,40.0,8.0
2016-09-07 02:00:00,112.0216,24.4,21.7,1020.5,2.6,40.0,4.0
2016-09-07 03:00:00,115.34219999999999,23.9,21.7,1020.0,2.1,60.0,0.0
2016-09-07 04:00:00,115.3022,23.3,21.7,1020.1,3.1,20.0,2.0
2016-09-07 05:00:00,117.2226,23.9,21.1,1020.4,4.1,40.0,2.0
2016-09-07 06:00:00,116.8226,23.9,21.1,1020.8,2.6,60.0,2.0
2016-09-07 07:00:00,117.1426,23.9,21.1,1021.1,1.5,30.0,2.0
2016-09-07 08:00:00,115.70230000000001,26.7,21.1,1021.7,3.1,50.0,0.0
2016-09-07 09:00:00,104.4202,28.3,21.7,1022.3,3.1,60.0,2.0
2016-09-07 10:00:00,107.8608,29.4,20.6,1022.6,3.6,80.0,2.0
2016-09-07 11:00:00,108.2209,30.6,20.0,1022.5,5.1,90.0,4.0
2016-09-07 12:00:00,109.78120000000001,30.6,18.9,1022.1,3.6,100.0,4.0
2016-09-07 13:00:00,108.46100000000001,31.1,18.9,1021.4,5.1,50.0,6.0
2016-09-07 14:00:00,107.26070000000001,31.1,18.3,1020.8,4.6,100.0,4.0
2016-09-07 15:00:00,107.54079999999999,31.7,18.3,1020.1,4.6,60.0,4.0
2016-09-07 16:00:00,108.0609,31.1,17.8,1019.8,5.1,90.0,2.0
2016-09-07 17:00:00,109.3411,30.6,18.3,1019.9,4.1,70.0,2.0
2016-09-07 18:00:00,107.4608,28.9,18.3,1019.8,6.2,80.0,2.0
2016-09-07 19:00:00,103.74000000000001,27.2,19.4,1020.1,4.6,60.0,2.0
2016-09-07 20:00:00,107.7807,26.1,20.6,1020.4,3.6,60.0,0.0
2016-09-07 21:00:00,111.4616,25.0,20.0,1020.3,4.1,60.0,0.0
2016-09-07 22:00:00,109.74109999999999,24.4,20.0,1020.4,2.6,80.0,2.0
2016-09-07 23:00:00,113.78200000000001,23.9,20.0,1020.2,1.5,80.0,0.0
2016-09-08 00:00:00,114.50210000000001,23.3,20.0,1020.0,1.5,70.0,0.0
2016-09-08 01:00:00,116.3025,22.8,20.6,1019.6,2.1,360.0,0.0
2016-09-08 02:00:00,118.78299999999999,23.3,20.6,1019.2,2.6,10.0,4.0
2016-09-08 03:00:00,113.902,22.8,20.6,1018.9,2.6,360.0,4.0
2016-09-08 04:00:00,119.0629,22.8,20.0,1018.8,2.1,10.0,
2016-09-08 05:00:00,113.4219,22.2,20.6,1018.6,2.1,350.0,2.0
2016-09-08 06:00:00,115.9024,22.8,20.0,1018.9,2.1,360.0,2.0
2016-09-08 07:00:00,115.70230000000001,23.3,20.0,1019.1,2.6,360.0,0.0
2016-09-08 08:00:00,114.10210000000001,26.1,20.6,1019.2,3.6,30.0,0.0
2016-09-08 09:00:00,107.82079999999999,28.3,21.1,1019.5,4.6,60.0,0.0
2016-09-08 10:00:00,110.3013,28.9,21.7,1019.5,4.1,60.0,2.0
2016-09-08 11:00:00,109.62110000000001,29.4,22.2,1019.3,5.7,60.0,
2016-09-08 12:00:00,110.78129999999999,30.6,22.2,,6.2,50.0,
2016-09-08 13:00:00,108.86099999999999,31.7,22.2,1018.1,4.6,70.0,6.0
2016-09-08 14:00:00,109.8612,31.1,22.2,1017.1,6.7,60.0,4.0
2016-09-08 15:00:00,111.14150000000001,31.1,22.2,1016.6,6.2,70.0,
2016-09-08 16:00:00,110.94139999999999,30.6,22.2,1016.3,5.7,80.0,
2016-09-08 17:00:00,110.54129999999999,30.0,21.7,1016.4,6.7,50.0,4.0
2016-09-08 18:00:00,108.6209,28.9,21.7,1016.7,6.7,70.0,4.0
2016-09-08 19:00:00,106.5005,27.8,21.7,1017.0,6.2,60.0,2.0
2016-09-08 20:00:00,106.70060000000001,26.7,21.1,1017.5,4.6,60.0,0.0
2016-09-08 21:00:00,107.8208,26.1,20.6,1018.2,3.1,60.0,2.0
2016-09-08 22:00:00,111.5016,25.0,20.6,1018.3,1.5,70.0,2.0
2016-09-08 23:00:00,111.06139999999999,25.0,21.1,1018.0,1.5,60.0,0.0
2016-09-09 00:00:00,112.5018,24.4,21.7,1017.7,2.1,10.0,2.0
2016-09-09 01:00:00,113.70190000000001,24.4,21.7,1017.4,1.5,20.0,0.0
2016-09-09 02:00:00,114.02199999999999,23.9,21.1,1017.0,2.6,350.0,0.0
2016-09-09 03:00:00,114.78209999999999,23.9,21.7,1016.7,2.1,360.0,0.0
2016-09-09 04:00:00,113.5419,23.9,22.2,1016.4,2.6,10.0,2.0
2016-09-09 05:00:00,113.74189999999999,23.9,22.2,1016.6,2.1,360.0,2.0
2016-09-09 06:00:00,114.8621,23.9,22.2,1017.0,2.6,20.0,2.0
2016-09-09 07:00:00,111.50150000000001,25.6,23.3,1017.3,2.1,20.0,2.0
2016-09-09 08:00:00,107.9809,27.8,24.4,1017.7,3.6,60.0,4.0
2016-09-09 09:00:00,106.4205,28.9,23.9,1017.7,4.1,60.0,4.0
2016-09-09 10:00:00,109.02099999999999,30.6,23.9,1017.9,3.6,50.0,
2016-09-09 11:00:00,108.5009,30.6,23.3,1017.9,4.1,70.0,
2016-09-09 12:00:00,110.38130000000001,31.1,23.3,1017.3,3.6,90.0,
2016-09-09 13:00:00,111.2614,31.7,23.3,1016.7,4.1,70.0,6.0
2016-09-09 14:00:00,108.741,32.2,23.9,1016.2,5.1,80.0,4.0
2016-09-09 15:00:00,110.9014,32.2,23.3,1015.5,6.7,60.0,
2016-09-09 16:00:00,111.1815,31.7,23.3,1015.4,6.2,70.0,
2016-09-09 17:00:00,111.9016,31.1,23.3,1015.6,5.7,60.0,
2016-09-09 18:00:00,111.7416,30.6,23.9,1015.9,5.7,60.0,
2016-09-09 19:00:00,108.58090000000001,28.9,23.9,1016.5,5.1,80.0,6.0
2016-09-09 20:00:00,109.94120000000001,27.8,23.9,1017.8,4.1,80.0,
2016-09-09 21:00:00,109.9412,27.2,23.9,1018.1,3.6,70.0,4.0
2016-09-09 22:00:00,109.1811,26.7,24.4,1018.4,2.6,80.0,
2016-09-09 23:00:00,109.0611,26.7,24.4,1018.5,2.6,80.0,
2016-09-10 00:00:00,109.7011,26.1,24.4,1017.9,1.5,80.0,
2016-09-10 01:00:00,110.1412,25.6,23.9,1017.3,2.1,90.0,6.0
2016-09-10 02:00:00,110.94140000000002,25.6,23.9,1017.3,1.5,40.0,4.0
2016-09-10 03:00:00,113.74189999999997,25.6,23.9,1016.5,0.0,0.0,2.0
2016-09-10 04:00:00,113.5419,25.6,23.9,1016.3,0.0,0.0,2.0
2016-09-10 05:00:00,113.782,24.4,23.3,1016.5,0.0,0.0,2.0
2016-09-10 06:00:00,111.50150000000001,25.0,23.3,1017.0,0.0,0.0,2.0
2016-09-10 07:00:00,112.3416,26.1,24.4,1017.9,0.0,0.0,2.0
2016-09-10 08:00:00,109.8212,27.8,25.0,1018.7,2.6,70.0,2.0
2016-09-10 09:00:00,106.26050000000001,28.9,24.4,1019.2,1.5,110.0,2.0
2016-09-10 10:00:00,108.58090000000001,30.6,22.8,1019.5,2.6,80.0,4.0
2016-09-10 11:00:00,109.3811,31.7,22.8,1019.3,2.1,90.0,4.0
2016-09-10 12:00:00,107.9408,32.2,22.8,1018.6,2.6,170.0,4.0
2016-09-10 13:00:00,109.3011,31.7,21.7,1018.2,2.6,,6.0
2016-09-10 14:00:00,108.42089999999999,30.6,22.8,1017.7,5.7,90.0,4.0
2016-09-10 15:00:00,109.6611,32.2,21.7,1017.0,4.6,90.0,4.0
2016-09-10 16:00:00,109.6611,31.7,23.3,1016.7,5.1,110.0,4.0
2016-09-10 17:00:00,109.5412,30.6,22.2,1017.1,5.1,100.0,4.0
2016-09-10 18:00:00,108.58089999999999,30.0,22.2,1017.4,4.6,90.0,4.0
2016-09-10 19:00:00,106.7405,27.8,22.8,1017.7,4.1,100.0,4.0
2016-09-10 20:00:00,108.861,27.2,22.8,1018.3,3.6,110.0,4.0
2016-09-10 21:00:00,107.7807,26.7,23.9,1018.8,2.6,130.0,4.0
2016-09-10 22:00:00,108.02080000000001,26.7,23.9,1018.9,3.1,130.0,
2016-09-10 23:00:00,110.62129999999999,25.6,23.9,1019.0,0.0,0.0,
2016-09-11 00:00:00,110.1813,25.6,23.9,1018.8,0.0,0.0,4.0
2016-09-11 01:00:00,113.18189999999998,24.4,23.3,1018.4,0.0,0.0,4.0
2016-09-11 02:00:00,111.5415,25.6,24.4,1018.0,0.0,0.0,4.0
2016-09-11 03:00:00,110.2212,25.0,23.9,1017.7,2.1,100.0,2.0
2016-09-11 04:00:00,111.1814,25.0,23.9,1017.8,0.0,0.0,2.0
2016-09-11 05:00:00,110.7814,24.4,23.3,1018.3,0.0,0.0,2.0
2016-09-11 06:00:00,111.86160000000001,24.4,23.3,1018.8,0.0,0.0,4.0
2016-09-11 07:00:00,113.2219,25.6,23.9,1019.0,0.0,0.0,4.0
2016-09-11 08:00:00,107.74080000000001,27.2,24.4,1019.2,0.0,0.0,4.0
2016-09-11 09:00:00,105.94040000000001,28.9,23.3,1019.2,0.0,0.0,2.0
2016-09-11 10:00:00,109.62109999999998,30.6,23.3,1019.6,2.1,,4.0
2016-09-11 11:00:00,109.101,31.1,21.7,1019.5,3.1,100.0,4.0
2016-09-11 12:00:00,110.1813,32.2,22.2,1018.5,3.1,100.0,
2016-09-11 13:00:00,112.5017,32.2,23.3,1018.2,6.2,100.0,4.0
2016-09-11 14:00:00,117.0625,32.2,22.2,1017.5,3.6,100.0,4.0
2016-09-11 15:00:00,106.86070000000001,31.7,21.7,1017.0,4.6,70.0,4.0
2016-09-11 16:00:00,105.50039999999998,32.2,22.8,1016.3,5.1,90.0,4.0
2016-09-11 17:00:00,108.1409,31.7,21.7,1016.2,5.1,90.0,4.0
2016-09-11 18:00:00,108.10079999999999,30.0,22.2,1016.7,5.7,110.0,4.0
2016-09-11 19:00:00,107.74080000000001,28.3,22.2,1016.8,5.1,100.0,4.0
2016-09-11 20:00:00,110.22129999999999,27.8,23.3,1017.3,3.1,90.0,2.0
2016-09-11 21:00:00,107.98079999999999,26.7,23.3,1017.8,2.6,100.0,2.0
2016-09-11 22:00:00,108.541,26.1,23.9,1017.6,1.5,100.0,2.0
2016-09-11 23:00:00,110.3013,26.1,23.3,1017.7,1.5,80.0,
2016-09-12 00:00:00,109.5812,25.6,23.9,1017.4,1.5,120.0,4.0
2016-09-12 01:00:00,110.5413,25.6,23.9,1017.0,0.0,0.0,4.0
2016-09-12 02:00:00,112.0216,25.6,23.3,1016.8,2.1,60.0,2.0
2016-09-12 03:00:00,112.3416,25.0,23.3,1016.3,2.6,80.0,4.0
2016-09-12 04:00:00,112.86179999999997,25.0,23.3,1016.2,2.1,80.0,4.0
2016-09-12 05:00:00,111.6616,25.0,23.3,1016.2,2.1,80.0,2.0
2016-09-12 06:00:00,110.7013,25.0,23.3,1016.8,2.1,70.0,
2016-09-12 07:00:00,110.5814,25.6,23.9,1017.2,2.6,70.0,6.0
2016-09-12 08:00:00,105.8604,27.2,24.4,1017.2,3.6,100.0,
2016-09-12 09:00:00,106.7006,28.9,23.9,1017.0,4.1,110.0,
2016-09-12 10:00:00,108.901,30.0,23.3,1017.4,4.6,90.0,
2016-09-12 11:00:00,110.2213,30.0,23.3,1017.5,4.1,100.0,
2016-09-12 12:00:00,111.3015,31.7,22.2,1017.0,5.1,80.0,
2016-09-12 13:00:00,110.06119999999999,31.1,22.2,1016.2,5.7,90.0,6.0
2016-09-12 14:00:00,111.1014,32.8,21.1,1015.4,7.2,100.0,
2016-09-12 15:00:00,110.1013,31.1,22.2,1015.0,6.7,50.0,
2016-09-12 16:00:00,110.7414,31.7,22.2,1014.6,7.2,70.0,
2016-09-12 17:00:00,110.9415,29.4,21.7,1014.8,7.7,90.0,
2016-09-12 18:00:00,108.0608,26.1,21.7,1015.3,4.1,70.0,
2016-09-12 19:00:00,105.22030000000001,26.1,22.2,1015.2,3.6,70.0,8.0
2016-09-12 20:00:00,107.9408,26.1,22.2,1015.6,4.6,70.0,
2016-09-12 21:00:00,107.3007,26.1,22.8,1016.0,4.6,80.0,
2016-09-12 22:00:00,107.0206,25.6,22.2,1016.3,5.1,90.0,
2016-09-12 23:00:00,109.4211,25.0,22.8,1016.3,3.6,60.0,
2016-09-13 00:00:00,113.4619,25.0,22.2,1015.5,4.1,50.0,
2016-09-13 01:00:00,112.70169999999997,25.0,22.2,1014.8,5.1,50.0,6.0
2016-09-13 02:00:00,109.7812,25.0,22.8,1014.1,4.1,20.0,4.0
2016-09-13 03:00:00,110.0613,25.0,23.3,1014.0,3.6,40.0,
2016-09-13 04:00:00,110.6613,24.4,23.3,1013.7,3.6,360.0,
2016-09-13 05:00:00,110.1812,25.0,23.3,1013.6,5.1,30.0,
2016-09-13 06:00:00,108.02080000000001,24.4,23.3,1013.5,4.6,10.0,
2016-09-13 07:00:00,109.78119999999998,24.4,23.3,1013.7,4.6,360.0,6.0
2016-09-13 08:00:00,108.901,25.0,23.3,1014.0,5.7,20.0,
2016-09-13 09:00:00,89.6573,25.6,23.9,1014.5,3.6,330.0,
2016-09-13 10:00:00,112.8218,26.1,23.9,1014.8,3.6,310.0,
2016-09-13 11:00:00,109.5812,26.7,23.3,1014.9,3.6,290.0,
2016-09-13 12:00:00,109.8212,27.8,23.9,1014.5,5.7,210.0,
2016-09-13 13:00:00,109.5411,25.6,23.9,1014.3,4.6,200.0,6.0
2016-09-13 14:00:00,113.0218,25.6,23.9,1013.8,1.5,170.0,
2016-09-13 15:00:00,109.30109999999999,28.9,23.9,1012.8,3.6,230.0,
2016-09-13 16:00:00,109.4211,27.8,23.9,1013.0,7.2,150.0,
2016-09-13 17:00:00,108.1409,25.0,24.0,1014.3,5.7,190.0,
2016-09-13 18:00:00,110.8614,24.4,23.3,1014.6,4.6,160.0,
2016-09-13 19:00:00,111.1815,25.0,23.3,1015.2,3.6,210.0,8.0
2016-09-13 20:00:00,111.4615,25.0,23.3,1015.9,3.1,170.0,
2016-09-13 21:00:00,112.3417,25.0,23.9,1016.7,2.6,180.0,
2016-09-13 22:00:00,110.7414,25.0,23.9,1016.7,3.6,160.0,
2016-09-13 23:00:00,113.02179999999998,25.0,23.9,1017.2,3.6,170.0,
2016-09-14 00:00:00,113.70190000000001,25.0,23.9,1017.0,3.6,180.0,
2016-09-14 01:00:00,115.54230000000001,24.4,23.3,1016.3,3.1,170.0,8.0
2016-09-14 02:00:00,115.3423,25.0,23.9,1015.8,4.1,180.0,
2016-09-14 03:00:00,114.182,24.4,23.3,1015.8,2.6,180.0,
2016-09-14 04:00:00,115.22219999999999,24.4,23.3,1015.7,3.1,170.0,
2016-09-14 05:00:00,115.1422,24.4,23.3,1016.1,1.5,140.0,
2016-09-14 06:00:00,113.26179999999997,23.9,23.3,1016.4,2.1,200.0,
2016-09-14 07:00:00,113.70190000000001,24.4,23.9,1017.2,1.5,160.0,6.0
2016-09-14 08:00:00,115.0222,25.6,24.4,1017.7,3.6,180.0,
2016-09-14 09:00:00,109.50110000000001,27.2,24.4,1017.4,4.6,180.0,
2016-09-14 10:00:00,107.4608,29.4,24.4,1017.9,5.7,190.0,
2016-09-14 11:00:00,110.30120000000001,29.4,23.9,1017.9,4.1,210.0,
2016-09-14 12:00:00,110.8614,31.7,23.3,1017.1,5.1,190.0,
2016-09-14 13:00:00,111.86149999999999,31.1,23.3,1016.4,6.7,200.0,6.0
2016-09-14 14:00:00,110.50130000000001,30.0,23.3,1015.7,3.6,170.0,
2016-09-14 15:00:00,111.9416,30.0,23.0,1015.4,2.6,150.0,
2016-09-14 16:00:00,110.4613,26.1,23.9,1014.9,1.5,200.0,
2016-09-14 17:00:00,109.261,29.4,24.4,1015.4,4.6,220.0,
2016-09-14 18:00:00,109.4211,28.9,22.8,1016.4,2.1,190.0,
2016-09-14 19:00:00,107.0207,26.7,23.9,1016.7,2.1,170.0,8.0
2016-09-14 20:00:00,107.7409,26.7,24.4,1016.8,1.5,160.0,
2016-09-14 21:00:00,109.94120000000001,26.1,24.4,1016.7,1.5,180.0,
2016-09-14 22:00:00,110.4213,25.6,23.9,1017.0,0.0,0.0,
2016-09-14 23:00:00,111.7816,25.6,23.9,1017.3,2.1,160.0,
2016-09-15 00:00:00,111.4615,25.0,23.9,1017.1,0.0,0.0,
2016-09-15 01:00:00,112.4217,24.4,23.3,1016.5,2.1,170.0,6.0
2016-09-15 02:00:00,110.6214,24.4,23.9,1016.1,0.0,0.0,
2016-09-15 03:00:00,113.26180000000001,24.4,23.9,1015.8,0.0,0.0,
2016-09-15 04:00:00,111.5015,24.4,23.9,1015.7,0.0,0.0,
2016-09-15 05:00:00,112.2216,24.4,23.9,1015.7,0.0,0.0,
2016-09-15 06:00:00,114.222,23.9,23.3,1016.0,1.5,180.0,
2016-09-15 07:00:00,113.6619,24.4,23.9,1016.6,0.0,0.0,4.0
2016-09-15 08:00:00,113.0618,26.1,24.4,1016.9,0.0,0.0,4.0
2016-09-15 09:00:00,108.3409,27.8,23.9,1017.4,0.0,0.0,4.0
2016-09-15 10:00:00,108.541,29.4,23.3,1017.5,0.0,0.0,4.0
2016-09-15 11:00:00,108.781,28.9,24.4,1017.7,2.6,300.0,4.0
2016-09-15 12:00:00,108.6609,31.7,23.9,1017.0,2.1,,
2016-09-15 13:00:00,109.6611,31.7,22.8,1016.3,2.6,190.0,6.0
2016-09-15 14:00:00,109.3811,31.7,23.3,1015.5,4.1,130.0,
2016-09-15 15:00:00,109.8612,32.8,23.3,1014.8,1.5,130.0,
2016-09-15 16:00:00,108.0608,30.0,23.3,1014.8,6.2,330.0,
2016-09-15 17:00:00,105.1003,28.3,23.3,1015.3,4.1,30.0,
2016-09-15 18:00:00,106.8606,27.2,23.9,1015.4,3.6,40.0,
2016-09-15 19:00:00,107.26070000000001,25.6,23.3,1016.2,4.1,90.0,6.0
2016-09-15 20:00:00,108.541,25.0,22.2,1016.7,2.6,60.0,
2016-09-15 21:00:00,108.661,25.0,22.8,1017.2,2.6,50.0,
2016-09-15 22:00:00,111.7015,25.0,22.8,1017.6,2.1,70.0,
2016-09-15 23:00:00,111.98159999999999,25.0,22.8,1017.9,0.0,0.0,
2016-09-16 00:00:00,114.22199999999998,24.4,22.8,1017.7,0.0,0.0,
2016-09-16 01:00:00,114.102,24.4,22.8,1017.2,0.0,0.0,4.0
2016-09-16 02:00:00,113.3018,23.9,22.8,1016.7,1.5,190.0,2.0
2016-09-16 03:00:00,110.9014,23.9,22.8,1016.1,0.0,0.0,2.0
2016-09-16 04:00:00,112.6217,24.4,23.3,1016.1,2.6,350.0,2.0
2016-09-16 05:00:00,111.7416,24.4,23.3,1016.2,2.6,360.0,2.0
2016-09-16 06:00:00,112.2217,24.4,23.3,1016.7,2.6,350.0,2.0
2016-09-16 07:00:00,111.0214,25.6,23.9,1016.8,2.6,360.0,2.0
2016-09-16 08:00:00,112.0616,27.2,23.3,1017.3,3.1,20.0,2.0
2016-09-16 09:00:00,107.7808,28.3,23.3,1017.8,2.6,50.0,2.0
2016-09-16 10:00:00,121.90360000000001,30.0,23.3,1018.1,2.6,,
2016-09-16 11:00:00,108.741,30.6,22.8,1018.0,2.1,20.0,4.0
2016-09-16 12:00:00,109.7412,31.1,22.2,1017.4,3.1,30.0,
2016-09-16 13:00:00,109.2611,32.2,21.7,1016.7,2.6,40.0,4.0
2016-09-16 14:00:00,110.9014,30.6,22.2,1015.8,1.5,20.0,
2016-09-16 15:00:00,110.9014,31.1,22.8,1015.3,5.1,100.0,
2016-09-16 16:00:00,111.4215,29.4,23.9,1015.6,5.1,100.0,
2016-09-16 17:00:00,112.3817,28.3,23.9,1015.6,4.6,90.0,
2016-09-16 18:00:00,112.42159999999998,27.8,23.3,1016.1,3.1,80.0,4.0
2016-09-16 19:00:00,109.34110000000001,27.8,22.8,1016.3,4.1,30.0,4.0
2016-09-16 20:00:00,110.0212,26.7,22.8,1016.6,4.6,40.0,2.0
2016-09-16 21:00:00,108.861,26.7,23.3,1017.3,3.6,40.0,2.0
2016-09-16 22:00:00,107.7808,26.1,23.9,1017.2,3.6,20.0,2.0
2016-09-16 23:00:00,110.5814,25.6,23.9,1017.4,2.1,350.0,2.0
2016-09-17 00:00:00,110.9814,25.6,23.9,1017.3,2.6,340.0,0.0
2016-09-17 01:00:00,111.3014,25.6,23.9,1017.1,3.6,340.0,2.0
2016-09-17 02:00:00,112.4217,25.6,23.9,1016.7,2.6,340.0,2.0
2016-09-17 03:00:00,111.38149999999999,25.0,23.9,1016.3,2.1,350.0,2.0
2016-09-17 04:00:00,114.46209999999998,25.0,23.9,1016.1,2.6,360.0,2.0
2016-09-17 05:00:00,114.14199999999997,25.0,23.9,1016.4,2.1,340.0,2.0
2016-09-17 06:00:00,112.8618,25.0,23.9,1016.8,2.1,360.0,2.0
2016-09-17 07:00:00,113.622,25.6,23.9,1017.2,2.1,330.0,2.0
2016-09-17 08:00:00,111.4215,27.2,24.4,1017.5,2.6,360.0,2.0
2016-09-17 09:00:00,109.8212,28.9,24.4,1017.7,3.1,10.0,
2016-09-17 10:00:00,109.2611,30.6,23.9,1017.8,3.1,20.0,
2016-09-17 11:00:00,110.9815,31.7,23.3,1017.7,2.1,,
2016-09-17 12:00:00,109.74109999999999,31.7,22.8,1016.8,3.1,,
2016-09-17 13:00:00,109.3811,32.8,23.3,1016.2,2.6,350.0,6.0
2016-09-17 14:00:00,109.4611,32.2,22.8,1015.7,0.0,0.0,
2016-09-17 15:00:00,110.1813,31.0,24.0,1015.3,4.6,100.0,
2016-09-17 16:00:00,111.14150000000001,28.9,23.9,,3.6,100.0,
2016-09-17 17:00:00,111.0214,28.3,23.9,1015.3,2.1,110.0,
2016-09-17 18:00:00,111.7816,28.3,24.4,1015.3,2.1,100.0,4.0
2016-09-17 19:00:00,111.7816,28.3,23.3,1015.6,4.1,50.0,4.0
2016-09-17 20:00:00,111.66149999999999,27.2,23.3,1016.4,4.1,60.0,4.0
2016-09-17 21:00:00,111.0214,26.7,23.9,1016.5,3.1,50.0,4.0
2016-09-17 22:00:00,109.30109999999999,26.7,24.4,1017.0,1.5,20.0,2.0
2016-09-17 23:00:00,110.3813,26.7,24.4,1017.1,1.5,350.0,
2016-09-18 00:00:00,113.0218,26.1,24.4,1016.8,2.1,340.0,2.0
2016-09-18 01:00:00,111.7816,26.1,24.4,1016.3,1.5,330.0,2.0
2016-09-18 02:00:00,112.46170000000001,25.0,23.9,1015.7,1.5,10.0,2.0
2016-09-18 03:00:00,115.4222,25.0,23.9,1015.3,2.6,320.0,0.0
2016-09-18 04:00:00,111.5815,25.0,23.9,1014.8,2.6,360.0,2.0
2016-09-18 05:00:00,115.6223,24.4,23.9,1014.7,0.0,0.0,2.0
2016-09-18 06:00:00,115.1022,25.0,23.9,1015.1,1.5,20.0,2.0
2016-09-18 07:00:00,116.0224,25.0,23.9,1015.7,1.5,10.0,4.0
2016-09-18 08:00:00,113.5419,26.7,24.4,1016.1,3.1,70.0,2.0
2016-09-18 09:00:00,109.4611,28.3,23.9,1016.5,1.5,,4.0
2016-09-18 10:00:00,110.0613,30.0,22.8,1016.5,1.5,330.0,4.0
2016-09-18 11:00:00,110.9014,31.1,22.8,1016.4,0.0,0.0,
2016-09-18 12:00:00,109.5411,31.1,21.7,1016.0,2.1,180.0,
2016-09-18 13:00:00,110.3413,32.2,22.2,1015.4,3.1,190.0,6.0
2016-09-18 14:00:00,113.0618,32.8,21.7,1014.4,2.1,280.0,
2016-09-18 15:00:00,124.744,33.3,21.7,1013.6,2.6,,
2016-09-18 16:00:00,115.0222,32.8,20.6,1013.1,1.5,330.0,
2016-09-18 17:00:00,112.1016,32.8,21.1,1013.2,0.0,0.0,
2016-09-18 18:00:00,108.1409,32.2,21.7,1013.3,2.6,350.0,
2016-09-18 19:00:00,108.46090000000001,30.6,22.2,1013.9,2.6,350.0,6.0
2016-09-18 20:00:00,108.861,28.3,24.4,1014.9,4.1,80.0,
2016-09-18 21:00:00,109.5411,26.7,22.8,,3.1,90.0,
2016-09-18 22:00:00,108.2209,26.1,22.8,1016.5,2.6,230.0,
2016-09-18 23:00:00,109.9813,25.6,23.9,1015.8,0.0,0.0,
2016-09-19 00:00:00,111.7415,26.1,23.3,1015.3,2.1,40.0,
2016-09-19 01:00:00,109.4611,25.6,23.3,1014.7,0.0,0.0,6.0
2016-09-19 02:00:00,111.94160000000001,24.4,23.3,1014.2,2.1,200.0,
2016-09-19 03:00:00,114.022,25.0,23.9,1014.0,1.5,240.0,2.0
2016-09-19 04:00:00,113.582,25.0,23.9,1013.9,0.0,0.0,2.0
2016-09-19 05:00:00,115.6623,25.0,23.3,1014.3,2.1,280.0,2.0
2016-09-19 06:00:00,114.06200000000001,24.4,23.3,1014.6,1.5,290.0,4.0
2016-09-19 07:00:00,114.50210000000001,25.6,23.9,1015.0,1.5,270.0,4.0
2016-09-19 08:00:00,112.2617,26.1,24.4,1015.4,0.0,0.0,4.0
2016-09-19 09:00:00,108.1009,28.9,23.9,1015.7,0.0,0.0,4.0
2016-09-19 10:00:00,115.0222,30.6,22.8,1015.6,2.1,290.0,4.0
2016-09-19 11:00:00,112.86169999999998,31.1,22.8,1015.6,0.0,0.0,4.0
2016-09-19 12:00:00,109.3411,31.7,22.8,1015.0,1.5,290.0,4.0
2016-09-19 13:00:00,110.94139999999999,32.8,22.8,1013.9,2.1,320.0,4.0
2016-09-19 14:00:00,114.142,33.3,22.8,1013.0,3.1,,
2016-09-19 15:00:00,114.262,33.3,22.2,1012.2,4.1,200.0,
2016-09-19 16:00:00,111.06139999999999,27.8,21.7,1013.0,9.3,70.0,
2016-09-19 17:00:00,110.22130000000001,24.0,23.0,1013.8,5.7,110.0,
2016-09-19 18:00:00,108.30090000000001,25.0,23.3,1014.5,3.6,230.0,
2016-09-19 19:00:00,108.5009,24.4,22.8,1014.9,4.6,240.0,8.0
2016-09-19 20:00:00,107.4607,23.9,22.2,1016.0,4.1,230.0,
2016-09-19 21:00:00,106.5006,23.9,22.2,1015.9,2.6,240.0,
2016-09-19 22:00:00,108.58090000000001,23.9,22.8,1015.1,0.0,0.0,
2016-09-19 23:00:00,108.701,23.9,22.8,1015.8,2.6,270.0,
2016-09-20 00:00:00,109.3811,23.9,22.8,1015.4,0.0,0.0,
2016-09-20 01:00:00,110.22130000000001,23.9,22.8,1014.5,0.0,0.0,6.0
2016-09-20 02:00:00,110.94139999999999,23.3,22.2,1013.9,2.1,190.0,
2016-09-20 03:00:00,111.1814,22.8,22.2,1014.1,1.5,140.0,
2016-09-20 04:00:00,110.5413,22.8,21.7,1014.5,0.0,0.0,4.0
2016-09-20 05:00:00,111.1815,22.8,22.2,1014.7,0.0,0.0,4.0
2016-09-20 06:00:00,111.06139999999999,23.3,22.2,1015.3,1.5,340.0,4.0
2016-09-20 07:00:00,113.42179999999999,23.9,22.8,1015.8,0.0,0.0,4.0
2016-09-20 08:00:00,108.861,24.4,22.8,1016.0,0.0,0.0,4.0
2016-09-20 09:00:00,109.7012,26.7,22.8,1016.2,0.0,0.0,
2016-09-20 10:00:00,107.9008,28.9,23.3,1016.3,0.0,0.0,4.0
2016-09-20 11:00:00,109.78110000000001,30.0,22.8,1016.3,0.0,0.0,4.0
2016-09-20 12:00:00,110.38130000000001,30.6,22.2,1015.5,0.0,0.0,
2016-09-20 13:00:00,109.8212,31.1,22.8,1014.9,2.6,180.0,6.0
2016-09-20 14:00:00,110.98140000000001,30.6,22.2,1014.5,6.2,240.0,
2016-09-20 15:00:00,113.34190000000001,28.9,22.8,1014.1,4.6,260.0,
2016-09-20 16:00:00,110.4613,30.6,22.8,1013.0,3.1,240.0,
2016-09-20 17:00:00,110.98140000000001,31.1,21.7,1013.2,2.1,190.0,4.0
2016-09-20 18:00:00,108.46090000000001,26.7,22.8,1013.8,8.2,20.0,
2016-09-20 19:00:00,106.4606,24.4,22.8,1014.0,2.6,120.0,6.0
2016-09-20 20:00:00,106.7807,25.0,23.3,1014.7,3.1,70.0,4.0
2016-09-20 21:00:00,106.8606,25.6,23.3,1014.9,0.0,0.0,
2016-09-20 22:00:00,107.8608,25.6,23.3,1015.5,0.0,0.0,
2016-09-20 23:00:00,109.18109999999999,25.6,23.3,1015.4,0.0,0.0,
2016-09-21 00:00:00,109.4611,25.6,23.9,1015.2,0.0,0.0,
2016-09-21 01:00:00,110.3012,25.0,23.3,1014.8,0.0,0.0,6.0
2016-09-21 02:00:00,113.3819,25.0,22.8,1014.5,2.1,20.0,
2016-09-21 03:00:00,113.74199999999999,25.0,23.3,1014.3,3.6,30.0,
2016-09-21 04:00:00,115.5823,24.4,22.8,1014.2,2.1,100.0,
2016-09-21 05:00:00,112.58169999999998,24.4,22.8,1014.6,1.5,60.0,
2016-09-21 06:00:00,109.9413,25.0,22.8,1015.2,0.0,0.0,
2016-09-21 07:00:00,111.4215,25.0,22.8,1015.5,0.0,0.0,6.0
2016-09-21 08:00:00,109.7011,26.1,23.3,1015.7,1.5,10.0,
2016-09-21 09:00:00,106.06039999999999,27.2,23.9,1015.9,2.6,360.0,
2016-09-21 10:00:00,110.78139999999999,28.3,23.3,1015.9,2.1,360.0,
2016-09-21 11:00:00,110.06119999999999,30.0,23.3,1015.7,2.1,,
2016-09-21 12:00:00,111.22149999999999,30.6,23.3,1015.2,2.1,,4.0
2016-09-21 13:00:00,110.3413,31.7,22.2,1014.6,3.1,310.0,4.0
2016-09-21 14:00:00,111.70150000000001,32.2,22.8,1014.1,1.5,,
2016-09-21 15:00:00,111.38149999999999,33.3,21.7,1013.5,4.1,310.0,
2016-09-21 16:00:00,113.5019,32.8,21.7,1013.3,2.6,10.0,
2016-09-21 17:00:00,112.3017,29.4,23.3,1013.8,3.6,100.0,
2016-09-21 18:00:00,110.90140000000001,27.8,22.8,1014.2,5.7,110.0,
2016-09-21 19:00:00,107.4207,27.2,22.2,1015.2,3.1,110.0,6.0
2016-09-21 20:00:00,107.0606,26.7,22.2,1015.5,2.6,70.0,4.0
2016-09-21 21:00:00,107.1407,26.1,22.8,1015.8,2.1,60.0,4.0
2016-09-21 22:00:00,107.42070000000001,26.1,22.8,1016.1,2.1,70.0,
2016-09-21 23:00:00,109.78119999999998,24.4,22.8,1016.0,1.5,180.0,
2016-09-22 00:00:00,109.7412,26.1,22.8,1015.6,0.0,0.0,
2016-09-22 01:00:00,110.5413,25.6,23.3,1015.5,0.0,0.0,8.0
2016-09-22 02:00:00,110.7013,24.4,23.3,1015.1,0.0,0.0,
2016-09-22 03:00:00,112.0616,24.4,22.8,1014.6,0.0,0.0,2.0
2016-09-22 04:00:00,113.7019,24.4,22.8,1014.5,0.0,0.0,2.0
2016-09-22 05:00:00,114.1821,25.0,23.3,1014.7,0.0,0.0,2.0
2016-09-22 06:00:00,111.2215,25.0,23.3,1015.2,2.6,340.0,2.0
2016-09-22 07:00:00,111.06139999999999,25.6,23.3,1015.7,0.0,0.0,4.0
2016-09-22 08:00:00,108.5409,27.2,23.9,1016.0,1.5,330.0,2.0
2016-09-22 09:00:00,105.8205,28.9,23.3,1016.2,0.0,0.0,2.0
2016-09-22 10:00:00,110.6214,29.4,22.8,1016.1,1.5,110.0,4.0
2016-09-22 11:00:00,112.3417,31.7,22.8,1015.7,2.1,,4.0
2016-09-22 12:00:00,112.6617,31.7,22.8,1015.3,2.1,310.0,4.0
2016-09-22 13:00:00,113.2218,31.7,22.2,1014.7,1.5,210.0,4.0
2016-09-22 14:00:00,112.8218,31.7,21.7,1014.0,2.1,240.0,4.0
2016-09-22 15:00:00,114.1421,33.3,21.7,1013.4,3.1,330.0,
2016-09-22 16:00:00,114.7022,31.1,21.7,1013.3,1.5,180.0,
2016-09-22 17:00:00,112.74180000000001,28.3,22.8,1013.9,6.2,120.0,
2016-09-22 18:00:00,111.38139999999999,25.0,22.2,1014.3,5.1,60.0,
2016-09-22 19:00:00,108.3009,25.6,22.2,1014.4,4.6,120.0,6.0
2016-09-22 20:00:00,107.42080000000001,26.1,23.3,1015.0,2.6,100.0,
2016-09-22 21:00:00,107.6608,25.6,23.3,1015.4,2.6,150.0,
2016-09-22 22:00:00,107.3407,25.6,22.8,1015.6,3.6,140.0,
2016-09-22 23:00:00,110.34129999999999,25.0,22.8,1015.8,1.5,200.0,
2016-09-23 00:00:00,110.50129999999999,25.6,22.8,1015.6,1.5,120.0,
2016-09-23 01:00:00,109.18110000000001,25.0,23.3,1015.3,2.6,90.0,8.0
2016-09-23 02:00:00,109.5011,24.4,23.3,1015.1,0.0,0.0,
2016-09-23 03:00:00,111.94160000000001,25.0,23.3,1014.8,0.0,0.0,
2016-09-23 04:00:00,115.0622,24.4,22.8,1014.8,1.5,40.0,2.0
2016-09-23 05:00:00,109.7011,23.9,22.8,1015.4,1.5,70.0,2.0
2016-09-23 06:00:00,108.86099999999999,23.9,22.8,1015.7,0.0,0.0,4.0
2016-09-23 07:00:00,111.70150000000001,24.4,23.3,1016.1,1.5,110.0,2.0
2016-09-23 08:00:00,111.4615,26.1,23.9,1016.5,0.0,0.0,4.0
2016-09-23 09:00:00,106.42060000000001,27.8,23.9,1016.6,0.0,0.0,4.0
2016-09-23 10:00:00,108.26079999999999,29.4,23.3,1016.8,0.0,0.0,4.0
2016-09-23 11:00:00,112.3417,30.6,23.3,1016.4,0.0,0.0,4.0
2016-09-23 12:00:00,111.82159999999999,32.2,22.8,1016.2,2.1,340.0,4.0
2016-09-23 13:00:00,111.9416,32.2,22.2,1015.4,2.6,340.0,4.0
2016-09-23 14:00:00,112.42170000000002,32.8,21.7,1014.5,2.1,360.0,
2016-09-23 15:00:00,112.7418,33.3,21.1,1013.9,2.1,,
2016-09-23 16:00:00,112.7818,32.2,21.1,1013.9,3.6,340.0,
2016-09-23 17:00:00,111.7815,31.1,23.9,1014.3,5.1,70.0,
2016-09-23 18:00:00,111.86160000000001,29.4,23.3,1014.9,6.2,70.0,
2016-09-23 19:00:00,109.46109999999999,27.8,23.9,1015.4,3.6,90.0,4.0
2016-09-23 20:00:00,107.3807,27.8,23.3,1016.0,4.1,70.0,
2016-09-23 21:00:00,107.5408,27.2,23.9,1016.2,3.1,60.0,4.0
2016-09-23 22:00:00,108.14089999999999,26.7,23.9,1016.6,2.1,70.0,
2016-09-23 23:00:00,108.58099999999999,26.1,23.9,1016.5,2.1,110.0,
2016-09-24 00:00:00,108.5009,26.1,24.4,1016.3,1.5,110.0,
2016-09-24 01:00:00,109.2611,25.6,23.9,1016.2,1.5,160.0,8.0
2016-09-24 02:00:00,110.7414,25.0,23.3,1016.0,0.0,0.0,
2016-09-24 03:00:00,110.8614,25.6,23.3,1015.9,0.0,0.0,
2016-09-24 04:00:00,112.4217,24.4,22.8,1015.8,0.0,0.0,
2016-09-24 05:00:00,110.62129999999999,24.4,22.2,1016.1,0.0,0.0,
2016-09-24 06:00:00,113.62190000000001,23.9,21.7,1016.6,0.0,0.0,4.0
2016-09-24 07:00:00,114.1821,24.4,21.7,1017.2,0.0,0.0,4.0
2016-09-24 08:00:00,109.101,27.2,23.3,1017.7,0.0,0.0,4.0
2016-09-24 09:00:00,104.78020000000001,28.9,22.2,1017.9,1.5,310.0,4.0
2016-09-24 10:00:00,105.2203,30.0,21.1,1017.7,2.1,310.0,4.0
2016-09-24 11:00:00,108.621,31.7,22.2,1017.4,0.0,0.0,4.0
2016-09-24 12:00:00,108.901,32.2,21.7,1017.2,0.0,0.0,
2016-09-24 13:00:00,107.7408,32.8,21.7,1016.4,1.5,,6.0
2016-09-24 14:00:00,108.861,33.3,20.6,1015.1,4.1,330.0,
2016-09-24 15:00:00,107.26070000000001,33.3,20.6,1014.9,2.6,110.0,
2016-09-24 16:00:00,107.90090000000001,29.4,22.8,1015.7,7.2,100.0,
2016-09-24 17:00:00,106.94069999999999,29.4,22.8,1015.4,7.2,90.0,4.0
2016-09-24 18:00:00,108.0609,28.3,22.8,1015.4,4.1,80.0,
2016-09-24 19:00:00,107.7008,27.2,22.8,1016.2,3.6,100.0,6.0
2016-09-24 20:00:00,109.4611,26.7,23.3,1017.0,2.1,120.0,
2016-09-24 21:00:00,108.2209,26.7,23.3,1016.8,2.1,80.0,
2016-09-24 22:00:00,107.3007,26.7,23.3,1017.0,0.0,0.0,
2016-09-24 23:00:00,110.8614,25.6,23.3,1016.7,0.0,0.0,
2016-09-25 00:00:00,111.4615,25.0,22.8,1016.2,1.5,180.0,
2016-09-25 01:00:00,109.9412,24.4,22.8,1016.1,0.0,0.0,6.0
2016-09-25 02:00:00,112.22159999999997,25.0,22.8,1015.8,0.0,0.0,4.0
2016-09-25 03:00:00,109.66120000000001,25.0,22.8,1015.9,0.0,0.0,4.0
2016-09-25 04:00:00,109.7412,24.4,22.8,1016.3,0.0,0.0,2.0
2016-09-25 05:00:00,110.3813,23.9,22.8,1016.4,0.0,0.0,2.0
2016-09-25 06:00:00,111.1014,24.4,22.8,1016.8,0.0,0.0,4.0
2016-09-25 07:00:00,113.3419,25.0,23.3,1016.7,0.0,0.0,4.0
2016-09-25 08:00:00,108.6609,27.2,24.4,1017.0,1.5,350.0,2.0
2016-09-25 09:00:00,106.6606,28.3,22.8,1017.2,0.0,0.0,2.0
2016-09-25 10:00:00,107.26070000000001,30.6,21.7,1017.6,0.0,0.0,2.0
2016-09-25 11:00:00,110.4213,31.1,21.7,1017.3,2.6,80.0,4.0
2016-09-25 12:00:00,111.5015,32.2,21.1,1016.8,2.1,90.0,
2016-09-25 13:00:00,110.5813,32.2,21.1,1016.1,0.0,0.0,6.0
2016-09-25 14:00:00,109.4611,33.3,22.2,1014.8,4.6,40.0,
2016-09-25 15:00:00,109.50110000000001,31.7,22.8,1014.6,6.2,110.0,
2016-09-25 16:00:00,108.18090000000001,28.3,23.9,1015.0,4.6,110.0,
2016-09-25 17:00:00,106.66059999999999,28.3,23.3,1014.7,3.6,120.0,
2016-09-25 18:00:00,108.6609,28.3,23.3,1015.2,3.1,110.0,
2016-09-25 19:00:00,108.1409,26.7,23.3,1015.2,3.6,100.0,6.0
2016-09-25 20:00:00,109.6211,26.1,23.3,1015.6,3.1,70.0,2.0
2016-09-25 21:00:00,107.1407,26.7,22.8,1017.1,2.1,50.0,
2016-09-25 22:00:00,107.6608,26.1,22.8,1016.6,2.6,70.0,
2016-09-25 23:00:00,111.6215,25.0,22.8,1016.3,2.1,120.0,
2016-09-26 00:00:00,109.18109999999999,24.4,23.3,1016.4,0.0,0.0,
2016-09-26 01:00:00,110.22120000000001,25.6,23.3,1015.7,0.0,0.0,6.0
2016-09-26 02:00:00,113.5419,25.6,23.3,1015.8,0.0,0.0,
2016-09-26 03:00:00,110.6614,23.3,22.2,1014.6,2.1,150.0,4.0
2016-09-26 04:00:00,111.4615,24.4,22.8,1014.7,0.0,0.0,
2016-09-26 05:00:00,112.2217,23.3,22.2,1014.9,2.1,160.0,
2016-09-26 06:00:00,111.8615,24.4,22.2,1015.4,0.0,0.0,4.0
2016-09-26 07:00:00,115.7024,24.4,22.8,1015.9,0.0,0.0,6.0
2016-09-26 08:00:00,109.3811,26.7,23.3,1016.1,0.0,0.0,
2016-09-26 09:00:00,111.7416,27.2,23.3,1016.3,2.1,170.0,4.0
2016-09-26 10:00:00,110.6613,28.9,22.2,1016.4,0.0,0.0,4.0
2016-09-26 11:00:00,110.1413,30.0,21.7,1016.0,2.1,,4.0
2016-09-26 12:00:00,110.22120000000001,30.0,21.7,1015.4,1.5,,
2016-09-26 13:00:00,108.34089999999999,25.6,22.8,1014.9,6.7,320.0,6.0
2016-09-26 14:00:00,107.5008,23.3,21.1,1014.7,3.1,170.0,
2016-09-26 15:00:00,108.30090000000001,23.3,21.1,1013.8,3.1,190.0,
2016-09-26 16:00:00,107.30069999999999,23.3,20.6,1014.0,3.1,180.0,
2016-09-26 17:00:00,108.14089999999999,23.3,21.1,1013.9,0.0,0.0,
2016-09-26 18:00:00,112.22159999999997,23.3,21.7,1013.5,3.1,190.0,
2016-09-26 19:00:00,112.78179999999998,23.3,22.2,1014.3,1.5,130.0,8.0
2016-09-26 20:00:00,112.74180000000001,23.3,21.7,1014.6,2.1,180.0,
2016-09-26 21:00:00,115.42229999999999,23.9,21.7,1015.4,0.0,0.0,
2016-09-26 22:00:00,114.7822,23.3,21.7,1015.3,2.6,300.0,
2016-09-26 23:00:00,112.10159999999999,23.3,21.7,1015.0,0.0,0.0,
2016-09-27 00:00:00,115.7023,22.8,21.7,1014.6,0.0,0.0,
2016-09-27 01:00:00,115.10220000000001,22.8,21.7,1014.2,0.0,0.0,6.0
2016-09-27 02:00:00,116.14240000000001,22.2,21.1,1013.8,0.0,0.0,
2016-09-27 03:00:00,115.9024,21.7,21.1,1013.3,0.0,0.0,4.0
2016-09-27 04:00:00,114.7821,22.2,21.1,1012.9,0.0,0.0,
2016-09-27 05:00:00,114.9021,21.7,21.1,1012.7,0.0,0.0,4.0
2016-09-27 06:00:00,115.9024,21.1,20.0,1013.5,2.6,170.0,4.0
2016-09-27 07:00:00,114.4221,22.2,21.1,1014.2,1.5,140.0,2.0
2016-09-27 08:00:00,111.0615,24.4,21.7,1014.2,1.5,200.0,2.0
2016-09-27 09:00:00,84.4563,26.7,22.2,1014.2,2.1,240.0,2.0
2016-09-27 10:00:00,107.54069999999999,28.3,22.8,1014.5,3.1,280.0,4.0
2016-09-27 11:00:00,109.4211,29.4,21.7,1014.3,3.1,,2.0
2016-09-27 12:00:00,111.6215,30.6,21.7,1013.8,1.5,,4.0
2016-09-27 13:00:00,111.7816,31.7,21.7,1013.0,4.1,350.0,6.0
2016-09-27 14:00:00,112.2216,31.1,20.6,1012.2,2.1,40.0,4.0
2016-09-27 15:00:00,113.942,27.2,20.0,1012.8,2.1,340.0,
2016-09-27 16:00:00,114.422,26.7,22.2,1012.3,0.0,0.0,
2016-09-27 17:00:00,112.5017,27.2,20.6,1011.9,2.6,260.0,
2016-09-27 18:00:00,111.38149999999999,26.7,21.7,1012.6,3.1,210.0,
2016-09-27 19:00:00,111.22149999999999,26.1,21.1,1013.5,6.2,170.0,6.0
2016-09-27 20:00:00,107.3007,23.9,21.1,1013.9,5.1,180.0,2.0
2016-09-27 21:00:00,108.5009,23.3,21.1,1014.0,3.6,230.0,2.0
2016-09-27 22:00:00,108.6609,22.8,21.1,1014.7,1.5,180.0,2.0
2016-09-27 23:00:00,110.6614,22.8,21.1,1015.1,0.0,0.0,2.0
2016-09-28 00:00:00,112.54169999999999,22.8,21.1,1015.0,0.0,0.0,2.0
2016-09-28 01:00:00,115.6224,23.3,21.1,1014.5,2.1,250.0,0.0
2016-09-28 02:00:00,111.7416,22.8,21.1,1014.4,3.1,250.0,0.0
2016-09-28 03:00:00,116.1424,22.2,20.6,1014.1,2.1,150.0,0.0
2016-09-28 04:00:00,115.5022,21.7,20.6,1014.3,1.5,190.0,0.0
2016-09-28 05:00:00,114.3021,21.7,21.1,1014.5,1.5,210.0,0.0
2016-09-28 06:00:00,117.9428,21.7,21.1,1015.1,1.5,160.0,4.0
2016-09-28 07:00:00,114.5021,22.2,21.7,1015.4,1.5,190.0,2.0
2016-09-28 08:00:00,112.62169999999998,25.0,22.8,1015.6,2.1,190.0,2.0
2016-09-28 09:00:00,107.5808,27.8,22.2,1016.1,2.6,240.0,2.0
2016-09-28 10:00:00,110.1412,28.9,21.7,1016.3,2.1,,4.0
2016-09-28 11:00:00,110.7814,29.4,21.1,1016.3,2.1,,4.0
2016-09-28 12:00:00,111.6215,31.1,21.1,1015.7,3.6,190.0,
2016-09-28 13:00:00,119.22299999999998,31.1,21.7,1015.2,2.6,170.0,6.0
2016-09-28 14:00:00,112.9818,32.2,20.0,1014.6,2.6,,
2016-09-28 15:00:00,110.38130000000001,29.4,21.7,1014.4,6.7,300.0,
2016-09-28 16:00:00,111.1414,29.4,21.1,1014.4,3.1,290.0,
2016-09-28 17:00:00,111.9416,29.4,20.6,1014.8,2.1,310.0,
2016-09-28 18:00:00,109.3811,28.9,20.6,1015.0,2.6,290.0,
2016-09-28 19:00:00,108.6209,25.6,21.7,1015.8,4.1,280.0,8.0
2016-09-28 20:00:00,109.5412,23.9,21.7,1017.1,1.5,130.0,
2016-09-28 21:00:00,109.7412,23.9,22.2,1017.2,1.5,190.0,
2016-09-28 22:00:00,110.38130000000001,23.9,22.8,1017.1,2.1,200.0,
2016-09-28 23:00:00,112.1416,23.9,22.8,1017.5,1.5,210.0,
2016-09-29 00:00:00,114.5821,23.3,22.2,1017.0,2.6,170.0,
2016-09-29 01:00:00,112.9017,23.3,22.8,1016.6,2.6,200.0,8.0
2016-09-29 02:00:00,115.7423,23.3,22.8,1016.2,2.1,210.0,
2016-09-29 03:00:00,111.8616,22.8,21.7,1015.7,1.5,220.0,
2016-09-29 04:00:00,113.78200000000001,22.2,21.1,1015.8,2.1,210.0,2.0
2016-09-29 05:00:00,115.42229999999999,22.2,21.7,1015.9,1.5,180.0,2.0
2016-09-29 06:00:00,114.18199999999999,22.8,21.7,1016.3,0.0,0.0,2.0
2016-09-29 07:00:00,117.5827,22.8,21.7,1016.5,0.0,0.0,2.0
2016-09-29 08:00:00,113.14189999999999,25.0,22.2,1017.0,3.1,200.0,4.0
2016-09-29 09:00:00,107.82079999999999,27.2,22.2,1017.1,4.1,220.0,4.0
2016-09-29 10:00:00,109.4211,28.9,22.2,1017.4,4.1,230.0,2.0
2016-09-29 11:00:00,111.1014,30.0,22.2,1017.3,4.6,230.0,4.0
2016-09-29 12:00:00,111.54150000000001,31.1,22.2,1016.8,5.7,220.0,4.0
2016-09-29 13:00:00,112.74170000000001,28.9,21.7,1017.0,9.3,240.0,6.0
2016-09-29 14:00:00,108.86099999999999,26.1,22.8,1017.2,3.6,250.0,
2016-09-29 15:00:00,106.7806,29.4,22.8,1015.1,4.1,260.0,
2016-09-29 16:00:00,110.66130000000001,30.0,22.2,1015.6,4.6,260.0,
2016-09-29 17:00:00,110.78139999999999,27.8,22.2,1015.8,3.1,230.0,
2016-09-29 18:00:00,108.981,27.2,22.2,1016.2,3.6,210.0,
2016-09-29 19:00:00,110.78129999999999,25.6,20.6,1016.9,4.6,210.0,6.0
2016-09-29 20:00:00,111.3414,24.4,20.6,1017.1,2.1,210.0,
2016-09-29 21:00:00,113.3819,24.4,21.1,1017.4,2.6,230.0,
2016-09-29 22:00:00,111.42150000000001,23.9,21.7,1017.8,2.6,190.0,
2016-09-29 23:00:00,113.9019,23.9,21.7,1018.0,1.5,190.0,
2016-09-30 00:00:00,113.1018,23.3,21.7,1017.3,1.5,160.0,4.0
2016-09-30 01:00:00,114.06200000000001,23.3,21.7,1016.6,2.6,180.0,2.0
2016-09-30 02:00:00,113.2218,23.3,21.7,1016.0,2.1,220.0,4.0
2016-09-30 03:00:00,113.3419,22.8,21.7,1015.4,1.5,170.0,2.0
2016-09-30 04:00:00,112.2617,22.2,21.1,1015.4,2.1,160.0,2.0
2016-09-30 05:00:00,113.902,22.2,21.7,1015.7,1.5,170.0,4.0
2016-09-30 06:00:00,113.46190000000001,22.8,21.7,1016.3,1.5,200.0,2.0
2016-09-30 07:00:00,114.3021,23.3,22.2,1016.4,0.0,0.0,2.0
2016-09-30 08:00:00,112.6618,25.6,23.3,1016.7,2.6,220.0,2.0
2016-09-30 09:00:00,110.3813,27.8,23.3,1017.6,3.6,220.0,4.0
2016-09-30 10:00:00,109.50110000000001,28.3,22.8,1017.7,3.1,230.0,4.0
2016-09-30 11:00:00,109.9812,28.9,22.2,1017.3,3.6,200.0,4.0
2016-09-30 12:00:00,113.4219,31.1,22.8,1016.9,5.7,180.0,
2016-09-30 13:00:00,111.26139999999998,31.1,21.7,1016.1,2.6,170.0,6.0
2016-09-30 14:00:00,111.7415,31.7,21.7,1014.9,3.6,180.0,
2016-09-30 15:00:00,112.3017,32.2,22.2,1014.3,4.6,170.0,
2016-09-30 16:00:00,111.9816,31.1,21.7,1013.7,2.6,170.0,
2016-09-30 17:00:00,111.2615,23.0,22.0,1015.4,4.6,160.0,
2016-09-30 18:00:00,102.4597,23.9,20.6,1014.8,0.0,0.0,
2016-09-30 19:00:00,107.1007,25.0,22.2,1015.4,1.5,280.0,6.0
2016-09-30 20:00:00,109.141,24.0,22.0,1016.6,3.1,120.0,
2016-09-30 21:00:00,111.1014,23.0,21.0,1017.5,4.6,70.0,
2016-09-30 22:00:00,112.14170000000001,23.3,21.7,1017.8,3.6,70.0,
2016-09-30 23:00:00,116.6225,22.8,21.7,1016.7,2.6,210.0,
2016-10-01 00:00:00,114.5421,23.3,22.2,1016.4,2.1,190.0,4.0
2016-10-01 01:00:00,113.0219,23.3,22.2,1016.2,3.6,210.0,4.0
2016-10-01 02:00:00,116.1824,23.3,21.7,1015.9,2.1,240.0,2.0
2016-10-01 03:00:00,113.02179999999998,23.3,21.7,1015.8,0.0,0.0,2.0
2016-10-01 04:00:00,113.4219,22.8,21.7,1016.3,2.6,120.0,2.0
2016-10-01 05:00:00,117.62270000000001,22.8,21.7,1016.2,0.0,0.0,2.0
2016-10-01 06:00:00,114.142,22.8,21.7,1016.7,1.5,130.0,2.0
2016-10-01 07:00:00,118.5029,22.2,21.1,1017.3,2.1,120.0,4.0
2016-10-01 08:00:00,112.58170000000001,24.4,22.8,1017.6,1.5,150.0,2.0
2016-10-01 09:00:00,111.6615,26.1,22.8,1017.9,0.0,0.0,4.0
2016-10-01 10:00:00,104.02000000000001,28.3,22.2,1017.6,2.6,60.0,4.0
2016-10-01 11:00:00,106.78059999999999,28.9,22.2,1017.4,1.5,,4.0
2016-10-01 12:00:00,107.54079999999999,30.0,22.2,1017.3,4.1,170.0,4.0
2016-10-01 13:00:00,107.14070000000001,30.6,21.7,1016.2,2.1,110.0,6.0
2016-10-01 14:00:00,107.42079999999999,30.6,21.7,1015.4,1.5,70.0,
2016-10-01 15:00:00,108.0608,31.7,21.7,1014.8,3.1,80.0,
2016-10-01 16:00:00,107.6207,30.6,21.7,1014.2,3.1,130.0,
2016-10-01 17:00:00,107.8209,29.4,22.8,1014.2,5.1,120.0,
2016-10-01 18:00:00,109.4211,27.8,21.7,1014.5,4.6,120.0,
2016-10-01 19:00:00,110.3012,27.8,21.1,1016.0,4.1,100.0,6.0
2016-10-01 20:00:00,108.781,24.4,20.0,1016.6,3.1,330.0,
2016-10-01 21:00:00,112.3017,23.9,21.1,1016.6,1.5,360.0,
2016-10-01 22:00:00,109.7012,23.9,20.6,1016.9,0.0,0.0,
2016-10-01 23:00:00,113.62190000000001,23.9,21.1,1016.6,3.1,100.0,
2016-10-02 00:00:00,112.0617,23.9,21.1,1016.8,0.0,0.0,
2016-10-02 01:00:00,116.1024,23.3,21.1,1016.6,2.6,260.0,8.0
2016-10-02 02:00:00,113.5419,23.9,21.7,1016.1,0.0,0.0,
2016-10-02 03:00:00,114.50210000000001,22.8,21.1,1015.4,0.0,0.0,
2016-10-02 04:00:00,116.54249999999999,23.3,21.7,1015.2,0.0,0.0,
2016-10-02 05:00:00,113.58189999999999,23.3,21.7,1015.4,1.5,20.0,
2016-10-02 06:00:00,117.5427,23.3,21.7,1015.7,2.1,350.0,
2016-10-02 07:00:00,113.02179999999998,23.9,21.7,1015.8,2.1,340.0,6.0
2016-10-02 08:00:00,113.7419,25.0,22.8,1016.0,3.1,330.0,
2016-10-02 09:00:00,107.2207,26.1,22.8,1016.3,2.1,350.0,
2016-10-02 10:00:00,105.7003,28.9,23.3,1016.3,2.6,70.0,
2016-10-02 11:00:00,108.02080000000001,30.0,22.8,1016.3,4.6,110.0,
2016-10-02 12:00:00,109.4211,30.6,22.2,1015.7,2.6,110.0,
2016-10-02 13:00:00,109.2211,30.6,22.2,1014.9,4.6,60.0,6.0
2016-10-02 14:00:00,107.9408,31.7,22.2,1014.3,5.1,90.0,
2016-10-02 15:00:00,124.0639,28.3,22.0,1014.5,7.2,100.0,
2016-10-02 16:00:00,106.7406,27.8,22.8,1014.1,4.6,40.0,
2016-10-02 17:00:00,106.94069999999999,28.9,23.3,1013.2,6.2,100.0,
2016-10-02 18:00:00,109.8212,27.8,23.3,1014.3,4.6,100.0,
2016-10-02 19:00:00,109.7412,27.2,22.2,1014.9,2.1,,6.0
2016-10-02 20:00:00,109.5011,26.7,21.7,1015.2,2.1,70.0,
2016-10-02 21:00:00,110.9014,25.6,22.8,1015.7,2.1,190.0,
2016-10-02 22:00:00,111.3015,25.6,22.8,1015.3,1.5,280.0,
2016-10-02 23:00:00,113.14179999999999,26.1,22.2,1014.2,2.1,60.0,
2016-10-03 00:00:00,112.70169999999997,26.1,22.2,1013.7,2.1,70.0,
2016-10-03 01:00:00,114.9821,26.1,22.2,1013.6,2.1,70.0,8.0
2016-10-03 02:00:00,114.30199999999999,26.1,22.8,1013.2,2.1,40.0,
2016-10-03 03:00:00,115.0222,25.6,23.3,1012.6,2.1,350.0,
2016-10-03 04:00:00,115.50229999999999,25.0,23.3,1012.4,2.1,360.0,
2016-10-03 05:00:00,113.982,25.0,23.9,1012.4,2.6,350.0,
2016-10-03 06:00:00,115.9423,24.4,23.3,1013.1,4.6,10.0,
2016-10-03 07:00:00,115.22220000000002,23.9,22.2,1013.1,3.1,10.0,6.0
2016-10-03 08:00:00,117.70270000000001,23.9,21.7,1013.3,4.1,40.0,
2016-10-03 09:00:00,112.3017,23.9,22.2,1013.9,3.6,70.0,
2016-10-03 10:00:00,111.22149999999999,25.6,22.2,1014.1,5.7,50.0,
2016-10-03 11:00:00,112.1816,27.8,21.7,1013.2,5.1,30.0,
2016-10-03 12:00:00,108.5009,29.4,21.1,1012.6,4.6,50.0,4.0
2016-10-03 13:00:00,108.46090000000001,30.6,21.7,1011.8,3.6,360.0,6.0
2016-10-03 14:00:00,109.7812,30.6,21.7,1011.0,5.1,70.0,
2016-10-03 15:00:00,108.941,29.4,21.7,1010.5,7.2,70.0,
2016-10-03 16:00:00,108.3009,28.3,21.1,1010.1,6.7,60.0,
2016-10-03 17:00:00,109.1811,27.2,20.6,1010.5,6.7,50.0,
2016-10-03 18:00:00,108.541,26.7,21.1,1011.2,3.6,80.0,
2016-10-03 19:00:00,106.4605,26.1,21.1,1011.8,3.6,60.0,8.0
2016-10-03 20:00:00,113.90199999999997,25.0,21.7,1013.1,4.1,100.0,
2016-10-03 21:00:00,113.2219,25.0,22.2,1013.2,1.5,70.0,
2016-10-03 22:00:00,115.54230000000001,25.0,22.2,1012.5,1.5,40.0,
2016-10-03 23:00:00,113.902,24.4,22.2,1011.5,4.6,30.0,
2016-10-04 00:00:00,114.70219999999999,24.4,22.2,1011.1,2.6,30.0,
2016-10-04 01:00:00,114.9822,24.4,22.2,1011.4,2.6,20.0,8.0
2016-10-04 02:00:00,115.3423,24.4,22.2,1011.2,2.1,350.0,
2016-10-04 03:00:00,112.5017,24.4,22.2,1010.7,0.0,0.0,
2016-10-04 04:00:00,113.58189999999999,24.4,22.2,1010.4,2.6,360.0,
2016-10-04 05:00:00,113.66189999999997,24.4,22.8,1010.8,1.5,360.0,
2016-10-04 06:00:00,116.46249999999999,24.4,22.8,1011.4,2.1,360.0,
2016-10-04 07:00:00,113.2619,25.0,22.8,1011.4,2.6,10.0,6.0
2016-10-04 08:00:00,115.9023,26.1,22.8,1011.5,3.1,10.0,
2016-10-04 09:00:00,115.50219999999999,27.2,23.3,1011.9,3.6,10.0,
2016-10-04 10:00:00,106.6206,28.9,23.3,1012.2,4.1,10.0,4.0
2016-10-04 11:00:00,109.5011,30.0,22.8,1011.9,4.6,40.0,4.0
2016-10-04 12:00:00,107.9408,30.6,22.8,1011.3,5.7,360.0,
2016-10-04 13:00:00,108.70100000000001,25.6,23.9,1011.8,5.1,30.0,8.0
2016-10-04 14:00:00,109.101,25.6,23.3,1011.3,6.2,70.0,
2016-10-04 15:00:00,109.78110000000001,26.7,23.9,1010.9,4.1,50.0,
2016-10-04 16:00:00,110.18119999999999,27.8,22.2,1010.6,7.7,40.0,
2016-10-04 17:00:00,113.2619,28.3,22.2,1010.2,7.2,40.0,
2016-10-04 18:00:00,109.50110000000001,27.2,22.2,1011.3,4.1,60.0,
2016-10-04 19:00:00,109.8212,26.1,22.2,1011.5,4.6,30.0,4.0
2016-10-04 20:00:00,111.3014,25.6,22.8,1011.7,3.6,30.0,2.0
2016-10-04 21:00:00,114.2221,25.0,22.8,1012.0,3.6,10.0,2.0
2016-10-04 22:00:00,112.2217,24.4,22.8,1012.1,3.6,350.0,2.0
2016-10-04 23:00:00,111.2215,24.4,22.8,1012.2,2.6,350.0,2.0
2016-10-05 00:00:00,110.66130000000001,23.9,22.8,1012.0,3.1,350.0,
2016-10-05 01:00:00,114.50210000000001,23.9,22.2,1011.9,3.1,340.0,2.0
2016-10-05 02:00:00,114.142,23.9,22.2,1011.6,3.1,360.0,2.0
2016-10-05 03:00:00,111.4615,23.3,22.2,1010.9,2.6,350.0,2.0
2016-10-05 04:00:00,114.4621,23.3,22.2,1010.7,3.1,350.0,2.0
2016-10-05 05:00:00,113.58189999999999,23.3,22.2,1010.8,3.1,350.0,0.0
2016-10-05 06:00:00,111.5815,23.3,22.2,1011.6,4.1,350.0,
2016-10-05 07:00:00,113.4619,23.9,22.8,1012.1,3.6,350.0,6.0
2016-10-05 08:00:00,109.7412,24.4,23.3,1012.7,3.6,360.0,
2016-10-05 09:00:00,121.0633,27.2,23.9,1013.1,3.6,350.0,2.0
2016-10-05 10:00:00,115.8223,28.9,23.3,1013.0,4.1,10.0,4.0
2016-10-05 11:00:00,110.5413,30.6,22.2,1012.8,4.1,50.0,4.0
2016-10-05 12:00:00,110.0612,31.7,22.8,1012.1,3.6,70.0,4.0
2016-10-05 13:00:00,110.66130000000001,32.2,22.2,1011.2,4.1,70.0,6.0
2016-10-05 14:00:00,110.5013,32.2,22.2,1010.5,4.1,60.0,
2016-10-05 15:00:00,110.2213,31.1,23.3,1010.5,4.6,70.0,
2016-10-05 16:00:00,109.8212,29.4,23.9,1010.2,6.2,100.0,
2016-10-05 17:00:00,108.501,28.9,22.8,1010.6,5.1,60.0,
2016-10-05 18:00:00,113.3819,28.3,22.8,1010.9,4.6,60.0,
2016-10-05 19:00:00,109.5812,27.2,22.8,1011.1,4.6,40.0,4.0
2016-10-05 20:00:00,106.6206,26.7,23.3,1012.1,5.1,30.0,4.0
2016-10-05 21:00:00,105.1403,26.1,23.3,1012.1,5.7,30.0,4.0
2016-10-05 22:00:00,106.9807,25.6,23.9,1012.0,4.6,20.0,
2016-10-05 23:00:00,108.46090000000001,25.6,23.3,1012.0,5.1,20.0,
2016-10-06 00:00:00,109.06099999999999,26.1,23.9,1011.8,5.7,20.0,
2016-10-06 01:00:00,110.5414,25.6,23.3,1011.2,4.1,10.0,6.0
2016-10-06 02:00:00,110.6214,25.6,23.9,1011.1,4.1,30.0,
2016-10-06 03:00:00,113.74199999999999,24.4,23.9,1010.3,4.1,360.0,4.0
2016-10-06 04:00:00,112.5817,24.4,23.9,1010.1,3.1,360.0,2.0
2016-10-06 05:00:00,112.10159999999999,25.0,23.9,1010.5,3.6,360.0,
2016-10-06 06:00:00,111.5015,25.6,24.4,1011.1,3.6,70.0,
2016-10-06 07:00:00,112.3817,25.6,24.4,1010.8,4.1,10.0,6.0
2016-10-06 08:00:00,110.0212,25.6,24.4,1011.0,4.1,360.0,
2016-10-06 09:00:00,109.4211,26.1,24.4,,5.1,50.0,
2016-10-06 10:00:00,109.46109999999999,25.6,24.4,1010.8,4.6,20.0,
2016-10-06 11:00:00,109.46109999999999,27.8,25.0,1010.4,6.2,30.0,
2016-10-06 12:00:00,108.1008,29.4,25.0,1009.2,8.2,20.0,
2016-10-06 13:00:00,108.2608,27.2,25.0,1009.0,6.7,360.0,6.0
2016-10-06 14:00:00,107.86080000000001,27.2,25.0,,5.7,20.0,
2016-10-06 15:00:00,109.0211,26.7,25.0,1007.9,4.1,360.0,
2016-10-06 16:00:00,108.74099999999999,22.8,21.7,,8.2,80.0,
2016-10-06 17:00:00,106.7007,23.3,22.2,1007.2,5.7,350.0,
2016-10-06 18:00:00,112.7017,23.9,22.8,1007.5,6.2,10.0,
2016-10-06 19:00:00,110.7414,24.4,23.3,1007.6,6.2,20.0,8.0
2016-10-06 20:00:00,113.0618,23.9,22.8,1006.9,6.7,10.0,
2016-10-06 21:00:00,111.4615,25.0,23.3,1006.0,9.8,10.0,
2016-10-06 22:00:00,112.42169999999999,25.0,23.9,1005.5,8.8,10.0,
2016-10-06 23:00:00,111.50150000000001,25.0,23.3,1004.3,9.8,20.0,
2016-10-07 00:00:00,112.7818,25.0,22.8,1002.6,12.4,10.0,
2016-10-07 01:00:00,113.66199999999999,24.4,22.8,1000.5,12.4,10.0,8.0
2016-10-07 02:00:00,113.5419,24.4,22.8,998.0,14.4,360.0,
2016-10-07 03:00:00,114.06200000000001,24.4,22.2,996.0,14.4,350.0,
2016-10-07 04:00:00,112.74180000000001,25.6,23.3,994.2,15.4,340.0,
2016-10-07 05:00:00,113.2218,25.0,23.3,993.3,13.4,330.0,
2016-10-07 06:00:00,110.5813,25.0,23.3,992.0,13.9,320.0,
2016-10-07 07:00:00,113.46179999999998,24.4,23.3,992.4,12.4,300.0,8.0
2016-10-07 08:00:00,112.1817,24.4,22.8,992.5,15.4,290.0,
2016-10-07 09:00:00,109.9011,24.4,22.8,993.6,13.9,290.0,
2016-10-07 10:00:00,112.54169999999998,25.0,22.2,993.9,13.4,270.0,
2016-10-07 11:00:00,112.58169999999998,25.0,22.2,994.9,14.4,260.0,
2016-10-07 12:00:00,110.5013,24.4,22.2,996.4,12.4,260.0,
2016-10-07 13:00:00,111.1815,24.4,22.2,997.2,11.3,250.0,8.0
2016-10-07 14:00:00,111.22139999999999,24.4,22.2,998.1,11.8,240.0,
2016-10-07 15:00:00,112.54169999999999,24.4,22.2,999.0,10.8,250.0,
2016-10-07 16:00:00,110.4213,25.0,22.2,1000.0,9.8,250.0,
2016-10-07 17:00:00,111.98159999999999,24.4,22.2,1000.1,12.9,250.0,
2016-10-07 18:00:00,110.54129999999999,24.4,22.2,1000.8,10.8,250.0,
2016-10-07 19:00:00,111.7815,25.0,22.2,1001.8,9.8,260.0,8.0
2016-10-07 20:00:00,111.7015,25.0,21.7,1002.4,9.3,250.0,
2016-10-07 21:00:00,111.66159999999999,25.6,21.1,1003.6,7.7,250.0,
2016-10-07 22:00:00,115.38230000000001,25.6,21.1,1004.8,7.2,230.0,
2016-10-07 23:00:00,115.9424,25.6,21.1,1005.3,6.7,240.0,
2016-10-08 00:00:00,115.58239999999999,25.6,20.6,1005.6,7.7,250.0,
2016-10-08 01:00:00,115.66229999999999,25.0,20.6,1006.2,6.7,250.0,8.0
2016-10-08 02:00:00,117.3827,24.4,20.6,1006.4,6.2,250.0,
2016-10-08 03:00:00,114.5421,24.4,20.6,1006.3,6.2,260.0,
2016-10-08 04:00:00,116.50240000000001,24.4,20.6,1006.6,5.7,250.0,
2016-10-08 05:00:00,117.86269999999999,23.9,20.6,1007.5,4.6,260.0,
2016-10-08 06:00:00,115.3022,23.3,20.6,1008.3,4.1,240.0,4.0
2016-10-08 07:00:00,117.0226,23.3,21.1,1008.4,4.6,250.0,4.0
2016-10-08 08:00:00,115.0622,25.0,21.7,1009.2,5.7,260.0,4.0
2016-10-08 09:00:00,109.1011,26.7,21.1,1009.7,7.2,270.0,4.0
2016-10-08 10:00:00,109.02109999999999,27.8,21.7,1010.0,6.7,270.0,
2016-10-08 11:00:00,106.8206,28.9,21.1,1009.9,7.7,290.0,
2016-10-08 12:00:00,106.0204,30.0,21.1,1009.3,8.2,280.0,
2016-10-08 13:00:00,116.6226,30.6,21.7,1008.7,5.1,270.0,6.0
2016-10-08 14:00:00,112.7418,31.1,21.1,1008.4,6.7,270.0,
2016-10-08 15:00:00,106.1405,31.7,21.1,1008.4,6.7,270.0,
2016-10-08 16:00:00,106.1804,31.1,21.1,1009.0,5.7,290.0,
2016-10-08 17:00:00,106.9806,30.0,21.1,1009.3,4.1,290.0,
2016-10-08 18:00:00,107.1406,28.9,21.1,1010.0,4.1,300.0,
2016-10-08 19:00:00,107.9408,27.8,21.7,1011.1,3.6,320.0,6.0
2016-10-08 20:00:00,109.8212,26.1,21.7,1011.9,2.1,360.0,
2016-10-08 21:00:00,108.1009,25.6,21.7,1012.6,2.1,350.0,4.0
2016-10-08 22:00:00,110.1812,25.6,21.7,1012.9,1.5,360.0,2.0
2016-10-08 23:00:00,112.42170000000002,25.0,21.7,1013.0,1.5,350.0,2.0
2016-10-09 00:00:00,109.3411,23.3,21.1,1013.1,2.6,270.0,4.0
2016-10-09 01:00:00,116.2224,23.9,21.7,1013.3,0.0,0.0,4.0
2016-10-09 02:00:00,111.3415,23.9,22.2,1013.4,2.1,320.0,2.0
2016-10-09 03:00:00,115.0222,23.3,21.7,1013.5,1.5,310.0,2.0
2016-10-09 04:00:00,115.54230000000001,23.3,21.1,1013.7,3.1,310.0,2.0
2016-10-09 05:00:00,115.0222,22.8,20.6,1014.1,3.1,340.0,2.0
2016-10-09 06:00:00,117.0626,22.8,20.0,1014.6,2.6,360.0,2.0
2016-10-09 07:00:00,113.822,22.8,20.0,1014.9,4.1,360.0,4.0
2016-10-09 08:00:00,115.5423,25.0,20.6,1015.7,4.1,360.0,4.0
2016-10-09 09:00:00,107.4207,26.1,20.0,1016.3,5.7,40.0,2.0
2016-10-09 10:00:00,105.7003,27.8,20.0,1016.8,6.2,30.0,4.0
2016-10-09 11:00:00,107.3007,28.9,20.0,1016.8,5.7,10.0,4.0
2016-10-09 12:00:00,108.0609,28.9,18.9,1016.6,6.2,20.0,
2016-10-09 13:00:00,105.3403,29.4,18.9,1015.8,8.2,10.0,4.0
2016-10-09 14:00:00,105.5804,29.4,18.9,1015.5,5.7,10.0,4.0
2016-10-09 15:00:00,104.86019999999999,28.9,17.8,1015.5,8.2,30.0,4.0
2016-10-09 16:00:00,105.9405,28.9,17.8,1015.8,5.7,20.0,2.0
2016-10-09 17:00:00,104.1,27.8,16.1,1016.3,5.1,30.0,2.0
2016-10-09 18:00:00,111.9016,25.6,16.1,1017.2,4.6,20.0,0.0
2016-10-09 19:00:00,108.86099999999999,24.4,17.8,1018.0,5.7,40.0,0.0
2016-10-09 20:00:00,116.8226,22.8,17.8,1018.7,6.2,20.0,0.0
2016-10-09 21:00:00,114.262,22.2,18.3,1018.9,4.6,360.0,0.0
2016-10-09 22:00:00,117.1027,21.7,18.3,1019.3,3.6,360.0,0.0
2016-10-09 23:00:00,111.94160000000001,20.6,17.8,1019.5,3.6,360.0,0.0
2016-10-10 00:00:00,103.7,20.0,17.8,1019.1,3.6,360.0,0.0
2016-10-10 01:00:00,97.09870000000001,20.0,17.2,1018.8,3.6,360.0,0.0
2016-10-10 02:00:00,90.17739999999999,19.4,17.2,1018.4,3.6,360.0,0.0
2016-10-10 03:00:00,92.81790000000001,18.9,16.1,1018.2,3.6,360.0,0.0
2016-10-10 04:00:00,88.6171,18.9,16.1,1018.2,3.6,360.0,0.0
2016-10-10 05:00:00,90.8976,18.9,15.6,1018.4,4.1,360.0,0.0
2016-10-10 06:00:00,91.8577,18.3,15.6,1018.9,3.6,350.0,2.0
2016-10-10 07:00:00,91.3777,19.4,15.6,1019.6,3.6,350.0,2.0
2016-10-10 08:00:00,94.8983,21.7,16.1,1020.1,3.6,360.0,2.0
2016-10-10 09:00:00,100.33930000000001,24.4,16.1,1020.6,4.6,20.0,4.0
2016-10-10 10:00:00,104.3401,25.6,15.0,1021.0,7.7,40.0,4.0
2016-10-10 11:00:00,106.1405,27.2,14.4,1021.0,7.2,30.0,
2016-10-10 12:00:00,104.8203,27.2,14.4,1020.9,8.8,60.0,
2016-10-10 13:00:00,103.94,25.6,15.6,1020.4,8.2,30.0,8.0
2016-10-10 14:00:00,104.9803,26.1,15.6,1019.8,6.2,30.0,
2016-10-10 15:00:00,105.8205,25.0,16.1,1020.1,6.2,30.0,
2016-10-10 16:00:00,104.6602,25.0,15.0,1020.0,8.8,40.0,
2016-10-10 17:00:00,103.66,24.4,15.6,1020.3,8.8,40.0,
2016-10-10 18:00:00,104.7002,23.3,15.6,1020.5,5.1,30.0,
2016-10-10 19:00:00,91.9777,22.8,15.0,1020.8,5.1,20.0,8.0
2016-10-10 20:00:00,94.2982,22.2,15.6,1021.1,4.6,10.0,
2016-10-10 21:00:00,92.2578,21.7,16.1,1021.5,5.1,10.0,
2016-10-10 22:00:00,93.05789999999999,20.6,15.6,1021.6,4.6,20.0,4.0
2016-10-10 23:00:00,94.81830000000001,20.6,15.6,1021.3,4.1,360.0,
2016-10-11 00:00:00,93.2179,20.6,16.1,1021.0,4.1,350.0,
2016-10-11 01:00:00,98.1789,20.0,16.7,1020.7,4.1,350.0,6.0
2016-10-11 02:00:00,94.21820000000001,20.6,16.1,1020.3,4.6,350.0,
2016-10-11 03:00:00,97.6988,20.6,16.1,1020.0,3.6,360.0,
2016-10-11 04:00:00,97.65889999999999,21.1,16.1,1020.1,3.6,360.0,
2016-10-11 05:00:00,97.2988,21.1,16.1,1020.2,4.6,340.0,
2016-10-11 06:00:00,99.8193,20.6,16.7,1020.3,4.6,340.0,
2016-10-11 07:00:00,100.8194,20.6,17.2,1020.7,3.6,360.0,8.0
2016-10-11 08:00:00,106.1405,21.7,17.2,1021.2,3.1,350.0,
2016-10-11 09:00:00,93.21799999999999,22.8,18.3,1021.7,4.1,360.0,
2016-10-11 10:00:00,115.9024,26.1,17.8,1021.6,5.1,10.0,
2016-10-11 11:00:00,115.4623,26.1,16.7,1021.6,6.7,40.0,
2016-10-11 12:00:00,114.9422,26.7,16.7,1020.9,7.2,30.0,
2016-10-11 13:00:00,112.0617,27.2,17.8,1019.9,9.3,10.0,6.0
2016-10-11 14:00:00,125.98429999999999,26.1,17.8,1019.4,8.8,30.0,
2016-10-11 15:00:00,109.46119999999999,26.1,18.3,1019.2,7.2,10.0,
2016-10-11 16:00:00,113.0618,25.0,18.9,1019.2,5.7,40.0,
2016-10-11 17:00:00,109.50109999999998,23.9,20.0,1019.1,4.1,10.0,
2016-10-11 18:00:00,114.262,23.9,18.9,1019.2,5.1,40.0,
2016-10-11 19:00:00,116.0624,23.3,19.4,1019.5,6.2,20.0,8.0
2016-10-11 20:00:00,114.5821,22.8,19.4,1019.5,3.6,20.0,
2016-10-11 21:00:00,117.2226,22.2,19.4,1019.5,4.6,360.0,
2016-10-11 22:00:00,114.46209999999999,21.7,20.0,1019.6,3.6,350.0,
2016-10-11 23:00:00,119.86319999999999,21.7,20.0,1019.3,3.1,360.0,
2016-10-12 00:00:00,117.5426,21.7,20.0,1018.7,3.1,360.0,
2016-10-12 01:00:00,119.98320000000001,22.2,19.4,1018.4,3.6,360.0,6.0
2016-10-12 02:00:00,118.5428,21.7,20.0,1017.9,3.6,350.0,2.0
2016-10-12 03:00:00,119.6231,21.7,20.0,1017.4,3.6,350.0,
2016-10-12 04:00:00,117.3826,21.7,20.0,1017.6,4.1,360.0,
2016-10-12 05:00:00,116.86250000000001,21.7,20.0,1018.0,3.6,350.0,
2016-10-12 06:00:00,115.3023,22.2,20.0,1018.2,3.1,320.0,
2016-10-12 07:00:00,119.023,21.7,20.0,1018.5,3.1,330.0,4.0
2016-10-12 08:00:00,118.943,22.8,20.0,1018.8,4.1,340.0,
2016-10-12 09:00:00,112.5017,24.4,20.0,1019.1,4.6,350.0,
2016-10-12 10:00:00,122.7037,26.7,20.0,1018.7,6.7,360.0,4.0
2016-10-12 11:00:00,110.18119999999999,25.6,20.6,1018.5,4.1,50.0,
2016-10-12 12:00:00,111.9416,28.3,19.4,1017.7,6.7,30.0,
2016-10-12 13:00:00,110.54129999999999,28.3,19.4,1016.9,7.7,40.0,6.0
2016-10-12 14:00:00,109.30109999999999,27.8,20.6,1016.1,7.2,40.0,
2016-10-12 15:00:00,112.2216,26.1,20.6,1016.3,8.8,50.0,
2016-10-12 16:00:00,110.38130000000001,26.7,21.1,1016.2,7.2,60.0,
2016-10-12 17:00:00,110.6214,26.1,20.0,1016.5,7.7,50.0,
2016-10-12 18:00:00,115.98239999999998,25.0,19.4,1016.7,4.6,30.0,
2016-10-12 19:00:00,112.9418,23.9,19.4,1017.1,4.1,30.0,6.0
2016-10-12 20:00:00,116.8226,22.8,20.0,1017.3,4.6,20.0,4.0
2016-10-12 21:00:00,114.3421,22.8,20.6,1017.6,2.6,20.0,2.0
2016-10-12 22:00:00,117.3426,22.8,20.6,1017.7,3.6,40.0,
2016-10-12 23:00:00,119.18299999999999,22.8,21.1,1017.6,2.6,350.0,
2016-10-13 00:00:00,117.9427,22.8,20.6,1017.4,2.1,10.0,
2016-10-13 01:00:00,119.9832,22.8,20.6,1017.0,2.1,340.0,8.0
2016-10-13 02:00:00,115.8623,22.8,21.1,1016.6,3.1,360.0,
2016-10-13 03:00:00,121.1434,22.2,21.1,1016.2,4.1,10.0,
2016-10-13 04:00:00,115.78229999999999,21.7,20.6,1016.2,3.6,20.0,2.0
2016-10-13 05:00:00,121.0233,21.1,20.6,1016.6,3.6,360.0,0.0
2016-10-13 06:00:00,117.1026,20.6,20.0,1017.2,3.1,350.0,2.0
2016-10-13 07:00:00,122.5437,21.1,20.0,1017.6,4.6,350.0,2.0
2016-10-13 08:00:00,118.5428,21.7,20.6,1018.3,3.1,360.0,
2016-10-13 09:00:00,114.9422,23.3,20.6,1018.9,2.6,350.0,
2016-10-13 10:00:00,111.4615,25.0,20.6,1018.8,2.1,350.0,
2016-10-13 11:00:00,110.38130000000001,27.8,20.6,1018.4,4.6,30.0,4.0
2016-10-13 12:00:00,110.94139999999999,29.4,18.3,1017.8,5.7,40.0,4.0
2016-10-13 13:00:00,111.7816,29.4,17.8,1016.9,6.2,40.0,6.0
2016-10-13 14:00:00,109.3811,28.3,18.9,1016.5,7.2,40.0,
2016-10-13 15:00:00,111.82159999999999,27.8,18.9,1016.4,7.2,40.0,
2016-10-13 16:00:00,111.9016,27.2,18.3,1016.7,6.7,40.0,
2016-10-13 17:00:00,114.102,25.6,18.9,1017.3,6.2,30.0,
2016-10-13 18:00:00,116.2224,24.4,18.9,1018.1,8.2,40.0,
2016-10-13 19:00:00,118.1028,24.4,18.9,1018.6,7.7,40.0,8.0
2016-10-13 20:00:00,118.0228,23.3,20.0,1019.0,3.6,40.0,
2016-10-13 21:00:00,114.62209999999999,23.9,19.4,1019.3,4.1,30.0,
2016-10-13 22:00:00,118.8229,23.9,19.4,1019.4,2.6,360.0,
2016-10-13 23:00:00,116.4625,23.9,18.9,1019.6,2.6,30.0,
2016-10-14 00:00:00,101.2995,23.3,18.3,1019.4,3.6,20.0,
2016-10-14 01:00:00,110.50129999999999,22.8,18.9,1019.1,3.1,10.0,6.0
2016-10-14 02:00:00,119.5831,22.2,19.4,1018.9,2.6,10.0,
2016-10-14 03:00:00,117.5426,22.8,20.0,1018.6,4.1,10.0,
2016-10-14 04:00:00,120.98339999999999,22.2,19.4,1018.8,3.1,360.0,
2016-10-14 05:00:00,119.5031,22.2,19.4,1018.9,4.1,360.0,
2016-10-14 06:00:00,120.4633,21.7,19.4,1019.4,3.6,10.0,4.0
2016-10-14 07:00:00,119.34309999999999,21.7,19.4,1019.9,4.1,10.0,4.0
2016-10-14 08:00:00,118.1428,23.9,20.0,1020.4,4.6,20.0,2.0
2016-10-14 09:00:00,110.7414,26.1,19.4,1021.0,5.7,30.0,4.0
2016-10-14 10:00:00,114.10210000000001,27.2,19.4,1021.1,6.7,60.0,
2016-10-14 11:00:00,109.46110000000002,27.2,20.0,1021.1,5.1,50.0,
2016-10-14 12:00:00,110.9414,28.9,21.1,1020.5,5.7,30.0,
2016-10-14 13:00:00,112.30170000000001,27.8,19.4,1019.7,6.7,10.0,6.0
2016-10-14 14:00:00,110.3013,29.4,19.4,1018.9,4.1,70.0,
2016-10-14 15:00:00,110.54129999999998,29.4,19.4,1018.7,7.2,60.0,
2016-10-14 16:00:00,109.62119999999999,28.3,19.4,1018.9,7.2,50.0,
2016-10-14 17:00:00,111.7816,27.2,20.0,1019.1,5.1,70.0,
2016-10-14 18:00:00,112.38169999999997,25.6,20.0,1019.6,5.1,60.0,
2016-10-14 19:00:00,115.38229999999999,25.0,20.0,1019.8,4.1,60.0,6.0
2016-10-14 20:00:00,117.42269999999999,24.4,20.0,1020.0,5.1,60.0,
2016-10-14 21:00:00,115.7023,24.4,19.4,1020.3,5.1,50.0,4.0
2016-10-14 22:00:00,112.70179999999999,24.4,20.6,1020.5,3.6,40.0,
2016-10-14 23:00:00,117.1827,23.9,20.6,1020.3,4.1,30.0,
2016-10-15 00:00:00,117.14259999999999,23.9,20.6,1020.1,3.1,80.0,
2016-10-15 01:00:00,115.8623,23.9,20.6,1019.8,3.6,50.0,6.0
2016-10-15 02:00:00,118.74289999999999,24.4,19.4,1019.6,3.6,40.0,
2016-10-15 03:00:00,115.1422,23.9,20.0,1019.5,3.1,110.0,
2016-10-15 04:00:00,119.9431,23.3,21.1,1019.2,2.1,210.0,
2016-10-15 05:00:00,116.3424,22.8,21.1,1019.4,1.5,280.0,
2016-10-15 06:00:00,116.5825,23.3,20.6,1019.7,2.1,330.0,
2016-10-15 07:00:00,119.6231,22.8,20.6,1020.4,3.1,350.0,4.0
2016-10-15 08:00:00,113.6619,24.4,21.1,1020.7,2.6,60.0,
2016-10-15 09:00:00,111.5815,23.3,21.7,1021.3,2.1,140.0,
2016-10-15 10:00:00,108.58089999999999,26.1,22.2,1021.2,2.6,60.0,
2016-10-15 11:00:00,112.38159999999999,27.2,22.8,1021.1,2.6,120.0,
2016-10-15 12:00:00,109.7812,30.0,21.1,1020.2,6.2,90.0,
2016-10-15 13:00:00,108.5009,31.1,20.6,1019.3,7.7,100.0,6.0
2016-10-15 14:00:00,108.3009,28.3,21.7,1018.7,6.7,70.0,
2016-10-15 15:00:00,108.541,28.9,21.1,1018.5,7.2,100.0,
2016-10-15 16:00:00,111.3415,28.9,21.7,1018.3,6.7,80.0,
2016-10-15 17:00:00,110.5413,27.2,21.1,1018.6,5.7,90.0,
2016-10-15 18:00:00,113.30179999999999,26.1,21.1,1018.5,6.2,70.0,
2016-10-15 19:00:00,116.4225,25.6,21.1,1018.6,4.1,60.0,6.0
2016-10-15 20:00:00,115.50229999999999,25.6,21.7,1018.9,6.2,60.0,
2016-10-15 21:00:00,115.9024,24.4,22.2,1019.3,5.1,60.0,
2016-10-15 22:00:00,118.3828,24.4,21.7,1019.6,4.6,50.0,
2016-10-15 23:00:00,117.4627,23.9,21.1,1019.4,4.6,60.0,
2016-10-16 00:00:00,117.8227,23.9,21.1,1019.3,4.1,50.0,
2016-10-16 01:00:00,119.54310000000001,23.9,21.1,1018.6,4.6,40.0,8.0
2016-10-16 02:00:00,116.54249999999999,23.9,21.1,1018.4,4.6,50.0,
2016-10-16 03:00:00,116.2624,23.9,21.1,1017.8,4.1,30.0,
2016-10-16 04:00:00,118.8629,23.3,21.1,1017.6,3.1,120.0,
2016-10-16 05:00:00,115.7823,23.3,21.1,1017.6,4.1,50.0,4.0
2016-10-16 06:00:00,115.7423,23.3,21.1,1018.0,6.7,40.0,
2016-10-16 07:00:00,117.5427,22.8,21.1,1018.5,4.1,80.0,6.0
2016-10-16 08:00:00,113.982,22.8,21.1,1018.2,4.1,70.0,
2016-10-16 09:00:00,114.94219999999999,25.6,21.7,1018.3,2.1,50.0,4.0
2016-10-16 10:00:00,108.1808,26.7,21.7,1018.3,5.7,50.0,4.0
2016-10-16 11:00:00,109.30109999999999,28.3,21.7,1018.1,6.2,80.0,
2016-10-16 12:00:00,109.8612,26.1,22.2,1017.5,5.1,50.0,
2016-10-16 13:00:00,109.4611,29.4,21.1,1016.2,6.2,70.0,6.0
2016-10-16 14:00:00,108.42089999999999,28.3,20.6,1015.9,9.3,70.0,
2016-10-16 15:00:00,111.18139999999997,28.3,20.6,1015.4,8.8,50.0,
2016-10-16 16:00:00,111.1414,27.8,18.9,1015.1,7.7,60.0,
2016-10-16 17:00:00,112.2217,26.7,18.3,1015.2,7.2,60.0,4.0
2016-10-16 18:00:00,111.22139999999999,25.6,18.3,1015.4,5.7,60.0,4.0
2016-10-16 19:00:00,116.5825,24.4,18.9,1015.9,4.6,60.0,4.0
2016-10-16 20:00:00,117.34270000000001,23.9,18.9,1016.1,4.1,40.0,4.0
2016-10-16 21:00:00,115.8623,23.3,19.4,1016.2,3.1,20.0,4.0
2016-10-16 22:00:00,113.862,22.8,20.0,1016.4,3.1,20.0,2.0
2016-10-16 23:00:00,116.5025,22.8,20.0,1016.2,3.1,20.0,2.0
2016-10-17 00:00:00,118.62289999999999,22.8,20.0,1016.0,2.6,40.0,2.0
2016-10-17 01:00:00,116.8626,22.2,20.0,1015.5,1.5,10.0,2.0
2016-10-17 02:00:00,115.38230000000001,21.7,20.0,1015.2,2.1,10.0,2.0
2016-10-17 03:00:00,117.8227,21.7,20.0,1014.9,1.5,350.0,4.0
2016-10-17 04:00:00,116.4224,21.1,20.0,1014.6,1.5,360.0,2.0
2016-10-17 05:00:00,116.74260000000001,21.7,20.6,1014.8,2.6,350.0,2.0
2016-10-17 06:00:00,113.74199999999999,21.1,20.0,1015.1,2.1,360.0,2.0
2016-10-17 07:00:00,116.3825,22.2,21.1,1015.5,3.6,20.0,2.0
2016-10-17 08:00:00,116.5025,24.4,21.7,1015.9,3.1,10.0,2.0
2016-10-17 09:00:00,111.0214,26.1,21.1,1016.2,4.1,60.0,2.0
2016-10-17 10:00:00,106.50049999999999,27.2,21.1,1016.3,3.6,40.0,
2016-10-17 11:00:00,108.86099999999999,29.4,20.0,1015.9,4.6,80.0,
2016-10-17 12:00:00,109.021,27.8,20.0,1015.6,8.8,60.0,
2016-10-17 13:00:00,110.7414,29.4,18.9,1014.5,6.2,60.0,6.0
2016-10-17 14:00:00,107.1007,28.9,18.3,1013.8,6.7,40.0,
2016-10-17 15:00:00,109.061,29.4,18.9,1013.6,6.7,60.0,
2016-10-17 16:00:00,108.701,28.3,18.3,1013.4,7.2,70.0,4.0
2016-10-17 17:00:00,111.3415,27.2,18.3,1013.5,7.7,60.0,2.0
2016-10-17 18:00:00,113.2219,26.1,18.9,1013.8,5.7,60.0,2.0
2016-10-17 19:00:00,119.50300000000001,25.0,19.4,1014.5,4.1,60.0,2.0
2016-10-17 20:00:00,118.1428,23.9,19.4,1015.0,3.6,60.0,2.0
2016-10-17 21:00:00,119.7431,23.3,20.0,1015.2,3.1,60.0,2.0
2016-10-17 22:00:00,118.18280000000001,22.8,19.4,1015.2,2.6,70.0,2.0
2016-10-17 23:00:00,119.3431,22.8,19.4,1015.4,3.1,60.0,2.0
2016-10-18 00:00:00,119.8631,22.8,19.4,1015.1,3.1,60.0,0.0
2016-10-18 01:00:00,120.66329999999999,21.7,19.4,1014.7,2.6,40.0,0.0
2016-10-18 02:00:00,121.5835,21.7,19.4,1014.6,2.6,10.0,0.0
2016-10-18 03:00:00,121.1034,21.1,19.4,1014.5,3.1,20.0,0.0
2016-10-18 04:00:00,122.26350000000002,21.1,19.4,1014.5,2.6,20.0,0.0
2016-10-18 05:00:00,122.0635,21.1,19.4,1014.9,3.1,20.0,0.0
2016-10-18 06:00:00,121.1834,20.6,18.9,1015.6,2.1,360.0,2.0
2016-10-18 07:00:00,123.1438,21.7,20.0,1016.1,1.5,340.0,2.0
2016-10-18 08:00:00,122.2636,23.9,20.6,1016.7,2.6,30.0,2.0
2016-10-18 09:00:00,116.2224,26.7,21.1,1017.3,2.1,60.0,2.0
2016-10-18 10:00:00,111.42150000000001,28.3,20.0,1017.4,4.1,80.0,4.0
2016-10-18 11:00:00,111.1815,28.0,20.0,,6.2,60.0,4.0
2016-10-18 12:00:00,113.06190000000001,29.4,18.3,1016.8,5.1,80.0,4.0
2016-10-18 13:00:00,111.7416,29.4,18.3,1016.2,5.7,60.0,4.0
2016-10-18 14:00:00,112.0216,30.0,18.3,1015.5,6.7,70.0,4.0
2016-10-18 15:00:00,110.66130000000001,28.9,18.3,1015.2,7.2,70.0,4.0
2016-10-18 16:00:00,109.3411,28.3,18.3,1015.2,7.2,80.0,4.0
2016-10-18 17:00:00,111.0615,27.8,17.8,1015.3,5.7,60.0,2.0
2016-10-18 18:00:00,114.22200000000001,26.1,18.9,1015.7,5.7,60.0,2.0
2016-10-18 19:00:00,116.3024,24.4,18.9,1016.1,4.1,70.0,2.0
2016-10-18 20:00:00,116.0624,23.9,18.9,1016.6,3.6,60.0,2.0
2016-10-18 21:00:00,116.0624,23.3,18.9,1016.9,3.6,60.0,0.0
2016-10-18 22:00:00,119.143,22.8,18.3,1017.0,3.6,60.0,0.0
2016-10-18 23:00:00,119.143,22.2,17.8,,3.6,60.0,2.0
2016-10-19 00:00:00,112.26160000000002,21.7,17.2,1016.6,3.1,50.0,2.0
2016-10-19 01:00:00,98.8991,20.6,17.2,1016.2,2.6,10.0,2.0
2016-10-19 02:00:00,95.7385,20.0,17.8,1016.0,2.1,360.0,2.0
2016-10-19 03:00:00,94.13820000000001,19.4,17.2,1015.8,3.1,10.0,0.0
2016-10-19 04:00:00,96.29860000000001,20.0,17.2,1016.0,3.1,10.0,2.0
2016-10-19 05:00:00,94.4182,20.0,17.8,1016.2,3.1,360.0,2.0
2016-10-19 06:00:00,98.41900000000001,20.6,17.8,1016.7,3.6,340.0,4.0
2016-10-19 07:00:00,103.21990000000001,21.1,18.3,1017.1,3.6,360.0,6.0
2016-10-19 08:00:00,109.7812,22.8,18.3,1017.5,4.1,20.0,
2016-10-19 09:00:00,115.70230000000001,26.1,18.9,1017.7,5.7,40.0,2.0
2016-10-19 10:00:00,111.5415,27.2,18.3,1017.9,5.7,50.0,4.0
2016-10-19 11:00:00,115.3823,27.8,17.8,1017.7,5.7,60.0,4.0
2016-10-19 12:00:00,110.5414,28.9,17.2,1017.1,7.2,40.0,4.0
2016-10-19 13:00:00,111.9416,29.4,17.2,1016.4,6.7,60.0,4.0
2016-10-19 14:00:00,114.7821,29.4,17.8,1015.6,6.7,50.0,4.0
2016-10-19 15:00:00,110.5813,27.8,16.7,1015.5,7.2,50.0,4.0
2016-10-19 16:00:00,112.7817,27.8,16.7,1015.4,6.2,70.0,4.0
2016-10-19 17:00:00,112.1016,27.2,16.7,1015.4,6.7,60.0,2.0
2016-10-19 18:00:00,115.8624,25.0,16.1,1015.8,4.6,60.0,2.0
2016-10-19 19:00:00,118.14280000000001,23.9,16.1,1016.1,4.1,40.0,0.0
2016-10-19 20:00:00,114.5821,22.8,16.7,1016.3,3.6,30.0,0.0
2016-10-19 21:00:00,105.7004,22.2,17.2,1016.5,3.6,30.0,0.0
2016-10-19 22:00:00,102.3798,21.1,17.2,1016.8,2.6,10.0,0.0
2016-10-19 23:00:00,98.7391,20.6,17.8,1016.4,3.1,360.0,2.0
2016-10-20 00:00:00,96.6187,20.6,17.2,1015.7,3.1,10.0,0.0
2016-10-20 01:00:00,97.2988,20.0,17.2,1015.3,2.6,350.0,0.0
2016-10-20 02:00:00,94.29820000000001,19.4,17.2,1015.0,3.1,350.0,0.0
2016-10-20 03:00:00,95.7385,19.4,17.2,1014.8,2.1,360.0,0.0
2016-10-20 04:00:00,96.21860000000001,18.9,16.7,1014.6,3.1,350.0,0.0
2016-10-20 05:00:00,100.93939999999999,18.9,17.2,1014.8,2.6,350.0,0.0
2016-10-20 06:00:00,100.89939999999999,19.4,17.2,1014.9,3.1,350.0,2.0
2016-10-20 07:00:00,108.26089999999999,20.0,17.8,1015.0,3.1,350.0,2.0
2016-10-20 08:00:00,108.4209,22.8,18.9,1015.0,3.6,350.0,2.0
2016-10-20 09:00:00,116.7426,25.6,18.9,1015.2,5.7,20.0,2.0
2016-10-20 10:00:00,110.18130000000001,27.2,18.3,1015.1,5.7,10.0,2.0
2016-10-20 11:00:00,112.9418,27.8,18.9,1014.7,4.6,30.0,4.0
2016-10-20 12:00:00,112.90180000000001,28.9,17.2,1014.0,6.7,20.0,4.0
2016-10-20 13:00:00,111.94160000000001,27.2,17.2,1013.3,5.7,30.0,4.0
2016-10-20 14:00:00,111.5015,28.9,17.2,1012.3,6.7,20.0,4.0
2016-10-20 15:00:00,111.1815,28.9,15.6,1011.8,6.2,40.0,4.0
2016-10-20 16:00:00,110.3013,27.8,16.1,1011.7,5.7,360.0,4.0
2016-10-20 17:00:00,110.50129999999999,27.8,16.7,1012.0,6.2,40.0,4.0
2016-10-20 18:00:00,112.8217,25.6,16.1,1012.4,4.6,30.0,2.0
2016-10-20 19:00:00,116.6625,23.9,17.2,1012.5,3.6,30.0,0.0
2016-10-20 20:00:00,120.3032,22.8,17.8,1012.5,3.1,350.0,0.0
2016-10-20 21:00:00,120.6233,21.7,17.8,1012.3,3.1,350.0,0.0
2016-10-20 22:00:00,119.263,21.7,18.3,1012.3,2.6,350.0,0.0
2016-10-20 23:00:00,117.94279999999999,21.7,18.3,1012.3,2.6,330.0,2.0
2016-10-21 00:00:00,119.3031,21.1,18.3,1011.9,2.1,350.0,2.0
2016-10-21 01:00:00,120.0232,20.6,18.3,1011.6,1.5,320.0,0.0
2016-10-21 02:00:00,118.2228,20.6,18.9,1011.3,2.6,320.0,0.0
2016-10-21 03:00:00,117.26259999999999,20.6,20.0,1010.6,2.6,320.0,
2016-10-21 04:00:00,118.3829,20.6,19.4,1010.4,3.1,350.0,
2016-10-21 05:00:00,114.82220000000001,20.6,19.4,1010.2,2.6,310.0,
2016-10-21 06:00:00,114.78220000000002,20.6,19.4,1010.4,3.6,320.0,
2016-10-21 07:00:00,119.98310000000001,20.0,18.9,1010.6,3.1,300.0,4.0
2016-10-21 08:00:00,119.5431,21.1,19.4,1011.0,3.6,320.0,4.0
2016-10-21 09:00:00,109.78120000000001,23.9,19.4,1011.0,6.7,320.0,2.0
2016-10-21 10:00:00,113.46180000000001,25.6,18.9,1011.1,5.1,320.0,2.0
2016-10-21 11:00:00,113.662,27.2,18.9,1010.7,5.1,300.0,2.0
2016-10-21 12:00:00,109.5011,28.3,18.3,1009.8,5.7,310.0,2.0
2016-10-21 13:00:00,107.82079999999999,28.9,18.3,1009.0,5.1,320.0,4.0
2016-10-21 14:00:00,108.741,30.0,17.8,1008.2,7.2,310.0,4.0
2016-10-21 15:00:00,107.9008,30.0,17.2,1007.8,5.1,300.0,
2016-10-21 16:00:00,111.7016,28.9,17.2,1007.8,5.7,280.0,
2016-10-21 17:00:00,109.74119999999999,28.3,17.2,1007.9,5.1,270.0,4.0
2016-10-21 18:00:00,112.1816,27.2,17.2,1008.6,4.1,280.0,4.0
2016-10-21 19:00:00,116.4224,26.1,17.8,1009.2,3.6,270.0,2.0
2016-10-21 20:00:00,113.822,25.0,18.9,1009.8,6.2,290.0,2.0
2016-10-21 21:00:00,113.2219,23.3,19.4,1010.4,3.6,280.0,2.0
2016-10-21 22:00:00,116.3024,23.3,18.9,1011.0,4.6,310.0,2.0
2016-10-21 23:00:00,99.41919999999998,22.2,12.2,1011.4,5.7,340.0,2.0
2016-10-22 00:00:00,98.339,21.1,8.9,1011.5,6.2,340.0,4.0
2016-10-22 01:00:00,94.9783,20.0,8.9,1012.0,5.7,350.0,2.0
2016-10-22 02:00:00,92.6179,18.9,7.8,1012.3,7.7,350.0,2.0
2016-10-22 03:00:00,93.8181,17.8,8.3,1012.5,4.6,320.0,0.0
2016-10-22 04:00:00,93.8181,16.1,8.3,1012.6,3.1,320.0,0.0
2016-10-22 05:00:00,88.85719999999999,16.1,7.8,1013.4,5.1,340.0,0.0
2016-10-22 06:00:00,77.1749,15.6,7.2,1014.1,4.6,350.0,0.0
2016-10-22 07:00:00,63.132099999999994,14.4,7.2,1015.0,3.6,320.0,0.0
2016-10-22 08:00:00,69.3733,16.7,7.8,1015.9,4.1,320.0,0.0
2016-10-22 09:00:00,85.65650000000001,18.3,7.8,1016.5,5.1,330.0,0.0
2016-10-22 10:00:00,91.3776,19.4,7.8,1016.7,5.1,320.0,0.0
2016-10-22 11:00:00,93.69810000000001,20.6,6.7,1016.9,5.1,340.0,0.0
2016-10-22 12:00:00,92.6979,21.7,6.7,1016.4,3.6,340.0,0.0
2016-10-22 13:00:00,94.8983,23.3,6.1,1015.4,4.6,330.0,0.0
2016-10-22 14:00:00,90.4975,23.3,4.4,1014.7,3.1,10.0,2.0
2016-10-22 15:00:00,93.9781,23.9,2.8,1014.5,3.6,330.0,0.0
2016-10-22 16:00:00,89.65719999999999,23.9,6.1,1014.7,3.1,300.0,0.0
2016-10-22 17:00:00,92.33779999999999,22.8,6.1,1015.0,3.6,310.0,0.0
2016-10-22 18:00:00,92.61789999999999,20.6,6.1,1015.9,3.1,310.0,0.0
2016-10-22 19:00:00,88.457,19.4,6.1,1016.6,3.1,330.0,0.0
2016-10-22 20:00:00,86.93669999999999,18.3,7.8,1017.5,2.1,340.0,0.0
2016-10-22 21:00:00,66.0128,16.7,8.9,1018.4,3.1,350.0,0.0
2016-10-22 22:00:00,61.571799999999996,16.1,8.9,1018.9,2.1,350.0,0.0
2016-10-22 23:00:00,61.8519,15.0,8.9,1018.9,3.1,340.0,0.0
2016-10-23 00:00:00,64.9325,13.9,9.4,1019.0,3.6,350.0,0.0
2016-10-23 01:00:00,64.9325,13.9,8.9,1019.4,3.1,350.0,0.0
2016-10-23 02:00:00,63.812400000000004,14.4,8.3,1019.5,3.6,330.0,0.0
2016-10-23 03:00:00,63.452299999999994,13.9,7.8,1019.5,2.6,340.0,0.0
2016-10-23 04:00:00,65.8527,12.2,7.2,1019.7,2.6,360.0,0.0
2016-10-23 05:00:00,65.0926,12.8,7.2,1020.2,3.6,360.0,0.0
2016-10-23 06:00:00,65.2926,13.3,7.8,1021.0,3.1,350.0,0.0
2016-10-23 07:00:00,64.5325,13.3,8.3,1021.8,3.1,360.0,0.0
2016-10-23 08:00:00,67.453,17.2,7.2,1022.6,4.6,350.0,0.0
2016-10-23 09:00:00,91.2976,19.4,6.1,1023.3,4.6,360.0,0.0
2016-10-23 10:00:00,98.73899999999999,21.7,7.8,1023.5,4.6,360.0,0.0
2016-10-23 11:00:00,96.05860000000001,22.8,9.4,1023.5,5.1,360.0,0.0
2016-10-23 12:00:00,103.5,23.9,10.6,1023.1,4.1,50.0,2.0
2016-10-23 13:00:00,97.1387,25.0,11.1,1022.2,4.1,60.0,2.0
2016-10-23 14:00:00,92.89789999999999,26.1,11.1,1021.4,5.7,40.0,2.0
2016-10-23 15:00:00,92.2178,25.6,10.6,1021.3,4.1,70.0,2.0
2016-10-23 16:00:00,91.69760000000001,24.4,10.6,1021.4,6.7,40.0,2.0
2016-10-23 17:00:00,92.6979,23.3,11.1,1021.6,5.1,60.0,2.0
2016-10-23 18:00:00,95.2984,21.7,11.1,1022.0,5.1,40.0,2.0
2016-10-23 19:00:00,92.05780000000001,20.0,11.7,1022.4,5.1,30.0,2.0
2016-10-23 20:00:00,91.05760000000001,18.9,11.1,1023.0,5.7,20.0,0.0
2016-10-23 21:00:00,91.9778,17.2,11.7,1023.3,3.1,350.0,0.0
2016-10-23 22:00:00,91.0176,17.8,11.7,1023.9,4.1,350.0,0.0
2016-10-23 23:00:00,93.218,17.2,11.7,1023.8,3.6,350.0,0.0
2016-10-24 00:00:00,94.8583,16.1,11.7,1023.4,3.6,360.0,0.0
2016-10-24 01:00:00,95.1784,16.1,11.1,1023.2,3.6,350.0,0.0
2016-10-24 02:00:00,88.49709999999999,16.1,10.6,1023.2,3.1,350.0,2.0
2016-10-24 03:00:00,84.77629999999999,15.6,11.1,1022.9,3.1,350.0,2.0
2016-10-24 04:00:00,84.25630000000001,15.0,10.6,1022.9,3.6,360.0,2.0
2016-10-24 05:00:00,86.5767,15.0,11.1,1023.0,3.1,360.0,2.0
2016-10-24 06:00:00,84.1762,15.0,10.6,1023.4,3.1,350.0,4.0
2016-10-24 07:00:00,84.7363,15.0,11.7,1023.8,2.6,360.0,2.0
2016-10-24 08:00:00,87.1768,18.3,11.7,1024.2,3.6,360.0,2.0
2016-10-24 09:00:00,96.4186,21.1,12.2,1024.5,4.6,360.0,4.0
2016-10-24 10:00:00,95.5784,23.3,13.3,1024.5,5.1,30.0,
2016-10-24 11:00:00,99.6592,23.9,13.3,1024.2,3.6,20.0,
2016-10-24 12:00:00,104.3401,25.0,13.3,1023.3,2.6,340.0,
2016-10-24 13:00:00,100.33940000000001,25.6,12.8,1022.3,1.5,,6.0
2016-10-24 14:00:00,97.69879999999999,26.1,13.3,1021.5,3.6,30.0,
2016-10-24 15:00:00,76.0147,25.6,12.2,1020.9,4.1,70.0,
2016-10-24 16:00:00,74.73440000000001,25.0,12.8,1020.7,5.1,60.0,
2016-10-24 17:00:00,75.8547,24.4,13.3,1020.6,4.1,70.0,
2016-10-24 18:00:00,80.8156,21.7,13.9,1021.3,3.6,100.0,4.0
2016-10-24 19:00:00,83.29600000000002,20.6,13.9,1021.8,2.6,90.0,0.0
2016-10-24 20:00:00,80.25540000000001,20.0,14.4,1022.4,3.1,60.0,0.0
2016-10-24 21:00:00,91.41770000000001,18.9,14.4,1022.8,3.1,40.0,0.0
2016-10-24 22:00:00,93.81819999999999,18.3,12.8,1022.9,1.5,30.0,2.0
2016-10-24 23:00:00,86.3767,17.8,12.2,1022.7,2.1,350.0,2.0
2016-10-25 00:00:00,80.6555,17.2,12.2,1022.2,1.5,360.0,4.0
2016-10-25 01:00:00,63.7723,16.7,11.7,1021.9,1.5,350.0,4.0
2016-10-25 02:00:00,61.4918,16.1,12.2,1021.3,1.5,340.0,
2016-10-25 03:00:00,63.5723,16.1,11.7,1021.1,1.5,10.0,
2016-10-25 04:00:00,63.0522,16.1,12.2,1020.9,1.5,40.0,
2016-10-25 05:00:00,63.8524,15.6,13.3,1021.2,3.1,360.0,
2016-10-25 06:00:00,63.572199999999995,16.1,12.8,1021.6,2.1,360.0,
2016-10-25 07:00:00,61.89190000000001,16.7,12.8,1022.0,1.5,10.0,6.0
2016-10-25 08:00:00,63.8923,18.3,14.4,1022.6,1.5,360.0,
2016-10-25 09:00:00,68.6533,21.1,15.0,1022.8,1.5,360.0,
2016-10-25 10:00:00,88.8972,22.8,13.9,1023.2,3.6,10.0,
2016-10-25 11:00:00,80.8156,25.6,15.0,1023.0,3.1,30.0,
2016-10-25 12:00:00,78.65520000000001,26.1,15.6,1022.3,5.1,70.0,
2016-10-25 13:00:00,86.33670000000001,27.2,16.1,1021.5,5.1,100.0,6.0
2016-10-25 14:00:00,86.7767,27.2,15.6,1020.6,4.6,100.0,
2016-10-25 15:00:00,88.77709999999999,27.8,15.0,1020.3,5.7,80.0,
2016-10-25 16:00:00,89.49719999999999,26.1,15.6,1020.5,5.7,70.0,
2016-10-25 17:00:00,90.0573,25.0,16.1,1020.8,6.2,60.0,
2016-10-25 18:00:00,90.9776,23.3,16.1,1021.3,4.1,70.0,
2016-10-25 19:00:00,82.4959,22.2,16.1,1022.0,3.1,60.0,6.0
2016-10-25 20:00:00,84.21629999999999,22.2,16.7,1022.3,3.6,30.0,
2016-10-25 21:00:00,86.6968,21.7,17.2,1023.1,3.1,10.0,
2016-10-25 22:00:00,85.7365,20.6,17.2,1023.1,3.1,360.0,
2016-10-25 23:00:00,92.17779999999999,20.0,17.2,1022.8,3.1,350.0,
2016-10-26 00:00:00,90.5775,18.9,17.2,1022.9,0.0,0.0,
2016-10-26 01:00:00,92.0978,18.9,17.2,1022.3,2.6,350.0,4.0
2016-10-26 02:00:00,95.0583,18.3,17.2,1022.2,2.6,360.0,2.0
2016-10-26 03:00:00,94.6183,17.8,16.7,1022.1,2.6,10.0,2.0
2016-10-26 04:00:00,94.7783,17.8,16.7,1021.5,3.1,20.0,2.0
2016-10-26 05:00:00,92.61789999999999,18.3,17.2,1022.0,3.1,30.0,
2016-10-26 06:00:00,95.2984,18.9,17.2,1022.1,3.1,60.0,4.0
2016-10-26 07:00:00,94.8583,19.4,16.7,1022.5,2.6,50.0,2.0
2016-10-26 08:00:00,90.9376,22.2,17.2,1022.9,4.1,60.0,2.0
2016-10-26 09:00:00,89.0172,25.0,17.8,1023.5,4.6,70.0,2.0
2016-10-26 10:00:00,86.4967,26.7,16.1,1023.3,8.8,70.0,2.0
2016-10-26 11:00:00,86.2567,27.2,15.6,1023.3,8.2,70.0,4.0
2016-10-26 12:00:00,86.8167,28.3,15.0,1022.8,8.2,80.0,4.0
2016-10-26 13:00:00,85.3365,28.9,14.4,1022.1,8.2,90.0,4.0
2016-10-26 14:00:00,87.21690000000001,28.9,16.1,1021.4,8.2,80.0,
2016-10-26 15:00:00,87.2969,27.2,16.7,1021.5,5.1,90.0,
2016-10-26 16:00:00,89.1772,26.7,17.2,1021.4,6.7,80.0,
2016-10-26 17:00:00,90.7775,25.6,18.3,1021.6,7.2,70.0,
2016-10-26 18:00:00,91.33760000000001,24.4,17.2,1022.0,6.7,60.0,4.0
2016-10-26 19:00:00,92.5378,23.3,17.2,1022.4,5.1,60.0,0.0
2016-10-26 20:00:00,83.6562,22.2,16.7,1022.8,4.6,50.0,4.0
2016-10-26 21:00:00,86.2166,22.2,16.7,1022.9,4.1,50.0,
2016-10-26 22:00:00,84.4563,21.7,16.7,1023.3,4.1,50.0,
2016-10-26 23:00:00,87.1368,21.7,16.7,1023.1,4.1,50.0,
2016-10-27 00:00:00,92.2178,21.1,16.1,1022.4,4.1,50.0,
2016-10-27 01:00:00,82.0959,20.6,16.1,1022.2,3.1,40.0,6.0
2016-10-27 02:00:00,90.73750000000001,20.6,16.7,1021.6,3.6,50.0,
2016-10-27 03:00:00,92.1378,20.0,16.7,1021.0,3.6,50.0,4.0
2016-10-27 04:00:00,90.3375,20.0,16.1,1020.9,3.1,30.0,4.0
2016-10-27 05:00:00,88.8572,20.6,16.7,1021.2,3.1,60.0,
2016-10-27 06:00:00,88.3371,20.0,16.7,1021.7,3.1,30.0,4.0
2016-10-27 07:00:00,92.37790000000001,21.1,16.7,1022.2,4.6,40.0,6.0
2016-10-27 08:00:00,86.6567,22.8,16.7,1022.9,4.1,40.0,
2016-10-27 09:00:00,85.6165,25.6,17.8,1023.2,5.7,60.0,
2016-10-27 10:00:00,84.3763,26.1,17.2,1023.5,7.2,90.0,
2016-10-27 11:00:00,86.73670000000001,27.8,15.6,1023.3,8.2,80.0,
2016-10-27 12:00:00,88.217,28.3,15.0,1022.8,8.8,90.0,
2016-10-27 13:00:00,89.1372,27.2,17.2,1021.6,6.2,60.0,6.0
2016-10-27 14:00:00,89.0172,28.3,14.4,1021.0,6.7,80.0,
2016-10-27 15:00:00,88.93719999999999,27.2,15.6,1021.0,6.2,80.0,
2016-10-27 16:00:00,89.3372,26.1,16.1,1020.7,7.2,70.0,
2016-10-27 17:00:00,89.9773,25.0,16.1,1020.8,5.7,70.0,
2016-10-27 18:00:00,91.2976,24.4,16.1,1021.0,4.6,60.0,
2016-10-27 19:00:00,90.8175,23.9,16.7,1021.6,4.1,40.0,8.0
2016-10-27 20:00:00,97.0188,23.3,16.7,1022.1,4.1,40.0,
2016-10-27 21:00:00,95.7784,23.3,17.8,1021.9,4.6,30.0,
2016-10-27 22:00:00,95.17840000000001,22.8,18.3,1022.0,3.6,40.0,
2016-10-27 23:00:00,95.5385,22.2,17.8,1021.2,5.1,60.0,
2016-10-28 00:00:00,96.73859999999999,22.2,17.8,1021.1,3.6,60.0,
2016-10-28 01:00:00,99.1791,21.7,17.2,1020.6,3.1,40.0,8.0
2016-10-28 02:00:00,101.53960000000001,21.1,17.2,1020.0,4.1,20.0,
2016-10-28 03:00:00,93.138,20.0,17.2,1019.7,3.1,10.0,
2016-10-28 04:00:00,92.4179,20.0,17.2,1019.3,3.6,30.0,4.0
2016-10-28 05:00:00,96.2986,19.4,16.7,1019.9,3.6,360.0,
2016-10-28 06:00:00,95.1383,20.0,17.2,1020.4,4.1,10.0,
2016-10-28 07:00:00,94.29809999999999,21.1,17.2,1020.7,5.1,30.0,6.0
2016-10-28 08:00:00,89.4173,22.2,17.2,1021.5,4.1,30.0,
2016-10-28 09:00:00,91.3776,23.9,18.3,1021.9,4.1,20.0,
2016-10-28 10:00:00,89.7773,26.7,18.3,1021.7,6.2,50.0,
2016-10-28 11:00:00,88.1771,27.8,16.7,1021.3,9.3,60.0,
2016-10-28 12:00:00,87.7769,28.3,15.6,1020.6,8.2,60.0,
2016-10-28 13:00:00,88.617,28.3,16.1,1019.8,9.3,70.0,6.0
2016-10-28 14:00:00,89.57730000000001,28.3,16.7,1019.3,8.8,70.0,
2016-10-28 15:00:00,90.97749999999999,27.2,16.1,1019.2,8.8,50.0,
2016-10-28 16:00:00,90.7375,26.1,17.2,1019.1,8.2,60.0,
2016-10-28 17:00:00,91.8177,25.0,16.7,1019.3,7.7,50.0,
2016-10-28 18:00:00,88.337,24.4,16.7,1019.2,6.2,50.0,
2016-10-28 19:00:00,90.1774,23.3,17.2,1019.4,6.2,30.0,4.0
2016-10-28 20:00:00,89.81739999999999,23.3,17.2,1019.7,6.2,40.0,4.0
2016-10-28 21:00:00,92.37780000000001,22.8,17.8,1020.2,4.1,40.0,2.0
2016-10-28 22:00:00,89.7373,22.2,17.8,1020.6,3.6,40.0,2.0
2016-10-28 23:00:00,84.1362,22.2,17.8,1020.4,4.6,30.0,2.0
2016-10-29 00:00:00,89.1773,21.1,17.8,1020.1,4.6,20.0,2.0
2016-10-29 01:00:00,87.8569,21.1,17.8,1020.0,3.6,30.0,2.0
2016-10-29 02:00:00,87.3768,20.6,17.8,1019.7,4.1,30.0,4.0
2016-10-29 03:00:00,91.5376,20.6,17.8,1019.9,4.1,20.0,4.0
2016-10-29 04:00:00,88.7771,21.1,17.8,1019.7,5.1,20.0,
2016-10-29 05:00:00,87.8969,20.6,17.2,1019.7,3.6,30.0,
2016-10-29 06:00:00,90.4575,21.1,17.8,1019.7,4.6,30.0,
2016-10-29 07:00:00,90.2974,20.6,17.8,1020.2,3.6,20.0,4.0
2016-10-29 08:00:00,87.8569,22.8,18.3,1020.8,4.6,20.0,2.0
2016-10-29 09:00:00,86.2166,25.6,18.3,1021.0,6.2,50.0,4.0
2016-10-29 10:00:00,84.8164,27.2,18.3,1021.1,7.7,70.0,
2016-10-29 11:00:00,96.73859999999999,27.2,18.3,1021.0,8.2,60.0,
2016-10-29 12:00:00,86.5767,27.8,17.2,1020.4,8.8,50.0,
2016-10-29 13:00:00,86.73679999999999,27.8,17.2,1019.9,7.7,80.0,6.0
2016-10-29 14:00:00,87.1368,28.9,16.1,1019.0,8.2,80.0,
2016-10-29 15:00:00,87.2968,27.2,16.7,1018.8,7.2,50.0,
2016-10-29 16:00:00,87.8569,26.7,17.2,1018.9,9.3,70.0,
2016-10-29 17:00:00,90.01740000000001,26.1,17.2,1018.9,7.7,70.0,
2016-10-29 18:00:00,90.8175,24.4,17.8,1019.2,3.6,60.0,
2016-10-29 19:00:00,93.138,23.9,18.3,1019.5,3.6,50.0,4.0
2016-10-29 20:00:00,92.53790000000001,23.3,18.3,1019.9,4.6,50.0,4.0
2016-10-29 21:00:00,94.4582,23.3,18.9,1019.9,4.6,50.0,
2016-10-29 22:00:00,97.2188,22.8,18.9,1020.2,4.1,40.0,
2016-10-29 23:00:00,93.338,22.2,18.3,1019.8,4.1,50.0,
2016-10-30 00:00:00,89.21719999999999,21.7,18.3,1019.6,3.1,60.0,
2016-10-30 01:00:00,92.7779,21.7,18.3,1019.4,3.1,60.0,8.0
2016-10-30 02:00:00,94.2582,20.6,17.8,1019.3,1.5,30.0,
2016-10-30 03:00:00,93.5781,19.4,17.8,1019.0,3.6,10.0,
2016-10-30 04:00:00,89.2572,20.0,18.3,1018.8,4.1,30.0,
2016-10-30 05:00:00,93.0579,20.0,18.3,1019.1,3.6,30.0,
2016-10-30 06:00:00,93.9781,19.4,17.8,1019.5,3.1,20.0,4.0
2016-10-30 07:00:00,93.53800000000001,20.0,18.3,1019.7,3.6,30.0,6.0
2016-10-30 08:00:00,90.6175,22.8,18.9,1020.2,3.1,50.0,4.0
2016-10-30 09:00:00,91.61770000000001,25.6,19.4,1020.2,4.1,60.0,4.0
2016-10-30 10:00:00,88.257,26.7,19.4,1020.3,5.1,60.0,
2016-10-30 11:00:00,89.9774,27.2,17.8,1019.8,5.7,90.0,
2016-10-30 12:00:00,89.2973,30.0,17.8,1019.1,5.1,60.0,4.0
2016-10-30 13:00:00,89.0573,29.4,16.1,1018.3,6.7,60.0,4.0
2016-10-30 14:00:00,89.09719999999999,29.4,15.0,1017.7,7.2,40.0,4.0
2016-10-30 15:00:00,88.6971,29.4,15.6,1017.5,6.7,60.0,4.0
2016-10-30 16:00:00,88.4971,27.8,16.1,1017.3,6.2,80.0,4.0
2016-10-30 17:00:00,88.37710000000001,26.7,17.2,1017.4,6.7,60.0,4.0
2016-10-30 18:00:00,86.8168,24.4,17.8,1017.8,4.6,60.0,4.0
2016-10-30 19:00:00,89.6174,23.9,17.8,1018.5,4.6,60.0,6.0
2016-10-30 20:00:00,91.7377,22.8,18.3,1018.3,3.6,60.0,
2016-10-30 21:00:00,90.65750000000001,22.2,17.8,1018.3,4.1,50.0,
2016-10-30 22:00:00,88.4571,21.1,17.8,1018.3,3.1,60.0,
2016-10-30 23:00:00,91.1776,20.6,17.2,1018.3,2.1,20.0,
2016-10-31 00:00:00,88.6571,19.4,17.2,1018.1,2.6,360.0,
2016-10-31 01:00:00,86.0567,18.9,17.2,1018.0,2.1,360.0,6.0
2016-10-31 02:00:00,83.3361,18.3,17.2,1017.7,2.1,360.0,
2016-10-31 03:00:00,86.33670000000001,18.3,16.7,1017.5,1.5,350.0,4.0
2016-10-31 04:00:00,90.6975,17.2,16.7,1017.1,1.5,350.0,0.0
2016-10-31 05:00:00,90.3775,17.2,17.2,1017.3,3.6,360.0,0.0
2016-10-31 06:00:00,85.4965,16.7,16.7,1017.3,3.1,10.0,0.0
2016-10-31 07:00:00,88.09700000000001,16.7,16.7,1017.6,3.1,350.0,2.0
2016-10-31 08:00:00,88.4171,19.4,18.3,1018.2,3.1,360.0,2.0
2016-10-31 09:00:00,84.53630000000001,24.4,18.3,1018.8,4.1,30.0,2.0
2016-10-31 10:00:00,84.2962,26.1,17.8,1018.9,4.1,30.0,2.0
2016-10-31 11:00:00,87.49690000000001,27.2,17.8,1018.6,5.1,50.0,2.0
2016-10-31 12:00:00,88.8571,28.3,17.2,1018.1,4.6,40.0,4.0
2016-10-31 13:00:00,88.97710000000001,28.9,16.1,1017.0,4.6,40.0,2.0
2016-10-31 14:00:00,89.25720000000001,28.9,15.0,1016.6,5.7,80.0,2.0
2016-10-31 15:00:00,88.6571,28.9,15.0,1016.2,7.2,60.0,2.0
2016-10-31 16:00:00,88.17699999999999,27.2,15.6,1016.2,6.7,60.0,2.0
2016-10-31 17:00:00,88.7371,26.1,16.7,1016.7,5.1,60.0,2.0
2016-10-31 18:00:00,91.29769999999999,24.4,17.2,1017.3,5.1,50.0,2.0
2016-10-31 19:00:00,94.0582,23.3,18.3,1018.1,3.6,60.0,2.0
2016-10-31 20:00:00,93.178,22.8,20.0,1018.4,4.1,30.0,0.0
2016-10-31 21:00:00,92.3378,21.7,19.4,1018.8,3.1,40.0,2.0
2016-10-31 22:00:00,91.0976,21.7,18.9,1019.0,3.1,60.0,2.0
2016-10-31 23:00:00,87.937,20.6,18.3,1018.8,1.5,80.0,2.0
2016-11-01 00:00:00,93.6181,20.0,17.8,1018.6,1.5,80.0,0.0
2016-11-01 01:00:00,89.1772,19.4,17.2,1018.6,1.5,70.0,0.0
2016-11-01 02:00:00,89.6573,18.3,16.7,1018.6,1.5,360.0,2.0
2016-11-01 03:00:00,93.9782,18.3,16.7,1018.6,0.0,0.0,2.0
2016-11-01 04:00:00,92.2178,17.8,16.7,1018.5,1.5,10.0,2.0
2016-11-01 05:00:00,91.8177,17.2,16.7,1018.9,1.5,360.0,2.0
2016-11-01 06:00:00,94.25819999999999,17.2,16.7,1019.4,1.5,360.0,2.0
2016-11-01 07:00:00,94.3782,17.8,17.2,1019.9,2.6,360.0,2.0
2016-11-01 08:00:00,92.37790000000001,20.6,18.9,1020.8,2.6,10.0,2.0
2016-11-01 09:00:00,86.7767,24.4,18.3,1021.3,4.6,50.0,2.0
2016-11-01 10:00:00,91.2176,26.7,17.8,1021.5,5.7,70.0,2.0
2016-11-01 11:00:00,87.4569,27.8,17.8,1021.5,6.7,80.0,4.0
2016-11-01 12:00:00,87.6969,27.2,17.2,1021.0,6.7,70.0,4.0
2016-11-01 13:00:00,91.4177,29.4,16.1,1020.0,8.2,100.0,4.0
2016-11-01 14:00:00,90.3374,29.4,15.6,1019.6,7.2,90.0,4.0
2016-11-01 15:00:00,89.0172,28.9,16.7,1019.5,6.2,100.0,4.0
2016-11-01 16:00:00,89.8573,27.2,16.7,1019.5,6.2,70.0,4.0
2016-11-01 17:00:00,90.41739999999999,26.7,16.1,1019.8,5.7,90.0,2.0
2016-11-01 18:00:00,92.2577,24.4,16.7,1020.2,3.6,80.0,2.0
2016-11-01 19:00:00,92.7379,23.3,17.2,1020.6,3.6,60.0,0.0
2016-11-01 20:00:00,94.8983,22.8,17.2,1020.9,2.6,40.0,0.0
2016-11-01 21:00:00,97.3387,22.8,17.8,1021.0,3.1,50.0,2.0
2016-11-01 22:00:00,88.9772,21.7,18.3,1021.1,2.6,50.0,0.0
2016-11-01 23:00:00,91.1776,21.7,18.3,1021.3,0.0,0.0,0.0
2016-11-02 00:00:00,91.4976,20.6,18.3,1021.3,2.1,350.0,2.0
2016-11-02 01:00:00,93.57809999999999,20.6,18.3,1021.4,1.5,360.0,0.0
2016-11-02 02:00:00,94.73830000000001,19.4,18.3,1021.1,2.6,360.0,2.0
2016-11-02 03:00:00,92.6178,19.4,18.3,1020.9,3.1,350.0,2.0
2016-11-02 04:00:00,89.7373,20.0,19.4,1020.9,1.5,350.0,
2016-11-02 05:00:00,93.298,20.0,19.4,1021.3,1.5,350.0,
2016-11-02 06:00:00,98.2189,20.6,20.0,1021.7,2.6,360.0,
2016-11-02 07:00:00,99.1392,21.1,20.6,1022.0,3.1,30.0,6.0
2016-11-02 08:00:00,98.2989,22.2,21.1,1022.4,2.6,30.0,
2016-11-02 09:00:00,93.0179,24.4,21.1,1023.1,4.6,70.0,
2016-11-02 10:00:00,91.6977,26.7,20.0,1023.2,6.2,70.0,
2016-11-02 11:00:00,90.97749999999999,27.8,18.9,1023.1,7.2,70.0,
2016-11-02 12:00:00,92.05770000000001,27.8,19.4,1022.5,7.2,70.0,
2016-11-02 13:00:00,90.3775,28.3,19.4,1021.7,6.7,80.0,6.0
2016-11-02 14:00:00,90.4174,28.3,16.7,1021.3,7.2,90.0,
2016-11-02 15:00:00,90.3374,27.8,17.2,1021.1,6.2,70.0,
2016-11-02 16:00:00,88.97710000000001,27.8,16.1,1021.3,7.7,60.0,4.0
2016-11-02 17:00:00,88.6171,26.1,16.1,1021.6,7.2,70.0,4.0
2016-11-02 18:00:00,90.3374,24.4,16.7,1022.0,5.1,50.0,
2016-11-02 19:00:00,90.8175,23.3,17.8,1022.5,4.6,60.0,4.0
2016-11-02 20:00:00,90.29740000000001,22.2,17.8,1022.6,3.6,50.0,
2016-11-02 21:00:00,91.0976,21.7,17.8,1022.7,3.6,30.0,
2016-11-02 22:00:00,86.8168,21.1,17.8,1022.8,3.1,20.0,
2016-11-02 23:00:00,86.3367,21.1,17.8,1022.7,3.1,10.0,
2016-11-03 00:00:00,90.4174,21.7,17.8,1022.3,3.1,30.0,
2016-11-03 01:00:00,89.2573,20.0,17.8,1022.0,2.6,10.0,6.0
2016-11-03 02:00:00,94.2582,20.0,18.3,1021.6,3.1,360.0,
2016-11-03 03:00:00,91.6977,18.3,17.8,1021.4,2.6,360.0,
2016-11-03 04:00:00,90.7776,18.3,17.2,1021.4,2.1,360.0,
2016-11-03 05:00:00,87.3368,17.8,17.2,1021.3,3.1,360.0,
2016-11-03 06:00:00,82.29589999999999,17.2,17.2,1021.5,2.6,350.0,
2016-11-03 07:00:00,89.5372,18.3,17.2,1021.7,2.6,10.0,6.0
2016-11-03 08:00:00,93.178,20.6,18.3,1022.2,2.1,10.0,
2016-11-03 09:00:00,83.61609999999999,23.9,17.8,1022.6,2.6,20.0,
2016-11-03 10:00:00,87.0968,26.7,17.8,1022.7,3.6,30.0,
2016-11-03 11:00:00,86.33670000000001,27.2,17.8,1022.5,4.6,60.0,
2016-11-03 12:00:00,87.49690000000001,25.0,18.3,1021.9,5.7,40.0,
2016-11-03 13:00:00,88.53710000000001,28.3,17.8,1020.6,4.6,90.0,6.0
2016-11-03 14:00:00,88.81710000000001,28.9,15.0,1019.6,5.1,60.0,
2016-11-03 15:00:00,88.137,27.2,15.6,1019.2,3.6,60.0,4.0
2016-11-03 16:00:00,88.417,26.7,15.6,1019.0,4.1,70.0,4.0
2016-11-03 17:00:00,88.33709999999999,25.6,15.6,1019.2,5.7,60.0,4.0
2016-11-03 18:00:00,90.1374,24.4,16.7,1019.6,4.1,60.0,2.0
2016-11-03 19:00:00,91.93780000000001,23.3,16.7,1019.9,4.6,60.0,2.0
2016-11-03 20:00:00,83.21610000000001,22.2,16.7,1020.0,3.6,30.0,4.0
2016-11-03 21:00:00,84.9764,21.7,17.2,1020.2,3.1,40.0,2.0
2016-11-03 22:00:00,91.4977,20.0,17.2,1020.2,2.6,350.0,2.0
2016-11-03 23:00:00,89.4573,19.4,17.2,1020.1,2.6,350.0,2.0
2016-11-04 00:00:00,90.01740000000001,20.0,17.8,1019.6,2.1,340.0,2.0
2016-11-04 01:00:00,91.4576,19.4,17.2,1019.1,0.0,0.0,4.0
2016-11-04 02:00:00,89.7773,18.9,17.2,1018.7,0.0,0.0,
2016-11-04 03:00:00,94.3382,17.8,17.2,1018.3,0.0,0.0,2.0
2016-11-04 04:00:00,95.7385,17.2,16.7,1018.2,1.5,290.0,2.0
2016-11-04 05:00:00,93.178,17.8,17.8,1018.5,2.1,300.0,0.0
2016-11-04 06:00:00,94.6183,17.2,17.2,1018.7,1.5,320.0,2.0
2016-11-04 07:00:00,91.6977,17.2,17.2,1019.3,1.5,310.0,4.0
2016-11-04 08:00:00,95.89859999999999,19.4,18.9,1019.6,1.5,320.0,
2016-11-04 09:00:00,85.89659999999999,22.2,18.3,1019.9,3.6,320.0,
2016-11-04 10:00:00,80.7355,25.0,17.8,1019.8,3.1,320.0,
2016-11-04 11:00:00,86.0966,26.1,16.7,1019.1,4.1,300.0,
2016-11-04 12:00:00,86.0565,27.2,15.6,1018.3,2.6,310.0,
2016-11-04 13:00:00,87.4969,27.8,15.0,1017.1,4.6,310.0,6.0
2016-11-04 14:00:00,88.3771,28.9,15.0,1016.5,3.6,340.0,4.0
2016-11-04 15:00:00,94.09809999999999,29.4,15.0,1015.9,3.6,350.0,4.0
2016-11-04 16:00:00,91.13759999999999,28.9,14.4,1015.6,2.1,340.0,2.0
2016-11-04 17:00:00,89.4573,28.3,15.6,1015.8,4.1,10.0,
2016-11-04 18:00:00,90.6175,25.6,16.1,1016.0,2.6,360.0,2.0
2016-11-04 19:00:00,89.9773,24.4,16.7,1016.4,0.0,0.0,6.0
2016-11-04 20:00:00,78.9753,23.3,17.8,1016.9,0.0,0.0,
2016-11-04 21:00:00,83.4161,23.3,18.9,1017.9,10.3,10.0,
2016-11-04 22:00:00,89.7773,21.7,20.0,1018.4,4.1,10.0,
2016-11-04 23:00:00,90.2174,21.7,19.4,1018.4,5.7,20.0,
2016-11-05 00:00:00,95.8985,20.6,18.9,1018.7,3.1,350.0,4.0
2016-11-05 01:00:00,96.77869999999999,20.0,18.9,1018.4,3.1,350.0,4.0
2016-11-05 02:00:00,98.179,19.4,18.9,1018.4,3.6,360.0,2.0
2016-11-05 03:00:00,87.4169,19.4,18.3,1018.3,2.6,350.0,2.0
2016-11-05 04:00:00,92.65790000000001,18.9,17.8,1018.4,3.1,350.0,0.0
2016-11-05 05:00:00,92.9779,18.3,17.2,1018.7,3.1,340.0,0.0
2016-11-05 06:00:00,91.4976,17.2,16.7,1019.2,2.6,340.0,2.0
2016-11-05 07:00:00,95.17840000000001,18.3,16.7,1019.7,3.1,340.0,2.0
2016-11-05 08:00:00,93.2179,19.4,17.2,1020.5,4.6,350.0,2.0
2016-11-05 09:00:00,84.4963,23.3,16.7,1020.8,5.1,20.0,2.0
2016-11-05 10:00:00,79.4553,25.6,15.6,1021.1,4.6,40.0,2.0
2016-11-05 11:00:00,76.97489999999999,26.7,15.0,1021.0,7.2,40.0,4.0
2016-11-05 12:00:00,80.1755,27.2,12.8,1020.4,7.2,60.0,4.0
2016-11-05 13:00:00,74.7744,26.1,12.8,1019.8,7.7,60.0,4.0
2016-11-05 14:00:00,73.4942,27.2,12.8,1019.4,6.7,50.0,4.0
2016-11-05 15:00:00,74.4944,27.2,12.8,1019.4,7.7,50.0,4.0
2016-11-05 16:00:00,74.8544,25.6,10.6,1019.7,7.2,40.0,4.0
2016-11-05 17:00:00,75.1745,24.4,12.8,1020.0,7.7,50.0,4.0
2016-11-05 18:00:00,79.0153,22.2,12.2,1020.4,4.1,30.0,2.0
2016-11-05 19:00:00,81.6157,21.7,13.9,1021.0,5.1,30.0,2.0
2016-11-05 20:00:00,86.3366,20.6,14.4,1021.6,5.1,10.0,2.0
2016-11-05 21:00:00,88.3371,20.0,16.1,1022.3,4.6,350.0,2.0
2016-11-05 22:00:00,85.37650000000001,19.4,16.1,1022.3,4.1,350.0,2.0
2016-11-05 23:00:00,90.17739999999999,19.4,16.1,1021.9,5.7,340.0,4.0
2016-11-06 00:00:00,87.6969,19.4,16.1,1021.5,5.1,350.0,
2016-11-06 01:00:00,90.4974,18.3,16.7,1021.3,4.1,360.0,6.0
2016-11-06 02:00:00,87.1768,18.9,16.7,1021.1,4.1,360.0,
2016-11-06 03:00:00,92.6178,18.3,17.8,1020.6,4.1,330.0,
2016-11-06 04:00:00,88.8971,18.3,17.8,1020.4,3.6,360.0,
2016-11-06 05:00:00,90.1374,17.2,17.2,1020.6,2.6,350.0,
2016-11-06 06:00:00,93.5781,17.2,17.2,1021.3,3.1,340.0,
2016-11-06 07:00:00,90.5375,16.7,16.7,1021.9,4.1,350.0,6.0
2016-11-06 08:00:00,88.7371,17.2,17.2,1022.4,3.1,340.0,
2016-11-06 09:00:00,80.5356,19.4,18.3,1022.8,2.6,330.0,
2016-11-06 10:00:00,85.6166,22.8,18.3,1022.7,2.6,360.0,
2016-11-06 11:00:00,78.2151,24.4,16.7,1022.3,3.1,40.0,
2016-11-06 12:00:00,77.455,24.4,16.1,1021.9,5.1,80.0,
2016-11-06 13:00:00,77.25489999999999,23.9,17.2,1021.0,7.7,70.0,6.0
2016-11-06 14:00:00,76.2147,23.9,16.7,1020.9,6.7,90.0,
2016-11-06 15:00:00,77.815,22.8,18.9,1020.9,5.1,100.0,
2016-11-06 16:00:00,78.0951,22.8,17.8,1020.6,2.1,90.0,
2016-11-06 17:00:00,90.4574,22.2,18.3,1020.8,1.5,80.0,
2016-11-06 18:00:00,89.0972,22.8,16.7,1021.1,3.1,80.0,
2016-11-06 19:00:00,82.816,22.2,16.1,1021.5,3.1,60.0,6.0
2016-11-06 20:00:00,88.4971,21.7,16.1,1021.7,3.6,50.0,
2016-11-06 21:00:00,86.5768,21.1,16.1,1022.1,4.1,40.0,4.0
2016-11-06 22:00:00,82.896,20.0,16.1,1022.2,3.1,30.0,4.0
2016-11-06 23:00:00,89.6973,19.4,15.6,1022.1,3.6,40.0,
2016-11-07 00:00:00,93.9781,18.9,15.6,1022.0,3.1,40.0,
2016-11-07 01:00:00,83.136,19.4,14.4,1021.8,3.6,60.0,6.0
2016-11-07 02:00:00,88.3771,17.8,14.4,1022.1,3.1,20.0,4.0
2016-11-07 03:00:00,91.7377,17.2,14.4,1021.6,2.1,10.0,
2016-11-07 04:00:00,92.9379,17.2,14.4,1021.6,2.6,20.0,
2016-11-07 05:00:00,91.33760000000001,19.4,14.4,1021.8,4.1,50.0,
2016-11-07 06:00:00,94.3782,19.4,14.4,1022.4,2.6,50.0,
2016-11-07 07:00:00,92.7378,18.3,14.4,1022.6,2.6,20.0,6.0
2016-11-07 08:00:00,83.9362,21.7,15.0,1023.0,2.6,60.0,
2016-11-07 09:00:00,77.575,23.3,15.6,1023.2,3.1,60.0,
2016-11-07 10:00:00,75.5746,25.6,15.0,1023.3,6.7,80.0,
2016-11-07 11:00:00,78.1351,26.7,14.4,1023.3,8.8,70.0,
2016-11-07 12:00:00,75.0945,26.7,13.3,1022.8,8.8,60.0,
2016-11-07 13:00:00,74.9345,26.1,13.3,1022.2,6.2,60.0,6.0
2016-11-07 14:00:00,75.2546,25.6,12.2,1021.8,6.2,70.0,
2016-11-07 15:00:00,74.7344,25.0,13.3,1021.5,8.2,50.0,
2016-11-07 16:00:00,74.2544,25.6,11.7,1021.6,7.2,50.0,
2016-11-07 17:00:00,80.41550000000001,23.9,13.9,1021.8,5.1,60.0,
2016-11-07 18:00:00,87.5769,22.2,14.4,1021.9,5.1,60.0,2.0
2016-11-07 19:00:00,82.7359,21.1,14.4,1022.3,3.1,70.0,0.0
2016-11-07 20:00:00,85.53649999999999,20.6,14.4,1022.3,3.1,50.0,2.0
2016-11-07 21:00:00,87.0968,20.6,14.4,1022.6,3.1,50.0,2.0
2016-11-07 22:00:00,82.1758,20.6,14.4,1022.7,3.6,50.0,2.0
2016-11-07 23:00:00,89.57730000000001,20.0,15.0,1022.4,3.6,50.0,
2016-11-08 00:00:00,91.7777,19.4,15.6,1022.3,3.1,20.0,
2016-11-08 01:00:00,93.1379,18.3,15.0,1021.8,2.6,20.0,2.0
2016-11-08 02:00:00,83.5761,17.2,14.4,1021.6,3.1,20.0,2.0
2016-11-08 03:00:00,82.33590000000001,16.7,14.4,1021.3,3.1,20.0,0.0
2016-11-08 04:00:00,83.61619999999999,16.1,13.9,1021.1,3.1,20.0,0.0
2016-11-08 05:00:00,84.8964,16.1,13.3,1021.1,2.1,10.0,2.0
2016-11-08 06:00:00,83.8562,15.6,13.3,1021.5,1.5,350.0,
2016-11-08 07:00:00,85.09649999999999,17.2,14.4,1021.8,0.0,0.0,6.0
2016-11-08 08:00:00,70.7337,19.4,16.1,1022.1,2.6,10.0,4.0
2016-11-08 09:00:00,84.69630000000001,22.8,15.0,1022.5,3.6,60.0,4.0
2016-11-08 10:00:00,76.8148,25.0,13.9,1022.5,3.6,50.0,4.0
2016-11-08 11:00:00,75.8546,26.7,13.3,1022.3,5.1,70.0,4.0
2016-11-08 12:00:00,76.1747,27.2,13.9,1021.3,6.7,50.0,4.0
2016-11-08 13:00:00,74.6945,26.7,13.3,1020.4,4.1,100.0,4.0
2016-11-08 14:00:00,76.4548,27.8,12.2,1019.7,5.1,80.0,
2016-11-08 15:00:00,76.3347,26.7,13.3,1019.4,5.1,70.0,
2016-11-08 16:00:00,77.2549,25.0,13.9,1019.1,5.7,60.0,
2016-11-08 17:00:00,79.1353,24.4,14.4,1019.0,4.6,70.0,
2016-11-08 18:00:00,82.576,22.2,13.9,1019.2,3.6,70.0,
2016-11-08 19:00:00,86.2166,21.7,14.4,1019.7,3.6,70.0,4.0
2016-11-08 20:00:00,88.017,20.0,14.4,1019.7,2.6,80.0,2.0
2016-11-08 21:00:00,88.97710000000001,20.6,14.4,1020.0,2.1,90.0,
2016-11-08 22:00:00,84.49630000000002,20.6,15.0,1020.0,2.1,90.0,
2016-11-08 23:00:00,92.3378,18.9,14.4,1019.6,2.6,90.0,2.0
2016-11-09 00:00:00,91.1776,18.9,14.4,1019.3,2.1,80.0,2.0
2016-11-09 01:00:00,93.418,18.3,13.9,1018.8,0.0,0.0,4.0
2016-11-09 02:00:00,94.8583,17.2,13.9,1018.1,0.0,0.0,
2016-11-09 03:00:00,95.41839999999999,17.2,15.0,1017.8,2.1,340.0,
2016-11-09 04:00:00,94.4583,17.8,15.0,1017.4,1.5,360.0,
2016-11-09 05:00:00,93.1379,16.7,14.4,1017.2,2.1,360.0,
2016-11-09 06:00:00,93.41810000000001,17.2,14.4,1017.7,0.0,0.0,
2016-11-09 07:00:00,91.57770000000001,16.7,14.4,1018.1,0.0,0.0,6.0
2016-11-09 08:00:00,87.2568,19.4,16.1,1018.4,2.1,10.0,
2016-11-09 09:00:00,84.1763,22.2,16.1,1018.6,1.5,90.0,
2016-11-09 10:00:00,79.9754,23.9,15.6,1019.0,0.0,0.0,
2016-11-09 11:00:00,78.7352,23.9,15.6,1018.4,0.0,0.0,
2016-11-09 12:00:00,74.9744,24.4,15.0,1017.4,0.0,0.0,
2016-11-09 13:00:00,76.0547,25.0,14.4,1016.8,2.6,310.0,6.0
2016-11-09 14:00:00,78.055,25.0,15.0,1016.2,3.1,,
2016-11-09 15:00:00,78.8952,25.0,15.0,1015.9,2.6,340.0,
2016-11-09 16:00:00,83.4961,24.4,15.6,1015.9,3.1,320.0,
2016-11-09 17:00:00,83.93620000000001,23.3,16.1,1016.1,3.1,350.0,
2016-11-09 18:00:00,88.17699999999999,22.2,16.1,1016.6,3.6,10.0,
2016-11-09 19:00:00,87.4568,21.7,16.1,1017.5,4.1,360.0,8.0
2016-11-09 20:00:00,90.45750000000001,21.1,16.7,1018.1,3.6,20.0,
2016-11-09 21:00:00,89.9374,20.6,16.7,1018.4,2.6,20.0,
2016-11-09 22:00:00,89.4973,20.0,16.7,1018.7,0.0,0.0,
2016-11-09 23:00:00,92.0177,19.4,16.1,1018.6,0.0,0.0,
2016-11-10 00:00:00,89.3372,19.4,16.7,1018.7,1.5,260.0,
2016-11-10 01:00:00,87.2568,18.9,16.1,1018.6,2.1,310.0,6.0
2016-11-10 02:00:00,88.9372,18.3,16.1,1018.7,1.5,330.0,
2016-11-10 03:00:00,93.698,17.8,16.1,1018.8,2.1,350.0,
2016-11-10 04:00:00,94.3382,16.7,15.6,1018.5,1.5,360.0,2.0
2016-11-10 05:00:00,94.3382,16.1,15.6,1018.8,0.0,0.0,0.0
2016-11-10 06:00:00,95.13829999999999,15.0,14.4,1019.0,2.1,330.0,0.0
2016-11-10 07:00:00,96.49860000000001,14.4,14.4,1019.6,0.0,0.0,2.0
2016-11-10 08:00:00,84.4563,16.7,15.6,1020.0,3.1,360.0,2.0
2016-11-10 09:00:00,84.1763,19.4,15.0,1020.8,2.6,350.0,2.0
2016-11-10 10:00:00,79.5354,22.8,15.0,1021.2,3.6,360.0,2.0
2016-11-10 11:00:00,73.93430000000001,24.4,12.2,1021.0,3.6,30.0,2.0
2016-11-10 12:00:00,75.6546,25.0,11.1,1020.3,1.5,,0.0
2016-11-10 13:00:00,75.37450000000001,26.1,10.6,1019.5,3.1,360.0,2.0
2016-11-10 14:00:00,76.9348,26.1,10.6,1018.9,3.1,,2.0
2016-11-10 15:00:00,75.5346,26.1,10.6,1018.5,3.6,10.0,2.0
2016-11-10 16:00:00,78.6552,25.6,10.0,1018.2,3.6,40.0,0.0
2016-11-10 17:00:00,90.1774,24.4,11.7,1018.5,4.1,20.0,2.0
2016-11-10 18:00:00,85.93650000000001,22.2,13.3,1019.1,5.1,40.0,2.0
2016-11-10 19:00:00,89.2972,20.0,13.9,1019.7,4.1,50.0,0.0
2016-11-10 20:00:00,93.6181,18.9,13.9,1020.1,3.6,30.0,0.0
2016-11-10 21:00:00,94.6183,17.8,13.3,1020.6,2.6,10.0,0.0
2016-11-10 22:00:00,93.378,17.2,12.8,1020.5,3.6,30.0,0.0
2016-11-10 23:00:00,75.0145,16.7,12.8,1020.3,4.1,20.0,0.0
2016-11-11 00:00:00,62.932199999999995,15.6,12.2,1019.9,2.1,10.0,0.0
2016-11-11 01:00:00,64.9725,13.9,11.7,1019.5,1.5,350.0,0.0
2016-11-11 02:00:00,65.1725,14.4,12.2,1019.4,2.1,350.0,0.0
2016-11-11 03:00:00,65.6527,13.9,12.2,1019.3,2.1,10.0,0.0
2016-11-11 04:00:00,66.8529,12.8,12.2,1018.9,2.1,350.0,0.0
2016-11-11 05:00:00,65.6927,12.8,11.7,1019.2,2.1,340.0,0.0
2016-11-11 06:00:00,66.8529,12.8,11.7,1019.2,1.5,350.0,4.0
2016-11-11 07:00:00,66.4529,12.8,11.7,1019.5,1.5,340.0,4.0
2016-11-11 08:00:00,79.6154,15.0,13.3,1019.8,2.1,350.0,4.0
2016-11-11 09:00:00,84.65639999999999,18.9,13.3,1019.7,1.5,10.0,4.0
2016-11-11 10:00:00,79.9754,21.7,11.1,1019.5,2.1,40.0,2.0
2016-11-11 11:00:00,77.655,23.3,11.7,1018.8,2.1,,4.0
2016-11-11 12:00:00,74.61439999999999,24.4,11.7,1018.2,3.1,320.0,
2016-11-11 13:00:00,73.8543,25.0,11.7,1017.0,3.6,260.0,6.0
2016-11-11 14:00:00,73.8942,23.9,10.0,1016.3,2.6,320.0,
2016-11-11 15:00:00,75.7347,25.6,11.1,1015.7,2.1,290.0,
2016-11-11 16:00:00,80.21549999999999,24.4,11.1,1016.1,3.1,290.0,
2016-11-11 17:00:00,81.9357,24.4,10.6,1015.9,3.1,290.0,
2016-11-11 18:00:00,82.8959,21.7,10.6,1016.3,2.6,300.0,
2016-11-11 19:00:00,92.6579,21.1,10.6,1016.6,2.1,280.0,4.0
2016-11-11 20:00:00,82.5759,18.9,11.1,1017.1,2.6,300.0,2.0
2016-11-11 21:00:00,69.4534,17.8,10.6,1017.3,2.6,280.0,2.0
2016-11-11 22:00:00,65.1326,16.7,9.4,1017.7,2.1,290.0,2.0
2016-11-11 23:00:00,65.8127,16.7,10.0,1018.0,2.1,290.0,
2016-11-12 00:00:00,66.0927,15.6,10.6,1017.7,1.5,300.0,4.0
2016-11-12 01:00:00,64.29249999999999,15.0,11.1,1017.8,2.1,310.0,6.0
2016-11-12 02:00:00,61.4919,15.0,11.7,1017.7,2.1,310.0,
2016-11-12 03:00:00,65.8127,15.0,12.2,1017.1,1.5,250.0,
2016-11-12 04:00:00,64.5725,15.0,12.2,1016.6,0.0,0.0,
2016-11-12 05:00:00,62.092,15.6,11.7,1016.4,0.0,0.0,
2016-11-12 06:00:00,62.8121,15.0,12.2,1017.1,0.0,0.0,
2016-11-12 07:00:00,65.3326,15.6,11.1,1017.8,1.5,320.0,8.0
2016-11-12 08:00:00,75.09450000000001,16.1,11.1,1018.1,0.0,0.0,
2016-11-12 09:00:00,89.2172,17.8,8.9,1018.7,2.6,330.0,
2016-11-12 10:00:00,85.69659999999999,19.4,8.3,1019.0,2.1,350.0,
2016-11-12 11:00:00,80.6155,21.1,8.3,1019.0,1.5,,
2016-11-12 12:00:00,78.015,23.3,6.7,1018.6,1.5,,
2016-11-12 13:00:00,74.6944,25.0,3.9,1017.5,2.1,130.0,4.0
2016-11-12 14:00:00,74.0943,25.6,5.6,1016.9,0.0,0.0,
2016-11-12 15:00:00,74.2543,26.1,5.6,1016.7,0.0,0.0,
2016-11-12 16:00:00,91.1776,26.1,5.0,1016.7,3.1,80.0,
2016-11-12 17:00:00,77.4949,24.4,6.7,1017.2,2.6,60.0,
2016-11-12 18:00:00,75.0545,22.8,8.3,1017.8,3.1,60.0,
2016-11-12 19:00:00,89.9374,21.1,8.9,1018.4,2.6,80.0,6.0
2016-11-12 20:00:00,83.37599999999999,19.4,11.7,1018.9,2.1,80.0,4.0
2016-11-12 21:00:00,61.4119,18.3,12.2,1019.4,0.0,0.0,2.0
2016-11-12 22:00:00,60.6117,17.8,12.8,1019.5,0.0,0.0,0.0
2016-11-12 23:00:00,61.8519,15.6,13.3,1019.5,2.6,10.0,0.0
2016-11-13 00:00:00,64.0924,15.6,12.8,1019.2,0.0,0.0,0.0
2016-11-13 01:00:00,64.7725,15.6,13.3,1018.8,1.5,350.0,0.0
2016-11-13 02:00:00,65.3726,14.4,13.9,1018.4,1.5,350.0,2.0
2016-11-13 03:00:00,93.25789999999999,13.9,13.9,1018.5,2.6,350.0,2.0
2016-11-13 04:00:00,93.298,15.0,15.0,1018.7,2.6,360.0,
2016-11-13 05:00:00,95.1384,15.0,15.0,1018.7,2.1,340.0,
2016-11-13 06:00:00,94.6583,15.0,15.0,1019.2,1.5,350.0,9.0
2016-11-13 07:00:00,92.53790000000001,15.6,15.6,1019.4,2.1,350.0,9.0
2016-11-13 08:00:00,89.2173,15.6,15.6,1020.0,1.5,330.0,9.0
2016-11-13 09:00:00,80.6155,16.7,16.1,1020.2,2.1,340.0,
2016-11-13 10:00:00,82.8159,20.0,16.7,1020.4,0.0,0.0,4.0
2016-11-13 11:00:00,80.0154,23.3,16.1,1020.2,2.1,80.0,
2016-11-13 12:00:00,76.8548,25.6,14.4,1019.0,3.1,180.0,
2016-11-13 13:00:00,75.49459999999999,26.7,13.3,1018.1,3.1,140.0,4.0
2016-11-13 14:00:00,75.7346,27.2,13.3,1017.3,2.1,150.0,4.0
2016-11-13 15:00:00,75.4145,27.8,12.8,1017.1,0.0,0.0,4.0
2016-11-13 16:00:00,75.5345,26.1,11.7,1016.8,2.6,180.0,4.0
2016-11-13 17:00:00,78.01509999999999,25.6,12.2,1016.6,2.1,160.0,4.0
2016-11-13 18:00:00,97.8588,22.2,13.3,1016.7,1.5,160.0,4.0
2016-11-13 19:00:00,85.13640000000001,20.6,15.0,1017.1,3.1,100.0,4.0
2016-11-13 20:00:00,90.5375,21.7,16.1,1017.5,3.1,120.0,
2016-11-13 21:00:00,86.8168,21.1,16.1,1017.4,3.1,130.0,
2016-11-13 22:00:00,89.57730000000001,20.0,15.6,1017.7,0.0,0.0,
2016-11-13 23:00:00,91.05760000000001,20.0,16.1,1017.7,0.0,0.0,
2016-11-14 00:00:00,88.81710000000001,19.4,16.7,1017.5,3.6,360.0,
2016-11-14 01:00:00,92.61789999999999,19.4,17.8,1017.0,3.1,20.0,6.0
2016-11-14 02:00:00,93.6581,18.9,17.8,1016.7,2.1,20.0,
2016-11-14 03:00:00,91.5777,18.9,17.8,1016.3,2.1,360.0,
2016-11-14 04:00:00,92.97800000000001,18.9,18.3,1016.3,2.6,350.0,
2016-11-14 05:00:00,89.9374,18.9,17.8,1016.0,3.6,10.0,
2016-11-14 06:00:00,93.6581,18.9,17.8,1016.4,3.1,350.0,
2016-11-14 07:00:00,93.1379,18.9,17.8,1016.9,3.1,350.0,8.0
2016-11-14 08:00:00,91.3377,18.9,17.8,1016.9,2.1,30.0,
2016-11-14 09:00:00,95.6185,19.4,17.8,1017.4,2.1,20.0,
2016-11-14 10:00:00,86.7767,21.1,17.8,1017.6,1.5,310.0,
2016-11-14 11:00:00,88.9772,21.7,17.8,1017.7,2.6,330.0,
2016-11-14 12:00:00,88.4171,21.7,17.2,1016.9,3.6,350.0,
2016-11-14 13:00:00,90.45750000000001,21.1,16.7,1016.3,2.6,320.0,8.0
2016-11-14 14:00:00,85.0164,20.6,16.7,1016.0,3.6,300.0,
2016-11-14 15:00:00,86.25659999999999,20.0,16.1,1016.3,3.6,270.0,
2016-11-14 16:00:00,90.3374,20.0,15.6,1015.6,3.6,320.0,
2016-11-14 17:00:00,95.0584,19.4,15.6,1015.7,2.1,300.0,
2016-11-14 18:00:00,92.4978,19.4,16.1,1015.9,2.6,310.0,
2016-11-14 19:00:00,96.53869999999999,18.9,16.1,1016.1,2.1,320.0,8.0
2016-11-14 20:00:00,95.0983,18.9,15.6,1016.1,2.1,310.0,
2016-11-14 21:00:00,67.8931,18.9,16.1,1016.3,2.1,320.0,
2016-11-14 22:00:00,67.0529,18.9,16.1,1016.1,0.0,0.0,
2016-11-14 23:00:00,93.53800000000001,18.3,16.1,1016.0,3.6,360.0,
2016-11-15 00:00:00,95.0583,17.8,15.6,1016.0,3.1,360.0,
2016-11-15 01:00:00,96.5386,17.2,14.4,1015.8,3.6,360.0,8.0
2016-11-15 02:00:00,97.4588,16.7,13.9,1015.7,2.6,350.0,
2016-11-15 03:00:00,97.0187,16.1,13.9,1015.2,3.1,360.0,
2016-11-15 04:00:00,93.0579,15.6,12.8,1015.4,3.1,350.0,
2016-11-15 05:00:00,87.2569,15.0,12.2,1015.4,4.1,360.0,
2016-11-15 06:00:00,66.2928,15.0,12.8,1015.7,3.6,350.0,
2016-11-15 07:00:00,66.6129,15.0,12.2,1016.3,3.1,350.0,6.0
2016-11-15 08:00:00,83.77619999999999,16.1,12.8,1016.3,3.6,350.0,
2016-11-15 09:00:00,89.6173,17.8,12.2,1016.5,3.6,360.0,
2016-11-15 10:00:00,89.5373,18.9,12.8,1016.6,2.6,330.0,
2016-11-15 11:00:00,84.3363,20.0,12.8,1016.0,2.1,30.0,
2016-11-15 12:00:00,85.7766,20.6,12.2,1014.9,3.6,360.0,
2016-11-15 13:00:00,82.6959,20.6,12.8,1013.8,2.1,340.0,6.0
2016-11-15 14:00:00,83.016,22.8,13.3,1013.3,3.6,40.0,
2016-11-15 15:00:00,81.9358,22.2,12.8,1012.9,2.6,360.0,
2016-11-15 16:00:00,85.9766,22.2,12.8,1013.0,1.5,,
2016-11-15 17:00:00,88.4571,21.1,12.2,1013.0,2.6,310.0,4.0
2016-11-15 18:00:00,96.37859999999999,19.4,12.2,1013.4,2.1,330.0,2.0
2016-11-15 19:00:00,87.1768,17.8,12.2,1013.8,1.5,340.0,2.0
2016-11-15 20:00:00,74.7744,17.8,12.2,1013.9,0.0,0.0,0.0
2016-11-15 21:00:00,65.7727,15.6,12.2,1014.0,2.6,50.0,2.0
2016-11-15 22:00:00,65.0525,15.6,12.2,1014.2,0.0,0.0,0.0
2016-11-15 23:00:00,64.5725,15.0,12.2,1014.3,2.1,360.0,2.0
2016-11-16 00:00:00,64.2924,15.0,12.2,1014.4,2.1,320.0,0.0
2016-11-16 01:00:00,66.4528,14.4,12.2,1013.9,3.1,320.0,2.0
2016-11-16 02:00:00,67.8532,13.9,11.7,1013.7,1.5,330.0,0.0
2016-11-16 03:00:00,68.6533,13.3,11.7,1013.3,2.1,300.0,0.0
2016-11-16 04:00:00,68.7332,13.3,11.1,1013.2,1.5,310.0,0.0
2016-11-16 05:00:00,67.57300000000001,12.8,10.6,1013.4,2.6,320.0,0.0
2016-11-16 06:00:00,67.613,12.8,10.0,1013.9,3.6,340.0,0.0
2016-11-16 07:00:00,67.053,12.8,10.0,1014.6,1.5,320.0,0.0
2016-11-16 08:00:00,77.01480000000001,15.0,11.1,1015.2,2.1,320.0,0.0
2016-11-16 09:00:00,84.25630000000001,18.3,11.7,1015.3,3.6,350.0,0.0
2016-11-16 10:00:00,86.2967,20.6,10.6,1015.7,3.1,330.0,0.0
2016-11-16 11:00:00,81.29570000000001,22.8,8.9,1015.5,3.6,330.0,0.0
2016-11-16 12:00:00,77.2549,23.9,7.2,1015.0,5.1,330.0,0.0
2016-11-16 13:00:00,76.6948,24.4,7.2,1014.2,5.7,320.0,2.0
2016-11-16 14:00:00,77.89500000000001,25.0,8.3,1013.6,3.6,330.0,2.0
2016-11-16 15:00:00,77.855,25.0,7.8,1013.4,3.1,320.0,2.0
2016-11-16 16:00:00,82.6559,24.4,7.8,1013.3,4.1,360.0,2.0
2016-11-16 17:00:00,75.5746,23.3,8.3,1013.6,3.1,350.0,2.0
2016-11-16 18:00:00,95.33840000000001,20.6,8.3,1014.1,3.6,70.0,0.0
2016-11-16 19:00:00,81.4558,18.9,9.4,1014.9,2.6,70.0,0.0
2016-11-16 20:00:00,67.0929,18.3,10.0,1015.4,3.1,50.0,0.0
2016-11-16 21:00:00,64.0523,17.2,10.6,1015.9,3.1,40.0,0.0
2016-11-16 22:00:00,64.6125,16.1,11.1,1016.7,0.0,0.0,0.0
2016-11-16 23:00:00,64.1324,15.0,11.1,1017.2,2.6,350.0,0.0
2016-11-17 00:00:00,66.0928,15.6,11.1,1016.8,2.1,350.0,0.0
2016-11-17 01:00:00,68.7732,13.3,11.1,1016.7,0.0,0.0,0.0
2016-11-17 02:00:00,71.0137,11.7,10.0,1017.0,0.0,0.0,0.0
2016-11-17 03:00:00,72.3339,11.7,10.0,1017.3,0.0,0.0,0.0
2016-11-17 04:00:00,72.374,11.1,9.4,1017.7,1.5,260.0,0.0
2016-11-17 05:00:00,73.29419999999999,12.2,10.6,1017.7,1.5,320.0,0.0
2016-11-17 06:00:00,74.21430000000001,11.7,10.0,1018.3,2.1,340.0,0.0
2016-11-17 07:00:00,74.1343,10.6,9.4,1019.0,0.0,0.0,0.0
2016-11-17 08:00:00,78.2552,13.9,11.7,1019.6,0.0,0.0,0.0
2016-11-17 09:00:00,86.5367,18.9,13.3,1019.7,3.1,360.0,0.0
2016-11-17 10:00:00,86.0966,22.2,11.1,1020.1,3.6,10.0,0.0
2016-11-17 11:00:00,83.7762,24.4,8.3,1020.0,4.1,20.0,0.0
2016-11-17 12:00:00,88.17699999999999,24.4,8.9,1019.6,4.1,60.0,0.0
2016-11-17 13:00:00,75.4546,25.0,9.4,1018.6,4.6,20.0,0.0
2016-11-17 14:00:00,83.7361,25.6,9.4,1018.1,2.6,,2.0
2016-11-17 15:00:00,78.3751,25.6,10.0,1017.9,3.6,60.0,2.0
2016-11-17 16:00:00,80.8156,25.0,10.6,1017.9,4.6,20.0,0.0
2016-11-17 17:00:00,83.5362,23.3,11.1,1018.3,4.6,60.0,0.0
2016-11-17 18:00:00,91.2576,20.6,11.7,1019.0,3.1,80.0,0.0
2016-11-17 19:00:00,92.2178,20.0,12.2,1019.5,4.1,60.0,0.0
2016-11-17 20:00:00,78.9752,18.9,12.8,1019.8,3.6,60.0,0.0
2016-11-17 21:00:00,64.9325,18.3,12.8,1020.5,4.1,40.0,0.0
2016-11-17 22:00:00,63.2122,16.1,12.8,1020.8,0.0,0.0,0.0
2016-11-17 23:00:00,63.972300000000004,17.2,12.8,1021.1,2.1,10.0,2.0
2016-11-18 00:00:00,63.8524,16.7,13.3,1021.0,1.5,340.0,2.0
2016-11-18 01:00:00,64.3724,16.1,13.3,1020.8,1.5,340.0,2.0
2016-11-18 02:00:00,60.3717,15.0,13.3,1020.9,1.5,340.0,2.0
2016-11-18 03:00:00,64.2924,15.6,13.3,1020.8,2.1,340.0,2.0
2016-11-18 04:00:00,63.412200000000006,15.0,13.3,1020.6,2.6,350.0,4.0
2016-11-18 05:00:00,65.4927,14.4,13.3,1020.6,2.1,350.0,0.0
2016-11-18 06:00:00,65.93270000000001,15.0,13.3,1020.9,1.5,350.0,0.0
2016-11-18 07:00:00,66.0528,15.0,13.3,1021.6,0.0,0.0,0.0
2016-11-18 08:00:00,78.1351,16.7,13.9,1022.0,0.0,0.0,2.0
2016-11-18 09:00:00,85.6965,20.6,13.3,1022.3,3.6,360.0,2.0
2016-11-18 10:00:00,85.6965,23.3,13.9,1022.5,4.1,30.0,2.0
2016-11-18 11:00:00,78.81530000000001,25.0,13.9,1022.3,2.6,20.0,2.0
2016-11-18 12:00:00,73.4942,25.0,13.3,1021.8,3.1,,4.0
2016-11-18 13:00:00,75.85470000000001,25.0,13.3,1021.1,3.1,50.0,4.0
2016-11-18 14:00:00,75.4145,26.1,13.3,1020.5,2.6,,4.0
2016-11-18 15:00:00,77.0949,26.1,13.3,1020.5,1.5,20.0,4.0
2016-11-18 16:00:00,78.135,25.6,12.8,1020.8,3.1,70.0,4.0
2016-11-18 17:00:00,82.0959,24.4,13.3,1021.0,3.1,60.0,4.0
2016-11-18 18:00:00,90.0574,21.7,14.4,1021.3,3.6,70.0,2.0
2016-11-18 19:00:00,87.3369,21.1,15.0,1021.5,3.6,60.0,0.0
2016-11-18 20:00:00,93.498,18.9,14.4,1021.8,2.6,80.0,0.0
2016-11-18 21:00:00,85.4165,18.9,14.4,1021.7,2.6,80.0,0.0
2016-11-18 22:00:00,83.2561,18.3,13.9,1021.9,0.0,0.0,0.0
2016-11-18 23:00:00,78.0551,17.8,13.9,1022.1,0.0,0.0,0.0
2016-11-19 00:00:00,61.8119,16.1,13.3,1021.6,1.5,350.0,0.0
2016-11-19 01:00:00,62.692099999999996,16.7,13.3,1021.6,0.0,0.0,2.0
2016-11-19 02:00:00,62.331999999999994,14.4,12.8,1021.0,0.0,0.0,2.0
2016-11-19 03:00:00,62.091899999999995,13.9,12.8,1020.9,0.0,0.0,0.0
2016-11-19 04:00:00,63.8523,15.6,13.9,1021.1,0.0,0.0,
2016-11-19 05:00:00,66.85300000000001,15.6,13.9,1021.5,1.5,330.0,2.0
2016-11-19 06:00:00,78.49510000000001,15.6,13.9,1021.5,2.1,320.0,0.0
2016-11-19 07:00:00,69.2534,14.4,13.3,1021.7,0.0,0.0,2.0
2016-11-19 08:00:00,84.5363,16.7,14.4,1021.8,2.1,10.0,0.0
2016-11-19 09:00:00,88.6971,19.4,15.0,1021.8,1.5,350.0,0.0
2016-11-19 10:00:00,80.41550000000001,22.2,14.4,1022.1,2.6,340.0,2.0
2016-11-19 11:00:00,75.4146,24.4,15.0,1021.8,3.6,320.0,2.0
2016-11-19 12:00:00,73.2142,25.0,13.9,1021.0,5.1,300.0,2.0
2016-11-19 13:00:00,73.8142,26.1,13.9,1019.6,5.1,280.0,2.0
2016-11-19 14:00:00,73.7342,25.6,13.3,1018.9,5.1,310.0,4.0
2016-11-19 15:00:00,74.0543,25.0,12.2,1018.2,3.6,280.0,4.0
2016-11-19 16:00:00,74.6144,25.6,11.1,1017.6,3.6,270.0,2.0
2016-11-19 17:00:00,80.57560000000001,24.4,11.1,1017.7,3.1,290.0,2.0
2016-11-19 18:00:00,84.3763,22.8,11.7,1018.0,1.5,280.0,2.0
2016-11-19 19:00:00,84.25630000000001,21.7,13.3,1018.3,3.6,280.0,2.0
2016-11-19 20:00:00,89.4573,20.6,14.4,1018.7,3.6,280.0,
2016-11-19 21:00:00,87.65690000000001,20.6,15.6,1018.8,4.6,290.0,
2016-11-19 22:00:00,89.1772,20.0,16.1,1019.1,3.6,310.0,
2016-11-19 23:00:00,88.7772,20.0,16.7,1019.2,4.1,310.0,
2016-11-20 00:00:00,86.0166,20.0,12.8,1019.6,8.2,340.0,
2016-11-20 01:00:00,89.6173,17.8,8.9,1019.7,6.2,350.0,2.0
2016-11-20 02:00:00,73.1741,16.1,2.8,1020.2,8.2,340.0,0.0
2016-11-20 03:00:00,65.61269999999999,14.4,0.6,1020.3,5.7,350.0,0.0
2016-11-20 04:00:00,64.8525,12.8,0.6,1020.5,5.7,340.0,0.0
2016-11-20 05:00:00,69.3333,11.7,-0.6,1020.9,6.7,340.0,0.0
2016-11-20 06:00:00,72.69409999999999,10.6,-2.2,1021.4,7.2,350.0,0.0
2016-11-20 07:00:00,73.3741,10.0,-1.7,1022.0,6.7,350.0,0.0
2016-11-20 08:00:00,65.1326,11.1,-1.1,1022.5,7.2,340.0,0.0
2016-11-20 09:00:00,64.9325,12.2,0.0,1022.5,7.2,340.0,0.0
2016-11-20 10:00:00,79.2553,14.4,2.2,1022.5,5.7,350.0,0.0
2016-11-20 11:00:00,84.1362,16.7,3.3,1022.4,4.6,360.0,0.0
2016-11-20 12:00:00,80.7356,17.2,2.8,1021.6,4.1,350.0,0.0
2016-11-20 13:00:00,97.93889999999999,18.3,1.1,1020.4,4.1,330.0,0.0
2016-11-20 14:00:00,79.05520000000001,18.9,0.6,1019.6,2.6,10.0,0.0
2016-11-20 15:00:00,80.8556,18.9,-0.6,1019.3,3.1,,0.0
2016-11-20 16:00:00,83.096,19.4,-1.1,1019.1,3.1,360.0,0.0
2016-11-20 17:00:00,74.6544,17.8,-1.7,1019.3,3.1,300.0,0.0
2016-11-20 18:00:00,65.61269999999999,15.0,-1.1,1019.6,2.6,280.0,0.0
2016-11-20 19:00:00,74.4144,13.9,-0.6,1019.9,3.1,300.0,0.0
2016-11-20 20:00:00,80.1754,13.3,-0.6,1020.2,2.6,320.0,0.0
2016-11-20 21:00:00,83.5761,12.8,0.6,1020.8,3.6,310.0,0.0
2016-11-20 22:00:00,85.2164,11.7,1.7,1020.8,2.1,310.0,0.0
2016-11-20 23:00:00,88.4571,11.7,2.2,1020.8,2.6,320.0,0.0
2016-11-21 00:00:00,89.1372,11.1,0.6,1020.5,2.1,330.0,0.0
2016-11-21 01:00:00,87.817,9.4,0.6,1020.3,3.1,320.0,0.0
2016-11-21 02:00:00,87.29679999999999,8.9,0.6,1020.1,2.1,340.0,0.0
2016-11-21 03:00:00,84.0162,8.3,0.0,1019.9,0.0,0.0,0.0
2016-11-21 04:00:00,85.73660000000001,7.8,0.0,1019.5,1.5,350.0,0.0
2016-11-21 05:00:00,88.9371,5.0,1.1,1019.8,0.0,0.0,0.0
2016-11-21 06:00:00,89.4972,6.7,0.6,1020.1,2.6,320.0,0.0
2016-11-21 07:00:00,85.6566,8.3,-1.1,1020.6,3.6,340.0,0.0
2016-11-21 08:00:00,76.3347,10.6,-1.1,1021.2,2.1,310.0,0.0
2016-11-21 09:00:00,74.8545,13.3,-1.1,1021.3,4.1,350.0,0.0
2016-11-21 10:00:00,98.219,15.6,-1.7,1021.6,3.6,350.0,0.0
2016-11-21 11:00:00,85.6165,17.2,-3.9,1021.6,3.6,320.0,0.0
2016-11-21 12:00:00,84.1763,18.3,-5.0,1020.9,4.1,310.0,0.0
2016-11-21 13:00:00,78.8152,19.4,-9.4,1019.8,5.1,310.0,0.0
2016-11-21 14:00:00,72.374,20.0,-8.3,1019.2,5.7,290.0,0.0
2016-11-21 15:00:00,84.0162,20.0,-6.7,1018.8,4.1,300.0,0.0
2016-11-21 16:00:00,92.9779,20.6,-6.1,1018.7,4.6,330.0,0.0
2016-11-21 17:00:00,85.9766,18.9,-6.1,1018.8,4.1,320.0,0.0
2016-11-21 18:00:00,66.6128,16.7,-4.4,1019.0,2.1,310.0,0.0
2016-11-21 19:00:00,75.3746,13.3,-2.2,1019.5,0.0,0.0,0.0
2016-11-21 20:00:00,80.2155,12.8,0.6,1020.0,1.5,350.0,0.0
2016-11-21 21:00:00,83.176,12.2,2.2,1020.7,2.1,350.0,0.0
2016-11-21 22:00:00,87.89689999999999,12.2,1.1,1021.1,2.1,360.0,0.0
2016-11-21 23:00:00,88.4971,8.9,2.2,1020.9,0.0,0.0,0.0
2016-11-22 00:00:00,89.1773,9.4,2.2,1021.0,1.5,270.0,0.0
2016-11-22 01:00:00,89.3372,8.9,3.3,1020.7,0.0,0.0,0.0
2016-11-22 02:00:00,91.0976,7.8,3.3,1020.3,1.5,360.0,0.0
2016-11-22 03:00:00,92.2578,5.6,2.8,1020.1,0.0,0.0,0.0
2016-11-22 04:00:00,91.6977,6.1,3.3,1020.1,0.0,0.0,0.0
2016-11-22 05:00:00,92.5778,7.2,2.8,1020.4,0.0,0.0,0.0
2016-11-22 06:00:00,92.81790000000001,7.8,2.2,1020.9,0.0,0.0,0.0
2016-11-22 07:00:00,88.5771,7.8,2.8,1021.5,3.1,350.0,0.0
2016-11-22 08:00:00,58.6513,11.1,5.0,1022.0,1.5,360.0,0.0
2016-11-22 09:00:00,80.0955,15.6,4.4,1022.5,4.1,350.0,0.0
2016-11-22 10:00:00,81.4157,18.9,6.7,1022.6,4.1,10.0,0.0
2016-11-22 11:00:00,83.336,21.1,8.3,1022.4,3.1,10.0,0.0
2016-11-22 12:00:00,81.5357,22.2,7.8,1021.9,1.5,360.0,0.0
2016-11-22 13:00:00,78.8952,23.9,7.8,1020.7,2.6,350.0,0.0
2016-11-22 14:00:00,77.415,24.4,6.7,1020.3,4.1,360.0,
2016-11-22 15:00:00,79.0552,24.4,7.8,1020.0,4.1,50.0,
2016-11-22 16:00:00,85.6565,23.9,10.0,1020.3,5.1,60.0,
2016-11-22 17:00:00,81.1757,22.2,10.6,1021.0,5.7,60.0,
2016-11-22 18:00:00,88.33709999999999,19.4,11.7,1021.7,3.1,70.0,
2016-11-22 19:00:00,83.4961,18.3,11.7,1022.2,2.1,90.0,
2016-11-22 20:00:00,63.9723,17.8,12.2,1022.6,1.5,70.0,
2016-11-22 21:00:00,66.6528,17.2,12.2,1022.8,1.5,80.0,0.0
2016-11-22 22:00:00,66.1728,16.1,12.2,1022.9,2.6,360.0,2.0
2016-11-22 23:00:00,68.9333,15.0,12.2,1022.8,3.1,350.0,0.0
2016-11-23 00:00:00,67.81309999999999,15.0,12.2,1022.4,2.1,360.0,2.0
2016-11-23 01:00:00,66.41290000000001,14.4,12.2,1022.2,2.6,350.0,4.0
2016-11-23 02:00:00,65.6927,13.9,12.2,1022.1,1.5,340.0,2.0
2016-11-23 03:00:00,65.3326,12.8,11.1,1021.8,2.6,360.0,2.0
2016-11-23 04:00:00,66.81280000000001,12.8,11.7,1021.7,2.6,350.0,2.0
2016-11-23 05:00:00,66.0127,13.9,12.8,1021.7,1.5,350.0,
2016-11-23 06:00:00,65.6927,15.0,13.3,1021.9,1.5,360.0,
2016-11-23 07:00:00,65.3326,14.4,12.8,1022.3,0.0,0.0,6.0
2016-11-23 08:00:00,80.7756,16.7,13.9,1022.4,2.1,350.0,
2016-11-23 09:00:00,92.0978,20.0,14.4,1022.3,0.0,0.0,2.0
2016-11-23 10:00:00,89.3373,22.8,15.6,1022.6,2.1,120.0,2.0
2016-11-23 11:00:00,82.736,25.0,14.4,1022.4,4.1,100.0,2.0
2016-11-23 12:00:00,83.45610000000002,25.6,13.3,1022.2,3.1,80.0,
2016-11-23 13:00:00,84.2963,26.1,15.0,1021.7,2.6,90.0,6.0
2016-11-23 14:00:00,83.3361,26.7,15.6,1021.3,4.6,120.0,
2016-11-23 15:00:00,85.5765,25.0,15.0,1021.4,4.6,120.0,
2016-11-23 16:00:00,82.6959,25.0,14.4,1021.6,4.1,100.0,
2016-11-23 17:00:00,88.257,23.9,15.6,1021.7,3.6,90.0,
2016-11-23 18:00:00,88.69709999999999,22.8,16.7,1022.0,4.1,80.0,
2016-11-23 19:00:00,88.9772,21.7,16.7,1022.4,3.6,90.0,6.0
2016-11-23 20:00:00,89.4973,20.6,16.1,1022.8,2.6,90.0,
2016-11-23 21:00:00,95.0183,19.4,16.1,1023.1,2.6,80.0,
2016-11-23 22:00:00,94.9783,19.4,16.1,1023.1,1.5,70.0,
2016-11-23 23:00:00,95.0984,18.9,16.1,1022.9,2.6,90.0,
2016-11-24 00:00:00,95.2584,17.8,16.1,1022.3,2.1,130.0,
2016-11-24 01:00:00,95.3784,17.8,16.1,1022.3,0.0,0.0,6.0
2016-11-24 02:00:00,93.9782,16.7,15.6,1021.9,0.0,0.0,4.0
2016-11-24 03:00:00,70.7736,16.1,14.4,1022.2,1.5,310.0,
2016-11-24 04:00:00,65.5326,16.1,15.0,1022.2,2.1,330.0,
2016-11-24 05:00:00,65.6127,16.1,15.6,1022.2,0.0,0.0,
2016-11-24 06:00:00,69.4934,15.6,15.0,1022.9,0.0,0.0,
2016-11-24 07:00:00,89.13719999999999,15.6,14.4,1023.5,3.1,350.0,4.0
2016-11-24 08:00:00,85.1764,18.3,16.7,1023.8,1.5,340.0,4.0
2016-11-24 09:00:00,85.8566,18.9,16.7,1024.5,2.6,360.0,4.0
2016-11-24 10:00:00,88.217,23.3,17.2,1024.9,2.1,360.0,4.0
2016-11-24 11:00:00,86.01660000000001,25.6,17.2,1024.6,1.5,,4.0
2016-11-24 12:00:00,87.4169,25.0,16.7,1023.8,3.1,110.0,4.0
2016-11-24 13:00:00,87.857,27.2,16.7,1022.4,2.6,60.0,4.0
2016-11-24 14:00:00,88.6971,26.1,16.7,1021.8,2.6,120.0,
2016-11-24 15:00:00,89.8974,26.7,16.7,1021.5,4.6,90.0,
2016-11-24 16:00:00,92.0177,26.1,16.7,1021.6,4.6,110.0,
2016-11-24 17:00:00,93.5781,23.9,16.7,1021.7,3.1,110.0,4.0
2016-11-24 18:00:00,89.8573,23.3,16.7,1022.0,3.6,100.0,
2016-11-24 19:00:00,94.21820000000001,21.7,16.7,1022.5,2.6,100.0,4.0
2016-11-24 20:00:00,92.4979,21.1,16.7,1023.0,3.1,80.0,
2016-11-24 21:00:00,97.09870000000001,20.6,16.1,1023.4,0.0,0.0,
2016-11-24 22:00:00,96.57860000000001,19.4,16.1,1023.7,2.1,70.0,2.0
2016-11-24 23:00:00,93.698,18.9,16.1,1023.8,2.1,60.0,4.0
2016-11-25 00:00:00,96.2186,18.9,16.7,1023.5,1.5,100.0,
2016-11-25 01:00:00,95.3384,19.4,16.7,1023.4,0.0,0.0,6.0
2016-11-25 02:00:00,97.9789,20.0,16.7,1023.3,0.0,0.0,
2016-11-25 03:00:00,88.6171,18.3,16.1,1023.1,2.1,350.0,
2016-11-25 04:00:00,98.379,18.9,16.7,1022.9,0.0,0.0,
2016-11-25 05:00:00,99.8992,17.8,16.1,1022.8,0.0,0.0,
2016-11-25 06:00:00,100.4594,17.2,15.6,1023.2,0.0,0.0,4.0
2016-11-25 07:00:00,99.6593,17.2,15.6,1023.8,0.0,0.0,6.0
2016-11-25 08:00:00,94.6583,18.9,16.7,1024.4,2.1,360.0,
2016-11-25 09:00:00,89.81739999999999,21.1,16.7,1024.8,2.6,360.0,
2016-11-25 10:00:00,84.6163,24.4,16.7,1024.8,1.5,40.0,2.0
2016-11-25 11:00:00,82.4159,26.1,15.0,1024.2,3.1,100.0,4.0
2016-11-25 12:00:00,81.0157,27.2,14.4,1023.4,2.6,40.0,4.0
2016-11-25 13:00:00,79.21520000000001,27.2,13.3,1022.2,2.1,110.0,4.0
2016-11-25 14:00:00,76.97489999999999,28.3,12.8,1021.3,2.1,,4.0
2016-11-25 15:00:00,79.09530000000001,28.3,13.3,1020.8,5.1,60.0,4.0
2016-11-25 16:00:00,79.9755,26.1,13.9,1020.9,3.6,90.0,2.0
2016-11-25 17:00:00,81.5357,24.4,14.4,1021.2,3.6,100.0,2.0
2016-11-25 18:00:00,88.6171,22.8,14.4,1021.4,3.1,100.0,2.0
2016-11-25 19:00:00,89.8973,21.7,15.6,1021.7,2.6,90.0,2.0
2016-11-25 20:00:00,89.1773,20.0,15.0,1022.2,3.1,80.0,0.0
2016-11-25 21:00:00,92.2178,20.0,16.1,1022.2,2.1,90.0,0.0
2016-11-25 22:00:00,95.6185,18.9,15.6,1022.3,2.1,60.0,2.0
2016-11-25 23:00:00,93.578,18.9,16.1,1022.1,1.5,80.0,2.0
2016-11-26 00:00:00,95.2184,18.3,16.1,1021.9,0.0,0.0,2.0
2016-11-26 01:00:00,94.5783,17.8,15.6,1021.7,2.1,290.0,6.0
2016-11-26 02:00:00,95.8185,18.3,16.1,1021.2,0.0,0.0,4.0
2016-11-26 03:00:00,96.8587,16.7,15.6,1020.9,0.0,0.0,2.0
2016-11-26 04:00:00,96.7387,17.2,15.6,1020.9,0.0,0.0,4.0
2016-11-26 05:00:00,96.49860000000001,16.7,15.6,1020.5,1.5,330.0,
2016-11-26 06:00:00,96.0986,18.3,16.1,1020.7,1.5,310.0,
2016-11-26 07:00:00,93.618,18.3,16.1,1021.3,2.6,330.0,6.0
2016-11-26 08:00:00,85.8966,18.9,15.0,1021.4,4.1,340.0,
2016-11-26 09:00:00,86.2167,20.0,15.0,1022.0,3.6,340.0,
2016-11-26 10:00:00,84.3763,22.2,14.4,1021.9,3.1,330.0,
2016-11-26 11:00:00,80.49549999999999,23.9,15.0,1021.2,4.1,330.0,
2016-11-26 12:00:00,81.45570000000001,23.9,15.0,1020.6,4.6,350.0,
2016-11-26 13:00:00,78.49510000000001,24.4,14.4,1019.6,3.6,340.0,8.0
2016-11-26 14:00:00,77.3749,25.0,13.3,1018.9,4.6,340.0,
2016-11-26 15:00:00,79.8554,24.4,12.8,1018.6,3.6,320.0,
2016-11-26 16:00:00,84.3362,24.4,12.8,1018.7,4.1,350.0,
2016-11-26 17:00:00,82.5759,23.3,12.8,1018.9,5.1,10.0,
2016-11-26 18:00:00,81.0557,20.6,11.7,1019.3,4.1,360.0,
2016-11-26 19:00:00,84.4963,19.4,5.0,1020.1,5.1,20.0,6.0
2016-11-26 20:00:00,87.61689999999999,17.8,8.3,1020.3,5.1,30.0,
2016-11-26 21:00:00,86.41659999999999,16.7,9.4,1020.6,4.1,20.0,
2016-11-26 22:00:00,86.7368,15.6,11.1,1020.7,4.6,10.0,
2016-11-26 23:00:00,87.05680000000001,15.0,11.7,1020.7,3.6,350.0,
2016-11-27 00:00:00,86.13669999999999,15.6,11.7,1020.3,4.1,350.0,
2016-11-27 01:00:00,84.8164,16.1,11.7,1019.7,4.1,350.0,8.0
2016-11-27 02:00:00,71.4538,15.6,11.7,1019.4,4.1,340.0,
2016-11-27 03:00:00,66.0128,15.0,11.7,1019.2,3.6,330.0,
2016-11-27 04:00:00,65.4126,14.4,11.1,1018.8,2.6,340.0,
2016-11-27 05:00:00,66.6529,14.4,11.1,1019.0,3.6,340.0,2.0
2016-11-27 06:00:00,64.8525,14.4,11.1,1019.5,3.6,350.0,4.0
2016-11-27 07:00:00,65.3727,13.9,11.1,1020.2,4.1,350.0,2.0
2016-11-27 08:00:00,82.936,15.6,12.2,1020.0,3.6,360.0,2.0
2016-11-27 09:00:00,85.4565,18.9,12.8,1020.7,3.6,350.0,2.0
2016-11-27 10:00:00,83.9362,22.2,12.8,1020.8,5.1,30.0,2.0
2016-11-27 11:00:00,78.5352,23.9,13.3,1020.6,5.7,40.0,2.0
2016-11-27 12:00:00,82.616,25.0,12.8,1019.5,7.2,60.0,4.0
2016-11-27 13:00:00,79.6954,25.0,12.2,1018.7,6.2,50.0,4.0
2016-11-27 14:00:00,81.4157,24.4,12.2,1018.4,6.7,60.0,4.0
2016-11-27 15:00:00,80.4555,24.4,12.2,1018.2,7.2,70.0,4.0
2016-11-27 16:00:00,81.7358,22.8,12.2,1018.4,5.7,60.0,4.0
2016-11-27 17:00:00,87.9369,22.2,12.8,1018.4,6.2,60.0,2.0
2016-11-27 18:00:00,87.6169,20.6,12.2,1018.9,4.6,60.0,4.0
2016-11-27 19:00:00,93.298,20.0,11.7,1019.0,5.1,40.0,2.0
2016-11-27 20:00:00,75.77459999999999,19.4,11.7,1018.8,5.1,50.0,2.0
2016-11-27 21:00:00,68.4932,18.3,12.8,1019.3,3.6,30.0,2.0
2016-11-27 22:00:00,64.0523,18.3,12.8,1019.7,2.6,80.0,
2016-11-27 23:00:00,64.6125,16.7,12.2,1019.6,2.1,80.0,2.0
2016-11-28 00:00:00,65.3326,16.1,12.2,1019.1,2.1,70.0,2.0
2016-11-28 01:00:00,63.9724,15.6,11.7,1018.8,2.1,70.0,2.0
2016-11-28 02:00:00,66.1327,15.6,11.7,1018.5,2.6,70.0,
2016-11-28 03:00:00,64.6525,15.0,11.1,1018.1,2.1,70.0,
2016-11-28 04:00:00,65.2126,15.6,11.1,1017.7,2.6,60.0,2.0
2016-11-28 05:00:00,66.933,15.0,11.1,1017.3,2.6,70.0,2.0
2016-11-28 06:00:00,63.692299999999996,15.6,11.7,1017.5,2.6,60.0,2.0
2016-11-28 07:00:00,65.8527,15.6,12.2,1017.7,2.6,70.0,2.0
2016-11-28 08:00:00,80.7356,17.8,13.3,1018.1,2.6,60.0,2.0
2016-11-28 09:00:00,89.0171,20.6,14.4,1018.2,3.6,100.0,2.0
2016-11-28 10:00:00,83.6562,23.3,15.0,1018.6,5.7,100.0,2.0
2016-11-28 11:00:00,91.4576,25.0,15.0,1018.2,7.2,90.0,
2016-11-28 12:00:00,81.6558,26.1,15.6,1017.0,7.2,100.0,
2016-11-28 13:00:00,82.77590000000001,25.6,15.0,1016.2,6.2,110.0,6.0
2016-11-28 14:00:00,83.9362,26.1,14.4,1014.7,6.7,130.0,
2016-11-28 15:00:00,84.8164,25.6,15.0,1014.5,7.7,100.0,
2016-11-28 16:00:00,87.2168,25.0,15.6,1014.3,6.7,130.0,
2016-11-28 17:00:00,87.6969,23.9,16.1,1014.7,5.1,120.0,
2016-11-28 18:00:00,89.2972,22.2,16.1,1015.0,3.6,120.0,
2016-11-28 19:00:00,89.6973,21.1,15.6,1015.2,3.6,120.0,2.0
2016-11-28 20:00:00,93.698,20.0,15.6,1015.8,2.6,140.0,0.0
2016-11-28 21:00:00,85.6165,20.0,16.1,1015.9,3.1,120.0,0.0
2016-11-28 22:00:00,94.0981,20.0,16.1,1015.7,4.1,140.0,
2016-11-28 23:00:00,94.5382,20.6,16.1,1015.7,4.6,140.0,4.0
2016-11-29 00:00:00,94.6583,21.1,16.7,1015.9,4.1,140.0,
2016-11-29 01:00:00,92.0178,20.0,17.2,1015.4,4.1,130.0,2.0
2016-11-29 02:00:00,94.73819999999999,20.0,17.2,1014.7,4.6,140.0,4.0
2016-11-29 03:00:00,96.2586,20.0,17.2,1014.3,3.6,140.0,2.0
2016-11-29 04:00:00,94.7783,20.0,17.2,1014.1,4.1,140.0,0.0
2016-11-29 05:00:00,94.9383,19.4,17.2,1014.2,3.1,140.0,0.0
2016-11-29 06:00:00,92.2979,18.9,17.2,1014.8,3.1,130.0,0.0
2016-11-29 07:00:00,97.09880000000001,18.3,17.2,1015.5,1.5,130.0,4.0
2016-11-29 08:00:00,92.7379,20.0,17.8,1016.0,3.1,140.0,4.0
2016-11-29 09:00:00,91.4176,22.2,18.3,1017.0,4.1,160.0,
2016-11-29 10:00:00,99.69919999999999,23.9,17.8,1017.6,5.1,160.0,
2016-11-29 11:00:00,91.5377,26.7,18.3,1017.3,7.2,150.0,
2016-11-29 12:00:00,90.0974,27.8,17.2,1016.5,6.7,170.0,
2016-11-29 13:00:00,90.69749999999999,28.3,17.2,1015.5,5.7,150.0,6.0
2016-11-29 14:00:00,90.25739999999999,28.9,17.2,1014.8,5.7,170.0,
2016-11-29 15:00:00,93.138,28.9,17.8,1014.4,5.1,160.0,
2016-11-29 16:00:00,92.6579,28.3,16.7,1014.4,5.7,180.0,
2016-11-29 17:00:00,91.0175,26.1,17.2,1014.8,2.6,160.0,
2016-11-29 18:00:00,93.09790000000001,23.9,17.2,1015.1,3.6,100.0,
2016-11-29 19:00:00,92.89789999999999,23.3,19.4,1015.8,3.6,120.0,6.0
2016-11-29 20:00:00,91.7777,22.8,20.0,1016.3,3.6,120.0,
2016-11-29 21:00:00,95.2183,22.2,20.0,1016.6,3.6,130.0,
2016-11-29 22:00:00,96.49860000000001,22.2,20.0,1016.8,3.6,140.0,4.0
2016-11-29 23:00:00,96.6586,21.7,20.0,1016.7,3.1,140.0,4.0
2016-11-30 00:00:00,98.0589,21.1,20.0,1016.3,3.6,150.0,4.0
2016-11-30 01:00:00,97.2188,21.1,20.0,1015.8,3.1,140.0,4.0
2016-11-30 02:00:00,98.899,20.6,20.0,1015.4,3.1,150.0,4.0
2016-11-30 03:00:00,100.57939999999999,20.6,19.4,1015.4,2.6,160.0,2.0
2016-11-30 04:00:00,101.4996,20.0,18.9,1015.0,2.1,160.0,2.0
2016-11-30 05:00:00,100.6594,19.4,18.9,1014.6,2.6,150.0,2.0
2016-11-30 06:00:00,101.2596,19.4,18.9,1014.9,3.1,160.0,2.0
2016-11-30 07:00:00,104.02010000000001,18.9,18.9,1015.3,2.6,160.0,2.0
2016-11-30 08:00:00,101.61959999999999,20.6,20.0,1015.7,3.6,150.0,2.0
2016-11-30 09:00:00,89.9374,21.7,20.6,1015.8,5.7,170.0,2.0
2016-11-30 10:00:00,92.3378,25.0,20.0,1015.8,7.7,160.0,4.0
2016-11-30 11:00:00,91.4176,26.7,19.4,1015.5,8.8,170.0,4.0
2016-11-30 12:00:00,90.69749999999999,27.2,19.4,1014.9,6.2,180.0,4.0
2016-11-30 13:00:00,89.53720000000001,28.9,18.3,1013.9,7.2,200.0,4.0
2016-11-30 14:00:00,89.7773,29.4,18.3,1013.1,7.2,170.0,
2016-11-30 15:00:00,93.098,28.9,18.3,1012.9,5.7,170.0,
2016-11-30 16:00:00,93.8181,26.7,18.9,1013.4,7.2,200.0,
2016-11-30 17:00:00,93.85810000000001,22.2,20.6,1014.2,5.1,240.0,
2016-11-30 18:00:00,93.618,22.2,20.0,1014.7,3.6,190.0,
2016-11-30 19:00:00,92.8579,21.1,20.0,1015.1,1.5,180.0,6.0
2016-11-30 20:00:00,95.41839999999999,21.1,20.0,1015.4,2.6,190.0,
2016-11-30 21:00:00,95.7385,20.6,20.0,1015.4,1.5,180.0,2.0
2016-11-30 22:00:00,97.6989,19.4,19.4,1015.4,3.1,160.0,0.0
2016-11-30 23:00:00,97.21879999999999,19.4,18.9,1015.4,2.6,170.0,0.0
2016-12-01 00:00:00,97.6188,19.4,19.4,1015.1,2.1,200.0,2.0
2016-12-01 01:00:00,95.41839999999999,20.0,19.4,,2.6,190.0,
2016-12-01 02:00:00,97.69890000000001,19.4,18.9,1014.5,2.1,180.0,4.0
2016-12-01 03:00:00,100.7795,20.0,19.4,1014.7,2.1,230.0,
2016-12-01 04:00:00,98.57900000000001,19.4,19.4,,3.1,180.0,
2016-12-01 05:00:00,99.0191,19.4,19.4,1014.5,2.1,200.0,
2016-12-01 06:00:00,96.9787,19.4,19.4,1015.0,0.0,0.0,
2016-12-01 07:00:00,98.779,18.9,18.9,1015.0,2.1,170.0,6.0
2016-12-01 08:00:00,96.2186,20.0,20.0,1015.2,5.1,180.0,
2016-12-01 09:00:00,90.6575,22.2,21.7,1015.8,3.6,210.0,
2016-12-01 10:00:00,91.1776,24.4,21.7,1015.8,6.2,210.0,
2016-12-01 11:00:00,92.2577,25.6,21.1,1015.8,4.1,210.0,4.0
2016-12-01 12:00:00,93.7781,28.3,20.0,1015.2,5.1,220.0,
2016-12-01 13:00:00,93.5781,28.9,19.4,1014.3,6.2,210.0,6.0
2016-12-01 14:00:00,94.1781,30.0,19.4,1013.6,3.6,250.0,
2016-12-01 15:00:00,94.4182,28.3,18.9,1013.5,4.1,290.0,
2016-12-01 16:00:00,93.09790000000001,26.7,20.0,1013.8,4.6,310.0,
2016-12-01 17:00:00,91.8577,25.6,20.0,1014.3,3.6,320.0,4.0
2016-12-01 18:00:00,85.5365,24.4,18.9,1014.9,4.1,30.0,
2016-12-01 19:00:00,87.93700000000001,22.2,17.8,1015.8,5.1,360.0,6.0
2016-12-01 20:00:00,91.3376,21.1,17.8,1016.2,3.1,350.0,
2016-12-01 21:00:00,90.6175,20.0,16.7,1016.6,2.1,70.0,4.0
2016-12-01 22:00:00,86.61670000000001,18.9,16.7,1016.9,3.1,360.0,2.0
2016-12-01 23:00:00,81.4157,18.9,16.1,1016.9,2.6,360.0,2.0
2016-12-02 00:00:00,91.7377,18.3,15.0,1017.0,4.6,340.0,0.0
2016-12-02 01:00:00,93.8181,17.8,14.4,1017.1,3.1,360.0,4.0
2016-12-02 02:00:00,94.1381,16.7,14.4,1017.4,3.6,350.0,0.0
2016-12-02 03:00:00,85.9366,16.1,12.8,1017.9,4.1,360.0,2.0
2016-12-02 04:00:00,85.1764,15.6,8.9,1018.1,5.7,10.0,0.0
2016-12-02 05:00:00,84.3763,15.0,8.9,1018.4,3.6,360.0,0.0
2016-12-02 06:00:00,75.2945,14.4,7.8,1019.2,3.6,350.0,0.0
2016-12-02 07:00:00,63.97239999999999,13.9,7.8,1020.0,3.1,350.0,0.0
2016-12-02 08:00:00,78.6151,15.0,8.3,1020.4,4.6,350.0,0.0
2016-12-02 09:00:00,87.8169,16.7,7.8,1021.0,5.7,360.0,0.0
2016-12-02 10:00:00,78.0951,18.9,8.9,1021.4,5.1,360.0,0.0
2016-12-02 11:00:00,84.4963,20.0,9.4,1021.4,4.6,20.0,0.0
2016-12-02 12:00:00,87.29679999999999,21.7,8.9,1020.5,5.1,10.0,0.0
2016-12-02 13:00:00,81.09559999999999,22.8,7.8,1019.7,3.1,10.0,0.0
2016-12-02 14:00:00,78.095,23.9,6.1,1019.3,3.1,20.0,0.0
2016-12-02 15:00:00,79.9354,24.4,5.0,1019.1,4.1,20.0,0.0
2016-12-02 16:00:00,70.0935,23.9,4.4,1019.2,4.6,10.0,0.0
2016-12-02 17:00:00,81.0156,22.2,5.6,1019.5,3.6,20.0,0.0
2016-12-02 18:00:00,89.2972,19.4,8.9,1019.8,4.6,70.0,2.0
2016-12-02 19:00:00,72.97409999999999,17.8,9.4,1020.6,5.1,50.0,2.0
2016-12-02 20:00:00,64.5324,15.6,9.4,1021.2,4.1,20.0,0.0
2016-12-02 21:00:00,66.6529,14.4,8.9,1022.0,3.1,10.0,0.0
2016-12-02 22:00:00,65.9328,13.9,8.3,1022.1,3.1,20.0,2.0
2016-12-02 23:00:00,64.6925,13.9,7.8,1022.3,3.6,360.0,4.0
2016-12-03 00:00:00,65.2526,13.3,8.3,1022.0,3.6,10.0,
2016-12-03 01:00:00,66.1728,13.3,7.8,1021.6,3.6,360.0,4.0
2016-12-03 02:00:00,65.8527,13.3,8.3,1021.0,3.6,360.0,
2016-12-03 03:00:00,66.5728,13.3,8.3,1021.0,3.1,350.0,
2016-12-03 04:00:00,66.69290000000001,13.3,8.9,1021.0,3.1,350.0,
2016-12-03 05:00:00,65.4926,13.3,9.4,1020.8,2.1,350.0,
2016-12-03 06:00:00,64.0524,14.4,10.6,1021.0,4.1,360.0,
2016-12-03 07:00:00,61.852000000000004,15.0,10.6,1021.0,3.6,360.0,6.0
2016-12-03 08:00:00,79.6954,15.6,11.1,1021.7,3.6,360.0,2.0
2016-12-03 09:00:00,81.45570000000001,18.3,11.1,1021.6,5.1,20.0,2.0
2016-12-03 10:00:00,86.5367,21.1,12.8,1021.8,4.1,30.0,2.0
2016-12-03 11:00:00,77.295,23.3,13.3,1021.5,6.7,40.0,2.0
2016-12-03 12:00:00,79.4953,24.4,13.9,1020.4,4.6,60.0,2.0
2016-12-03 13:00:00,75.5345,25.6,13.3,1019.5,5.1,90.0,4.0
2016-12-03 14:00:00,78.9353,24.4,12.8,1018.9,5.7,50.0,
2016-12-03 15:00:00,77.53490000000001,25.0,13.3,1018.7,5.7,60.0,
2016-12-03 16:00:00,81.4157,24.4,13.3,1018.7,5.7,70.0,
2016-12-03 17:00:00,87.05680000000001,22.8,13.3,1018.8,6.2,60.0,
2016-12-03 18:00:00,86.3367,21.1,13.3,1019.2,3.6,60.0,4.0
2016-12-03 19:00:00,90.3374,19.4,13.9,1019.7,3.1,80.0,0.0
2016-12-03 20:00:00,93.8181,18.9,13.9,1020.1,3.1,70.0,0.0
2016-12-03 21:00:00,98.1789,18.3,13.9,1020.5,2.6,70.0,0.0
2016-12-03 22:00:00,92.4178,17.2,13.3,1020.4,2.1,70.0,0.0
2016-12-03 23:00:00,87.4569,17.2,13.3,1020.5,2.6,70.0,2.0
2016-12-04 00:00:00,67.7731,17.2,13.9,1020.2,1.5,60.0,2.0
2016-12-04 01:00:00,62.33200000000001,17.2,13.9,1019.7,1.5,360.0,6.0
2016-12-04 02:00:00,68.9333,16.7,13.9,1019.4,1.5,70.0,2.0
2016-12-04 03:00:00,71.2138,15.6,13.9,1019.2,2.6,20.0,2.0
2016-12-04 04:00:00,67.0929,15.6,13.3,1019.0,0.0,0.0,2.0
2016-12-04 05:00:00,63.612300000000005,14.4,13.3,1018.7,0.0,0.0,2.0
2016-12-04 06:00:00,66.4128,15.0,13.3,1018.8,2.1,90.0,2.0
2016-12-04 07:00:00,66.4128,15.6,13.9,1019.1,2.6,70.0,2.0
2016-12-04 08:00:00,80.8556,17.8,15.6,1019.2,2.1,100.0,2.0
2016-12-04 09:00:00,86.01660000000001,21.1,16.7,1019.2,3.1,100.0,2.0
2016-12-04 10:00:00,84.5363,23.9,16.1,1019.4,6.2,130.0,2.0
2016-12-04 11:00:00,86.2567,25.0,16.1,1019.3,7.7,120.0,4.0
2016-12-04 12:00:00,88.2971,26.7,16.1,1018.4,7.7,110.0,4.0
2016-12-04 13:00:00,88.05699999999999,27.2,16.1,1017.1,7.2,130.0,2.0
2016-12-04 14:00:00,88.217,27.8,15.6,1016.4,6.2,140.0,2.0
2016-12-04 15:00:00,88.5771,27.8,16.1,1016.1,5.1,130.0,2.0
2016-12-04 16:00:00,89.5772,27.2,16.7,1015.9,5.7,110.0,2.0
2016-12-04 17:00:00,91.6577,25.6,16.7,1016.0,4.1,120.0,2.0
2016-12-04 18:00:00,92.2178,23.9,16.7,1016.2,5.1,130.0,2.0
2016-12-04 19:00:00,87.1368,22.2,17.2,1016.6,3.6,130.0,2.0
2016-12-04 20:00:00,92.9379,21.7,17.2,1016.9,2.6,130.0,0.0
2016-12-04 21:00:00,90.5375,20.6,17.2,1017.3,3.1,130.0,0.0
2016-12-04 22:00:00,95.2584,20.6,17.8,1017.9,2.1,140.0,0.0
2016-12-04 23:00:00,94.69819999999999,20.0,17.8,1017.9,1.5,140.0,0.0
2016-12-05 00:00:00,96.7787,19.4,17.8,1017.6,1.5,110.0,2.0
2016-12-05 01:00:00,95.4185,18.3,17.8,1017.1,2.1,130.0,0.0
2016-12-05 02:00:00,91.77770000000001,18.3,17.8,1017.0,0.0,0.0,0.0
2016-12-05 03:00:00,95.5784,17.8,17.8,1016.7,1.5,170.0,4.0
2016-12-05 04:00:00,93.0179,17.8,17.2,1016.2,0.0,0.0,2.0
2016-12-05 05:00:00,89.0972,18.3,17.8,1015.9,1.5,160.0,4.0
2016-12-05 06:00:00,87.2168,17.8,17.2,1015.6,2.6,170.0,4.0
2016-12-05 07:00:00,98.499,18.3,17.8,1016.0,2.1,180.0,2.0
2016-12-05 08:00:00,94.2182,20.6,20.0,1016.3,3.1,180.0,2.0
2016-12-05 09:00:00,94.2581,22.2,21.1,1016.4,4.1,170.0,2.0
2016-12-05 10:00:00,92.6578,25.6,21.1,1016.1,7.7,170.0,4.0
2016-12-05 11:00:00,92.53790000000001,26.7,21.1,1016.0,6.7,180.0,4.0
2016-12-05 12:00:00,91.9778,28.3,20.6,1015.0,7.7,190.0,4.0
2016-12-05 13:00:00,92.81790000000001,28.3,20.6,1014.0,6.7,200.0,4.0
2016-12-05 14:00:00,93.218,30.0,20.0,1012.8,6.2,190.0,
2016-12-05 15:00:00,92.2578,30.0,19.4,1012.2,6.2,190.0,
2016-12-05 16:00:00,92.9779,29.4,18.9,1011.9,5.7,180.0,
2016-12-05 17:00:00,94.6182,27.8,19.4,1012.4,2.6,170.0,
2016-12-05 18:00:00,95.33840000000001,26.1,19.4,1012.1,2.6,160.0,
2016-12-05 19:00:00,95.2584,25.6,20.0,1012.7,2.6,160.0,8.0
2016-12-05 20:00:00,94.8183,25.6,20.0,1012.8,4.6,170.0,
2016-12-05 21:00:00,95.4584,25.0,20.6,1012.9,3.6,160.0,
2016-12-05 22:00:00,93.8181,24.4,20.6,1013.1,4.1,170.0,
2016-12-05 23:00:00,91.6577,24.4,20.6,1013.3,3.6,180.0,
2016-12-06 00:00:00,92.1378,23.3,20.6,1012.7,4.1,170.0,
2016-12-06 01:00:00,93.53800000000001,22.8,20.6,1012.4,4.1,170.0,8.0
2016-12-06 02:00:00,92.61779999999999,23.3,20.6,1012.2,4.6,180.0,
2016-12-06 03:00:00,93.2979,22.8,20.6,1011.9,5.1,180.0,
2016-12-06 04:00:00,93.25800000000001,22.8,20.6,1011.7,5.7,170.0,
2016-12-06 05:00:00,93.298,23.3,21.1,1011.9,5.1,190.0,
2016-12-06 06:00:00,94.6983,23.3,21.1,1012.0,4.6,180.0,
2016-12-06 07:00:00,91.4177,23.9,21.7,1012.3,5.1,190.0,6.0
2016-12-06 08:00:00,69.7335,24.4,21.7,1012.1,6.2,180.0,
2016-12-06 09:00:00,95.41839999999999,25.0,22.2,1012.7,6.7,200.0,
2016-12-06 10:00:00,99.5792,27.2,22.2,1013.0,7.7,210.0,
2016-12-06 11:00:00,96.4986,27.8,22.2,1012.5,5.7,200.0,
2016-12-06 12:00:00,92.0178,27.2,23.3,1011.4,7.2,230.0,
2016-12-06 13:00:00,100.2193,29.4,22.8,1009.9,8.8,220.0,6.0
2016-12-06 14:00:00,116.54249999999999,23.9,21.7,1011.0,7.2,250.0,
2016-12-06 15:00:00,118.5429,23.9,22.2,1010.9,5.7,240.0,
2016-12-06 16:00:00,120.82329999999999,24.4,22.2,1011.0,7.2,240.0,
2016-12-06 17:00:00,121.3034,24.4,22.2,1011.4,4.6,250.0,
2016-12-06 18:00:00,127.4646,23.3,21.7,1012.2,3.1,250.0,
2016-12-06 19:00:00,126.78450000000001,23.3,21.1,1012.6,3.1,250.0,2.0
2016-12-06 20:00:00,130.3852,22.2,19.4,1013.3,4.1,270.0,0.0
2016-12-06 21:00:00,129.2249,21.1,18.9,1014.2,3.1,240.0,0.0
2016-12-06 22:00:00,127.2246,20.6,18.3,1014.3,2.6,260.0,0.0
2016-12-06 23:00:00,116.0224,19.4,18.3,1014.5,2.6,240.0,2.0
2016-12-07 00:00:00,108.2609,18.9,17.8,1014.5,2.6,250.0,2.0
2016-12-07 01:00:00,98.6591,18.3,17.8,1014.6,1.5,220.0,2.0
2016-12-07 02:00:00,101.2195,18.3,17.8,,2.6,250.0,
2016-12-07 03:00:00,109.50110000000001,18.3,17.8,1015.3,3.1,290.0,
2016-12-07 04:00:00,99.69919999999999,18.3,17.2,1015.9,2.1,280.0,
2016-12-07 05:00:00,98.259,18.3,16.7,1015.9,1.5,300.0,4.0
2016-12-07 06:00:00,90.4174,17.8,16.1,1016.5,2.1,320.0,4.0
2016-12-07 07:00:00,91.0976,17.2,15.6,1016.9,2.6,320.0,2.0
2016-12-07 08:00:00,93.65809999999999,17.8,16.1,1017.4,0.0,0.0,2.0
2016-12-07 09:00:00,113.78200000000001,19.4,16.7,1017.7,2.1,330.0,2.0
2016-12-07 10:00:00,120.74329999999999,20.6,16.1,1018.2,1.5,,2.0
2016-12-07 11:00:00,116.9826,22.2,15.6,1018.2,2.6,310.0,2.0
2016-12-07 12:00:00,112.6217,23.3,15.6,1017.5,2.6,310.0,2.0
2016-12-07 13:00:00,116.3424,23.9,15.0,1016.8,3.1,,2.0
2016-12-07 14:00:00,113.1819,24.4,13.9,1016.3,2.1,260.0,2.0
2016-12-07 15:00:00,117.0626,25.0,13.9,1016.2,2.6,260.0,2.0
2016-12-07 16:00:00,118.30280000000002,25.0,14.4,1016.6,3.6,260.0,2.0
2016-12-07 17:00:00,109.3411,23.9,13.3,1017.3,2.6,270.0,2.0
2016-12-07 18:00:00,98.259,22.8,13.9,1018.0,1.5,300.0,4.0
2016-12-07 19:00:00,97.8589,21.7,14.4,1018.6,1.5,280.0,4.0
2016-12-07 20:00:00,98.69909999999999,18.3,13.9,1018.7,2.6,250.0,4.0
2016-12-07 21:00:00,97.3388,19.4,15.0,1019.1,1.5,280.0,4.0
2016-12-07 22:00:00,75.0945,18.9,14.4,1019.6,1.5,330.0,2.0
2016-12-07 23:00:00,39.9277,17.8,14.4,1019.6,3.1,320.0,2.0
2016-12-08 00:00:00,40.8879,17.2,14.4,1019.6,3.1,300.0,2.0
2016-12-08 01:00:00,47.2492,16.7,14.4,1019.3,2.6,310.0,2.0
2016-12-08 02:00:00,44.608599999999996,16.1,14.4,1018.9,3.6,330.0,2.0
2016-12-08 03:00:00,45.2887,15.6,13.9,1019.3,3.1,320.0,0.0
2016-12-08 04:00:00,45.7688,15.6,13.3,1019.1,3.1,330.0,0.0
2016-12-08 05:00:00,45.808899999999994,13.9,12.8,1019.1,2.6,360.0,0.0
2016-12-08 06:00:00,45.528800000000004,13.9,12.2,1019.4,1.5,320.0,0.0
2016-12-08 07:00:00,46.2089,13.9,12.8,1020.1,4.6,360.0,8.0
2016-12-08 08:00:00,45.3288,13.3,12.8,1020.6,4.6,350.0,
2016-12-08 09:00:00,44.088499999999996,15.6,13.3,1021.7,3.6,330.0,
2016-12-08 10:00:00,42.768299999999996,16.1,12.8,1022.4,4.6,320.0,
2016-12-08 11:00:00,45.8888,18.3,12.8,1021.8,4.1,340.0,4.0
2016-12-08 12:00:00,43.7684,20.0,12.8,1020.8,5.1,330.0,4.0
2016-12-08 13:00:00,41.128,21.1,12.2,1019.8,3.1,310.0,4.0
2016-12-08 14:00:00,44.328500000000005,22.2,11.7,1019.3,1.5,,4.0
2016-12-08 15:00:00,47.4491,22.2,12.2,1018.7,2.6,330.0,
2016-12-08 16:00:00,43.4484,22.2,12.2,1018.9,3.1,330.0,
2016-12-08 17:00:00,48.1693,20.6,10.6,1019.6,3.1,310.0,
2016-12-08 18:00:00,45.0487,19.4,11.7,1020.4,3.6,320.0,
2016-12-08 19:00:00,44.7286,19.4,11.1,1021.0,4.1,320.0,8.0
2016-12-08 20:00:00,45.3287,18.9,11.7,1021.8,4.6,340.0,
2016-12-08 21:00:00,47.0491,17.8,12.2,1021.9,2.6,360.0,
2016-12-08 22:00:00,46.328900000000004,17.8,11.7,1022.3,3.1,30.0,
2016-12-08 23:00:00,46.0488,17.2,11.1,1022.8,5.7,10.0,
2016-12-09 00:00:00,45.7688,16.7,10.0,1023.1,6.7,340.0,
2016-12-09 01:00:00,41.488,16.1,8.3,1023.2,5.1,350.0,8.0
2016-12-09 02:00:00,43.6084,15.6,7.8,1022.6,4.6,360.0,
2016-12-09 03:00:00,43.0084,14.4,8.9,1022.9,6.2,360.0,
2016-12-09 04:00:00,42.0481,12.8,8.9,1023.7,6.2,350.0,
2016-12-09 05:00:00,40.8079,12.2,8.9,1023.1,5.7,360.0,
2016-12-09 06:00:00,42.408199999999994,11.7,8.3,1024.1,5.1,360.0,
2016-12-09 07:00:00,44.8086,10.6,6.7,1025.1,7.7,340.0,8.0
2016-12-09 08:00:00,47.289100000000005,10.6,6.1,1025.5,5.7,350.0,
2016-12-09 09:00:00,46.329,10.6,6.1,1026.8,4.6,350.0,
2016-12-09 10:00:00,36.4071,11.1,5.6,1026.9,5.7,350.0,
2016-12-09 11:00:00,41.6881,11.7,5.6,1027.4,6.7,350.0,
2016-12-09 12:00:00,44.4086,13.3,6.1,1026.5,8.8,10.0,
2016-12-09 13:00:00,43.888400000000004,15.0,6.7,1025.6,7.2,10.0,6.0
2016-12-09 14:00:00,42.7282,16.1,7.2,1025.0,6.2,10.0,
2016-12-09 15:00:00,46.088899999999995,16.1,6.7,1024.9,6.7,20.0,
2016-12-09 16:00:00,39.4476,17.2,6.7,1025.0,5.1,20.0,
2016-12-09 17:00:00,41.1679,15.6,7.2,1025.8,6.7,20.0,
2016-12-09 18:00:00,43.8485,13.9,6.1,1025.8,8.2,10.0,
2016-12-09 19:00:00,44.488600000000005,12.8,6.1,1026.4,7.2,10.0,6.0
2016-12-09 20:00:00,44.4886,12.2,6.1,1026.9,6.2,360.0,
2016-12-09 21:00:00,43.7685,12.2,6.1,1027.3,4.6,360.0,
2016-12-09 22:00:00,44.568599999999996,11.7,5.6,1027.3,5.7,350.0,
2016-12-09 23:00:00,44.0085,11.1,5.6,1027.2,5.1,340.0,
2016-12-10 00:00:00,44.8887,11.1,5.6,1026.7,4.1,350.0,
2016-12-10 01:00:00,45.0487,11.1,5.6,1026.4,5.1,340.0,8.0
2016-12-10 02:00:00,44.7286,11.1,6.1,1026.4,4.6,350.0,
2016-12-10 03:00:00,46.088899999999995,11.1,6.1,1026.3,4.1,350.0,
2016-12-10 04:00:00,45.7689,11.1,6.7,1026.5,3.6,350.0,
2016-12-10 05:00:00,46.32899999999999,10.6,7.2,1026.5,4.1,350.0,
2016-12-10 06:00:00,47.049099999999996,10.6,7.2,1027.1,4.6,350.0,
2016-12-10 07:00:00,45.1687,10.6,7.2,1027.7,4.6,340.0,6.0
2016-12-10 08:00:00,43.9684,11.7,7.8,1027.8,5.1,360.0,
2016-12-10 09:00:00,45.3288,13.9,8.9,1028.1,5.1,10.0,
2016-12-10 10:00:00,65.4526,17.2,10.0,1028.5,5.1,20.0,
2016-12-10 11:00:00,51.2498,20.6,10.6,1028.1,4.1,20.0,
2016-12-10 12:00:00,45.2487,21.7,11.7,1026.9,6.7,50.0,4.0
2016-12-10 13:00:00,46.888999999999996,21.7,11.1,1026.0,4.1,40.0,4.0
2016-12-10 14:00:00,46.2089,22.2,11.1,1025.2,7.2,40.0,4.0
2016-12-10 15:00:00,47.6892,22.2,11.1,1025.1,5.1,70.0,4.0
2016-12-10 16:00:00,45.4888,20.6,10.6,1025.7,6.2,60.0,4.0
2016-12-10 17:00:00,47.289100000000005,20.0,10.6,1026.2,6.2,60.0,4.0
2016-12-10 18:00:00,44.5686,18.3,11.1,1026.6,5.1,50.0,4.0
2016-12-10 19:00:00,36.647,17.2,11.1,1026.8,4.6,30.0,2.0
2016-12-10 20:00:00,40.807900000000004,16.1,10.6,1027.0,4.1,30.0,2.0
2016-12-10 21:00:00,43.7284,14.4,11.7,1026.9,3.6,10.0,2.0
2016-12-10 22:00:00,43.1284,13.3,11.7,1027.0,3.6,10.0,2.0
2016-12-10 23:00:00,42.6483,13.3,11.1,1026.7,3.1,10.0,2.0
2016-12-11 00:00:00,42.9683,12.8,11.1,1026.3,2.1,360.0,0.0
2016-12-11 01:00:00,44.3686,12.8,10.6,1026.0,1.5,350.0,0.0
2016-12-11 02:00:00,45.008700000000005,12.2,10.6,1025.4,2.1,360.0,0.0
2016-12-11 03:00:00,44.5286,12.2,10.6,1024.9,1.5,20.0,0.0
2016-12-11 04:00:00,45.4088,12.2,10.6,1024.6,2.1,20.0,2.0
2016-12-11 05:00:00,45.9688,13.9,11.7,1024.1,2.1,30.0,2.0
2016-12-11 06:00:00,44.9286,13.9,11.7,1024.7,2.1,30.0,2.0
2016-12-11 07:00:00,45.6889,14.4,12.2,1024.8,2.1,60.0,4.0
2016-12-11 08:00:00,45.7688,15.6,12.8,1025.0,3.1,60.0,2.0
2016-12-11 09:00:00,53.0102,18.3,14.4,1025.4,3.1,60.0,4.0
2016-12-11 10:00:00,54.4105,21.7,15.6,1025.5,5.1,70.0,4.0
2016-12-11 11:00:00,48.0892,23.9,16.1,1025.4,6.2,100.0,
2016-12-11 12:00:00,47.6092,23.3,15.6,1024.7,7.2,90.0,
2016-12-11 13:00:00,49.5296,23.9,16.1,1023.5,6.7,90.0,6.0
2016-12-11 14:00:00,48.369299999999996,23.9,16.1,1022.9,6.2,90.0,
2016-12-11 15:00:00,53.9304,23.9,17.2,1022.5,7.2,90.0,
2016-12-11 16:00:00,46.3689,22.2,17.8,1022.5,6.7,110.0,
2016-12-11 17:00:00,50.249700000000004,21.1,18.3,1022.6,2.6,70.0,
2016-12-11 18:00:00,54.010400000000004,21.1,18.3,1022.4,2.1,70.0,
2016-12-11 19:00:00,50.0096,20.6,17.2,1022.4,2.6,80.0,8.0
2016-12-11 20:00:00,51.129900000000006,20.6,17.8,1022.6,3.6,120.0,
2016-12-11 21:00:00,51.1699,20.6,18.9,1022.4,3.6,120.0,
2016-12-11 22:00:00,53.5704,20.6,18.9,1022.2,3.6,80.0,
2016-12-11 23:00:00,52.8502,20.0,18.9,1021.9,2.6,70.0,
2016-12-12 00:00:00,51.2099,20.6,19.4,1021.3,1.5,120.0,
2016-12-12 01:00:00,51.93,20.0,19.4,1020.9,1.5,80.0,6.0
2016-12-12 02:00:00,51.85,19.4,18.9,1020.6,0.0,0.0,
2016-12-12 03:00:00,52.8902,20.6,19.4,1020.0,0.0,0.0,
2016-12-12 04:00:00,52.01,19.4,18.9,1019.2,0.0,0.0,2.0
2016-12-12 05:00:00,51.3699,17.8,17.8,1019.2,0.0,0.0,
2016-12-12 06:00:00,52.4501,18.3,18.3,1019.1,2.1,190.0,
2016-12-12 07:00:00,52.9302,19.4,18.9,1019.4,3.6,210.0,9.0
2016-12-12 08:00:00,57.051,19.4,19.4,1019.9,3.1,220.0,9.0
2016-12-12 09:00:00,59.8916,20.6,20.0,1020.2,2.6,230.0,9.0
2016-12-12 10:00:00,58.2912,22.2,21.1,1020.8,3.6,210.0,
2016-12-12 11:00:00,57.251099999999994,24.4,20.6,1020.7,4.1,190.0,
2016-12-12 12:00:00,57.010999999999996,25.0,19.4,1020.2,4.6,220.0,4.0
2016-12-12 13:00:00,56.5309,26.7,18.3,1019.1,3.6,240.0,6.0
2016-12-12 14:00:00,58.5313,26.7,18.3,1018.5,3.1,240.0,
2016-12-12 15:00:00,59.5715,27.2,18.3,1017.9,3.1,300.0,
2016-12-12 16:00:00,59.6515,27.8,17.8,1017.6,2.1,260.0,4.0
2016-12-12 17:00:00,62.652,27.2,17.8,1017.7,2.1,290.0,4.0
2016-12-12 18:00:00,60.6517,25.0,17.8,1017.8,1.5,260.0,4.0
2016-12-12 19:00:00,58.3712,24.4,17.8,1018.3,1.5,230.0,4.0
2016-12-12 20:00:00,52.7702,23.9,18.3,1018.7,2.1,320.0,4.0
2016-12-12 21:00:00,48.1693,21.7,17.8,1019.2,1.5,340.0,4.0
2016-12-12 22:00:00,47.1691,22.2,17.8,1019.4,1.5,270.0,
2016-12-12 23:00:00,49.1295,19.4,17.2,1019.4,0.0,0.0,2.0
2016-12-13 00:00:00,49.8497,19.4,17.2,1019.4,1.5,10.0,4.0
2016-12-13 01:00:00,49.7696,18.3,17.2,1019.1,0.0,0.0,2.0
2016-12-13 02:00:00,49.5696,18.3,16.7,1018.8,0.0,0.0,2.0
2016-12-13 03:00:00,50.3297,17.8,16.7,1018.7,0.0,0.0,2.0
2016-12-13 04:00:00,52.1701,17.2,16.1,1018.7,0.0,0.0,2.0
2016-12-13 05:00:00,52.8902,17.2,16.1,1018.6,1.5,360.0,
2016-12-13 06:00:00,51.6899,17.2,16.7,1018.5,1.5,10.0,2.0
2016-12-13 07:00:00,55.1306,17.8,17.2,1019.0,1.5,360.0,4.0
2016-12-13 08:00:00,52.29,18.9,18.3,1019.5,3.1,350.0,
2016-12-13 09:00:00,54.6905,20.0,18.9,1019.7,0.0,0.0,2.0
2016-12-13 10:00:00,59.09139999999999,22.8,19.4,1020.0,2.1,340.0,4.0
2016-12-13 11:00:00,57.61109999999999,25.6,18.9,1019.7,0.0,0.0,4.0
2016-12-13 12:00:00,59.09139999999999,26.7,18.3,1018.8,2.1,,4.0
2016-12-13 13:00:00,70.7337,27.8,18.3,1018.0,1.5,,4.0
2016-12-13 14:00:00,93.6181,27.8,17.8,1017.0,1.5,,4.0
2016-12-13 15:00:00,91.8177,28.3,17.8,1016.5,0.0,0.0,4.0
2016-12-13 16:00:00,91.3777,27.2,17.2,1016.3,0.0,0.0,4.0
2016-12-13 17:00:00,94.3382,27.2,17.2,1016.5,0.0,0.0,4.0
2016-12-13 18:00:00,93.65799999999999,25.0,17.2,1016.6,0.0,0.0,2.0
2016-12-13 19:00:00,91.8978,23.3,17.8,1017.2,0.0,0.0,2.0
2016-12-13 20:00:00,90.7776,21.1,17.8,1017.6,0.0,0.0,2.0
2016-12-13 21:00:00,95.3784,20.6,17.8,1017.8,0.0,0.0,2.0
2016-12-13 22:00:00,93.138,18.9,17.2,1018.0,0.0,0.0,2.0
2016-12-13 23:00:00,92.37780000000001,19.4,17.8,1018.2,2.1,280.0,0.0
2016-12-14 00:00:00,96.9387,19.4,16.7,1018.2,0.0,0.0,0.0
2016-12-14 01:00:00,93.13799999999999,18.9,16.7,1018.3,2.1,290.0,0.0
2016-12-14 02:00:00,93.41810000000001,18.3,16.7,1018.2,0.0,0.0,0.0
2016-12-14 03:00:00,88.6571,17.8,16.7,1018.0,0.0,0.0,0.0
2016-12-14 04:00:00,90.8175,17.2,16.1,1018.4,0.0,0.0,0.0
2016-12-14 05:00:00,95.0583,17.8,16.1,1018.2,2.6,320.0,4.0
2016-12-14 06:00:00,95.0184,16.7,15.6,1018.2,2.6,320.0,2.0
2016-12-14 07:00:00,95.3785,16.7,16.1,1018.4,1.5,300.0,8.0
2016-12-14 08:00:00,98.0189,17.2,16.7,1018.7,0.0,0.0,9.0
2016-12-14 09:00:00,96.3386,17.8,16.7,1019.1,0.0,0.0,
2016-12-14 10:00:00,91.3776,20.6,17.8,1018.9,1.5,140.0,2.0
2016-12-14 11:00:00,86.5766,25.6,15.6,1018.5,0.0,0.0,2.0
2016-12-14 12:00:00,86.41669999999999,26.7,13.3,1017.9,2.1,,
2016-12-14 13:00:00,88.8572,27.8,15.0,1017.0,4.6,240.0,4.0
2016-12-14 14:00:00,91.6177,27.8,15.6,1016.5,2.6,,
2016-12-14 15:00:00,94.9784,27.8,16.1,1016.4,4.6,270.0,
2016-12-14 16:00:00,92.2178,27.2,16.7,1016.3,3.6,250.0,
2016-12-14 17:00:00,92.9379,26.7,16.7,1016.2,4.1,260.0,4.0
2016-12-14 18:00:00,92.6979,23.9,16.7,1016.0,2.1,230.0,
2016-12-14 19:00:00,93.5381,22.8,16.7,1016.4,2.1,240.0,2.0
2016-12-14 20:00:00,94.6982,22.2,17.2,1016.9,2.6,250.0,4.0
2016-12-14 21:00:00,95.5784,22.2,17.8,1017.8,4.1,280.0,4.0
2016-12-14 22:00:00,96.9787,21.1,17.8,1017.5,2.6,250.0,0.0
2016-12-14 23:00:00,96.5387,20.0,17.8,1017.6,2.6,240.0,0.0
2016-12-15 00:00:00,98.699,19.4,17.8,1018.1,2.1,280.0,2.0
2016-12-15 01:00:00,98.1389,19.4,17.8,1017.1,3.6,220.0,0.0
2016-12-15 02:00:00,96.4186,20.0,18.3,,3.1,240.0,
2016-12-15 03:00:00,98.3789,20.0,18.9,1017.0,2.6,260.0,
2016-12-15 04:00:00,99.4992,20.6,19.4,1016.7,2.6,270.0,
2016-12-15 05:00:00,97.7389,20.6,19.4,1016.9,4.6,290.0,
2016-12-15 06:00:00,99.1392,21.1,18.9,1017.0,4.1,300.0,
2016-12-15 07:00:00,98.6991,20.6,17.8,1017.8,4.1,310.0,4.0
2016-12-15 08:00:00,91.9378,20.0,17.8,1018.6,3.1,310.0,2.0
2016-12-15 09:00:00,88.017,21.1,17.2,1019.5,5.1,330.0,4.0
2016-12-15 10:00:00,85.1764,21.7,16.1,1020.3,6.2,330.0,
2016-12-15 11:00:00,83.6561,22.8,15.0,1020.4,5.7,320.0,4.0
2016-12-15 12:00:00,79.4553,22.8,14.4,1019.9,4.6,320.0,4.0
2016-12-15 13:00:00,77.45490000000001,23.9,13.9,1019.1,4.1,360.0,4.0
2016-12-15 14:00:00,77.09479999999999,23.9,13.9,1018.6,4.6,360.0,
2016-12-15 15:00:00,79.2553,23.9,12.8,1018.6,2.6,360.0,4.0
2016-12-15 16:00:00,81.97579999999999,23.9,12.2,1018.6,4.1,350.0,
2016-12-15 17:00:00,82.6159,22.2,12.2,1019.2,5.1,20.0,
2016-12-15 18:00:00,90.2574,18.9,12.2,1020.1,6.7,60.0,4.0
2016-12-15 19:00:00,82.49589999999999,17.8,8.3,1021.3,6.7,30.0,2.0
2016-12-15 20:00:00,72.414,16.1,6.1,1022.1,5.7,30.0,0.0
2016-12-15 21:00:00,66.0927,15.6,7.2,1022.8,5.7,30.0,0.0
2016-12-15 22:00:00,65.0926,15.0,7.2,1023.4,4.6,30.0,0.0
2016-12-15 23:00:00,64.1724,14.4,7.8,1023.6,3.1,30.0,0.0
2016-12-16 00:00:00,66.4928,13.3,7.8,1023.0,3.1,10.0,0.0
2016-12-16 01:00:00,69.61349999999999,13.3,7.8,1022.2,4.1,30.0,0.0
2016-12-16 02:00:00,70.37360000000001,12.2,7.8,1022.1,2.6,10.0,0.0
2016-12-16 03:00:00,69.65350000000001,12.2,8.3,1021.8,3.1,10.0,0.0
2016-12-16 04:00:00,70.4536,12.2,8.3,1022.0,2.6,360.0,0.0
2016-12-16 05:00:00,67.493,12.2,8.9,1022.0,3.1,360.0,0.0
2016-12-16 06:00:00,72.574,12.2,8.9,1022.3,2.1,10.0,4.0
2016-12-16 07:00:00,73.2141,12.8,9.4,1022.8,2.1,360.0,4.0
2016-12-16 08:00:00,70.7737,13.9,10.0,1023.4,2.1,10.0,4.0
2016-12-16 09:00:00,87.6169,17.8,11.7,1023.7,2.6,40.0,
2016-12-16 10:00:00,89.1372,21.7,12.8,1024.0,3.6,70.0,4.0
2016-12-16 11:00:00,84.8563,23.3,13.3,1023.6,4.1,100.0,
2016-12-16 12:00:00,82.5359,23.3,13.9,1023.0,5.1,100.0,4.0
2016-12-16 13:00:00,79.8554,23.9,13.3,1022.2,4.6,100.0,4.0
2016-12-16 14:00:00,79.61529999999999,25.6,13.9,1021.2,5.1,80.0,4.0
2016-12-16 15:00:00,79.8554,25.0,13.9,1020.8,6.2,100.0,4.0
2016-12-16 16:00:00,82.3358,23.9,14.4,1021.2,4.6,100.0,4.0
2016-12-16 17:00:00,88.17699999999999,22.8,15.0,1021.4,4.6,90.0,2.0
2016-12-16 18:00:00,88.7371,20.6,15.0,1021.8,3.6,100.0,2.0
2016-12-16 19:00:00,90.7776,19.4,15.0,1022.3,2.6,90.0,2.0
2016-12-16 20:00:00,95.7385,18.9,15.0,1022.4,1.5,,2.0
2016-12-16 21:00:00,95.17830000000001,18.3,15.0,1022.6,2.6,120.0,2.0
2016-12-16 22:00:00,95.33840000000001,18.3,15.0,1022.3,3.1,120.0,2.0
2016-12-16 23:00:00,95.4184,18.3,15.0,1022.3,2.1,120.0,0.0
2016-12-17 00:00:00,95.61840000000001,17.2,15.0,1021.8,2.1,140.0,4.0
2016-12-17 01:00:00,95.6585,17.2,15.0,1021.5,1.5,140.0,2.0
2016-12-17 02:00:00,94.01820000000001,16.7,15.0,1021.4,1.5,140.0,2.0
2016-12-17 03:00:00,87.977,16.1,15.0,1021.3,0.0,0.0,0.0
2016-12-17 04:00:00,73.6542,15.6,15.0,1021.1,0.0,0.0,2.0
2016-12-17 05:00:00,63.81229999999999,15.6,15.0,1021.3,0.0,0.0,
2016-12-17 06:00:00,66.9729,16.1,15.0,1021.3,0.0,0.0,
2016-12-17 07:00:00,68.0932,15.6,14.4,1021.7,1.5,120.0,4.0
2016-12-17 08:00:00,89.6173,15.6,15.0,1022.3,2.1,150.0,2.0
2016-12-17 09:00:00,96.2585,20.6,17.8,1022.6,4.1,140.0,2.0
2016-12-17 10:00:00,89.4572,24.4,18.9,1022.8,5.1,150.0,2.0
2016-12-17 11:00:00,91.4976,26.1,18.3,1022.3,5.7,160.0,2.0
2016-12-17 12:00:00,92.21780000000001,27.8,18.3,1021.7,7.2,180.0,2.0
2016-12-17 13:00:00,92.77789999999999,26.7,17.8,1020.4,5.7,140.0,4.0
2016-12-17 14:00:00,92.0178,28.3,16.7,1019.6,5.7,170.0,
2016-12-17 15:00:00,93.458,28.9,16.1,1019.2,5.1,170.0,
2016-12-17 16:00:00,93.69810000000001,28.3,15.6,1019.2,4.6,180.0,4.0
2016-12-17 17:00:00,95.1384,27.2,16.1,1019.3,3.6,160.0,
2016-12-17 18:00:00,95.1384,24.4,16.1,1019.5,0.0,0.0,4.0
2016-12-17 19:00:00,94.13820000000001,22.2,16.7,1019.8,2.1,110.0,2.0
2016-12-17 20:00:00,95.5384,22.8,18.3,1020.3,3.1,130.0,2.0
2016-12-17 21:00:00,96.2585,22.2,19.4,1020.4,4.1,130.0,4.0
2016-12-17 22:00:00,99.01910000000001,22.2,20.0,1020.5,4.1,150.0,2.0
2016-12-17 23:00:00,97.7388,21.7,20.0,1020.7,3.6,150.0,4.0
2016-12-18 00:00:00,96.2986,21.1,20.0,1020.7,3.1,150.0,
2016-12-18 01:00:00,98.1789,20.6,19.4,1020.6,2.1,150.0,4.0
2016-12-18 02:00:00,99.5792,20.0,19.4,1020.5,2.6,150.0,
2016-12-18 03:00:00,104.34009999999999,20.0,19.4,1020.4,1.5,150.0,
2016-12-18 04:00:00,102.25970000000001,19.4,19.4,1020.3,1.5,150.0,
2016-12-18 05:00:00,100.3394,20.6,20.0,1020.2,2.1,160.0,
2016-12-18 06:00:00,98.6991,21.1,20.6,1020.3,3.6,170.0,
2016-12-18 07:00:00,102.1797,21.1,20.0,1020.8,3.1,170.0,8.0
2016-12-18 08:00:00,93.538,21.1,20.6,1021.5,2.1,170.0,
2016-12-18 09:00:00,92.0977,22.8,21.7,1022.2,3.6,160.0,
2016-12-18 10:00:00,93.578,25.0,22.2,1022.7,4.6,170.0,
2016-12-18 11:00:00,92.45779999999999,26.7,22.2,1022.8,4.6,190.0,
2016-12-18 12:00:00,93.138,28.3,21.7,1022.4,4.6,190.0,
2016-12-18 13:00:00,92.7379,28.9,21.1,1021.5,6.2,190.0,6.0
2016-12-18 14:00:00,92.7779,30.6,19.4,1020.8,6.7,190.0,4.0
2016-12-18 15:00:00,91.8578,30.6,19.4,1020.5,5.7,200.0,
2016-12-18 16:00:00,93.69800000000001,29.4,20.0,1020.8,3.1,240.0,
2016-12-18 17:00:00,106.9006,28.9,19.4,1021.0,1.5,230.0,
2016-12-18 18:00:00,107.9008,26.1,20.0,1021.3,2.6,140.0,
2016-12-18 19:00:00,92.938,25.0,20.0,1021.9,1.5,100.0,6.0
2016-12-18 20:00:00,93.8981,25.0,22.2,1022.7,0.0,0.0,
2016-12-18 21:00:00,92.8579,23.9,21.7,1023.2,0.0,0.0,
2016-12-18 22:00:00,94.2581,23.3,21.7,1023.7,3.6,170.0,
2016-12-18 23:00:00,92.0577,23.3,21.7,1024.2,3.1,170.0,
2016-12-19 00:00:00,93.9381,23.3,21.7,1024.4,2.1,150.0,
2016-12-19 01:00:00,94.2981,22.2,21.1,1024.5,0.0,0.0,6.0
2016-12-19 02:00:00,94.6982,21.7,21.1,,2.1,160.0,
2016-12-19 03:00:00,96.01859999999999,22.2,21.1,1025.0,0.0,0.0,
2016-12-19 04:00:00,94.4182,21.7,21.1,1025.1,2.6,190.0,
2016-12-19 05:00:00,96.9787,22.2,21.1,1025.1,0.0,0.0,2.0
2016-12-19 06:00:00,97.6589,21.7,21.1,1025.5,0.0,0.0,
2016-12-19 07:00:00,95.0984,22.2,21.1,1025.8,0.0,0.0,8.0
2016-12-19 08:00:00,96.6586,22.2,21.7,1026.2,0.0,0.0,
2016-12-19 09:00:00,95.0184,23.9,22.8,1026.8,2.1,180.0,
2016-12-19 10:00:00,95.1784,24.4,22.8,1027.5,2.6,180.0,
2016-12-19 11:00:00,103.41999999999999,25.6,21.7,1027.5,1.5,240.0,
2016-12-19 12:00:00,93.5381,26.7,20.6,1026.7,0.0,0.0,
2016-12-19 13:00:00,92.1777,28.3,20.6,1025.6,1.5,210.0,6.0
2016-12-19 14:00:00,93.458,29.4,20.0,1024.8,0.0,0.0,
2016-12-19 15:00:00,93.7381,29.4,19.4,1024.5,0.0,0.0,
2016-12-19 16:00:00,94.2581,29.4,18.9,1024.8,1.5,,
2016-12-19 17:00:00,93.97810000000001,28.3,18.9,1024.9,1.5,150.0,
2016-12-19 18:00:00,96.2186,25.0,21.7,1025.3,3.6,90.0,
2016-12-19 19:00:00,94.6583,24.4,21.7,1026.2,2.6,70.0,6.0
2016-12-19 20:00:00,93.49799999999999,23.9,21.7,1026.6,3.6,60.0,
2016-12-19 21:00:00,92.6978,23.9,21.7,1026.6,4.1,20.0,
2016-12-19 22:00:00,92.89789999999999,23.3,21.7,1026.5,5.1,20.0,
2016-12-19 23:00:00,93.09800000000001,23.3,21.7,1026.7,3.6,10.0,
2016-12-20 00:00:00,97.33879999999999,20.6,20.0,,3.1,360.0,
2016-12-20 01:00:00,99.1392,21.1,20.0,1026.6,4.6,10.0,6.0
2016-12-20 02:00:00,95.3784,20.6,19.4,1026.2,3.6,40.0,
2016-12-20 03:00:00,95.3784,20.0,18.9,1026.2,4.6,20.0,
2016-12-20 04:00:00,93.298,18.9,18.3,1026.0,4.1,20.0,
2016-12-20 05:00:00,96.6186,18.9,17.8,1025.9,5.7,20.0,
2016-12-20 06:00:00,92.938,18.9,17.8,1026.2,4.1,20.0,
2016-12-20 07:00:00,96.4986,18.3,17.8,1026.7,3.1,10.0,8.0
2016-12-20 08:00:00,78.8952,18.3,17.2,1027.2,4.1,10.0,
2016-12-20 09:00:00,96.2986,17.8,16.7,1027.7,5.1,20.0,
2016-12-20 10:00:00,90.9375,19.4,17.2,1027.8,5.7,360.0,
2016-12-20 11:00:00,89.0172,20.0,17.2,1027.5,3.6,360.0,
2016-12-20 12:00:00,88.4571,19.4,17.2,1026.8,6.2,360.0,
2016-12-20 13:00:00,87.2168,19.4,17.2,1026.3,6.2,360.0,8.0
2016-12-20 14:00:00,90.2174,20.0,17.2,1025.1,4.6,30.0,
2016-12-20 15:00:00,83.096,20.0,16.7,1024.7,5.7,10.0,
2016-12-20 16:00:00,84.6563,21.1,16.7,1024.0,1.5,20.0,
2016-12-20 17:00:00,88.9371,21.1,17.2,1023.8,2.6,350.0,
2016-12-20 18:00:00,90.53750000000001,20.0,16.7,1024.0,4.6,360.0,
2016-12-20 19:00:00,90.7375,19.4,16.7,1024.0,4.1,360.0,8.0
2016-12-20 20:00:00,88.7371,18.9,16.7,1024.3,4.6,360.0,
2016-12-20 21:00:00,95.8985,17.8,15.6,1024.3,3.6,10.0,
2016-12-20 22:00:00,95.4185,17.8,15.6,1024.1,3.1,20.0,
2016-12-20 23:00:00,94.25820000000002,17.2,15.0,1023.9,4.6,360.0,
2016-12-21 00:00:00,92.6179,16.7,14.4,1023.3,4.1,10.0,
2016-12-21 01:00:00,85.8166,16.1,14.4,1022.7,2.6,350.0,8.0
2016-12-21 02:00:00,86.93679999999999,16.1,13.9,1022.9,4.1,360.0,
2016-12-21 03:00:00,86.5767,15.0,13.9,1022.6,4.6,360.0,
2016-12-21 04:00:00,86.6167,15.0,13.9,1022.6,3.6,360.0,
2016-12-21 05:00:00,86.0166,14.4,13.9,1022.3,3.1,10.0,
2016-12-21 06:00:00,85.6165,15.0,13.9,1022.5,3.1,360.0,
2016-12-21 07:00:00,84.6964,15.0,13.9,1023.3,3.6,360.0,8.0
2016-12-21 08:00:00,65.1326,14.4,13.9,1024.1,4.1,360.0,
2016-12-21 09:00:00,63.612300000000005,14.4,13.3,1025.0,5.7,360.0,
2016-12-21 10:00:00,73.93430000000001,15.0,13.3,1025.3,6.2,350.0,
2016-12-21 11:00:00,85.2965,15.6,13.3,1025.1,5.1,350.0,
2016-12-21 12:00:00,90.81760000000001,17.8,13.9,1024.4,5.1,10.0,
2016-12-21 13:00:00,98.0189,18.3,13.9,1023.2,5.1,10.0,8.0
2016-12-21 14:00:00,84.8964,18.3,13.9,1022.4,4.1,360.0,
2016-12-21 15:00:00,87.737,17.8,13.9,1022.2,4.6,20.0,
2016-12-21 16:00:00,94.2182,17.2,13.9,1022.3,5.1,10.0,
2016-12-21 17:00:00,94.73830000000001,17.2,13.9,1022.3,4.6,50.0,
2016-12-21 18:00:00,82.81599999999999,17.2,13.3,1022.6,3.1,40.0,
2016-12-21 19:00:00,67.57310000000001,16.1,12.8,1023.5,5.7,40.0,8.0
2016-12-21 20:00:00,65.2527,13.9,11.1,1024.3,4.1,10.0,4.0
2016-12-21 21:00:00,68.5332,12.8,10.0,1024.4,4.1,360.0,0.0
2016-12-21 22:00:00,67.7731,12.8,10.0,1024.3,4.1,340.0,0.0
2016-12-21 23:00:00,67.0929,12.8,10.0,1023.9,4.1,340.0,2.0
2016-12-22 00:00:00,67.6131,12.2,10.0,1023.6,3.6,340.0,2.0
2016-12-22 01:00:00,69.05330000000001,11.7,10.0,1023.1,3.6,340.0,6.0
2016-12-22 02:00:00,72.3339,11.1,9.4,1022.8,3.1,310.0,2.0
2016-12-22 03:00:00,73.0941,11.1,9.4,1022.6,2.1,320.0,4.0
2016-12-22 04:00:00,72.8941,12.2,10.6,1022.4,2.6,360.0,
2016-12-22 05:00:00,69.1733,12.8,11.1,1022.3,3.1,360.0,
2016-12-22 06:00:00,67.6131,13.9,11.7,1022.6,3.1,350.0,
2016-12-22 07:00:00,67.413,13.9,12.2,1022.9,2.6,360.0,4.0
2016-12-22 08:00:00,67.253,13.9,12.2,1023.7,2.6,,4.0
2016-12-22 09:00:00,84.0563,15.6,12.2,1024.1,4.1,340.0,4.0
2016-12-22 10:00:00,88.8971,18.9,13.9,1024.3,3.1,360.0,2.0
2016-12-22 11:00:00,84.2962,21.1,14.4,1023.8,3.6,350.0,2.0
2016-12-22 12:00:00,80.6156,22.2,14.4,1023.0,4.1,320.0,2.0
2016-12-22 13:00:00,77.1749,23.3,15.6,1021.9,3.6,350.0,2.0
2016-12-22 14:00:00,77.735,24.4,15.0,1020.9,3.6,340.0,2.0
2016-12-22 15:00:00,77.815,25.0,12.8,1020.4,1.5,,2.0
2016-12-22 16:00:00,79.1353,25.6,12.2,1020.5,0.0,0.0,2.0
2016-12-22 17:00:00,82.856,23.9,12.8,1021.2,4.1,360.0,4.0
2016-12-22 18:00:00,86.5767,20.6,11.7,1021.9,4.1,360.0,4.0
2016-12-22 19:00:00,90.85759999999999,20.0,7.2,1022.9,5.1,30.0,0.0
2016-12-22 20:00:00,77.935,18.3,5.0,1023.6,4.6,40.0,0.0
2016-12-22 21:00:00,65.4127,17.2,5.6,1023.6,3.1,40.0,2.0
2016-12-22 22:00:00,65.01259999999999,16.1,7.8,1023.7,1.5,40.0,2.0
2016-12-22 23:00:00,65.8527,15.0,8.9,1024.0,2.1,360.0,2.0
2016-12-23 00:00:00,67.0929,14.4,10.0,1023.6,2.1,360.0,4.0
2016-12-23 01:00:00,67.0529,14.4,10.6,1023.4,2.1,360.0,4.0
2016-12-23 02:00:00,64.1323,15.0,10.6,1023.5,0.0,0.0,4.0
2016-12-23 03:00:00,65.8928,15.6,11.7,1023.3,0.0,0.0,
2016-12-23 04:00:00,68.2132,15.6,11.7,1023.6,2.6,360.0,
2016-12-23 05:00:00,66.2128,15.0,10.6,1023.6,2.1,360.0,2.0
2016-12-23 06:00:00,65.5326,14.4,10.6,1023.9,2.6,360.0,2.0
2016-12-23 07:00:00,64.8925,14.4,10.6,1024.3,3.1,360.0,2.0
2016-12-23 08:00:00,78.9753,15.6,10.6,1024.9,3.1,360.0,2.0
2016-12-23 09:00:00,84.8964,18.9,12.2,1025.3,4.1,10.0,2.0
2016-12-23 10:00:00,84.5363,21.7,12.8,1025.7,4.6,40.0,2.0
2016-12-23 11:00:00,79.2552,24.4,13.9,1025.5,3.6,50.0,2.0
2016-12-23 12:00:00,78.5751,26.1,15.0,1024.9,4.1,60.0,2.0
2016-12-23 13:00:00,79.69539999999999,26.1,15.0,1023.8,4.1,80.0,4.0
2016-12-23 14:00:00,79.4153,26.1,15.6,1023.1,5.1,70.0,
2016-12-23 15:00:00,79.9755,26.7,16.1,1022.9,4.6,90.0,
2016-12-23 16:00:00,81.5757,25.0,16.1,1023.1,6.2,70.0,
2016-12-23 17:00:00,79.6953,23.9,16.1,1023.6,4.6,90.0,
2016-12-23 18:00:00,85.3365,22.8,16.7,1024.2,4.1,60.0,4.0
2016-12-23 19:00:00,90.2174,21.1,16.7,1024.6,3.1,70.0,2.0
2016-12-23 20:00:00,87.0168,21.1,16.7,1025.0,3.1,50.0,0.0
2016-12-23 21:00:00,91.0175,20.6,16.7,1025.0,3.1,60.0,0.0
2016-12-23 22:00:00,94.7783,20.0,16.7,1025.0,3.1,60.0,0.0
2016-12-23 23:00:00,93.25800000000001,19.4,16.7,1025.3,3.1,40.0,2.0
2016-12-24 00:00:00,94.2982,18.3,16.7,1024.9,2.6,30.0,2.0
2016-12-24 01:00:00,87.9369,18.3,16.1,1024.4,1.5,20.0,0.0
2016-12-24 02:00:00,87.1768,17.2,15.6,1023.9,2.1,20.0,0.0
2016-12-24 03:00:00,86.4967,17.2,15.6,1023.8,1.5,20.0,0.0
2016-12-24 04:00:00,86.2167,16.7,15.6,1023.7,2.1,350.0,0.0
2016-12-24 05:00:00,86.3366,16.1,15.6,1023.7,2.6,360.0,0.0
2016-12-24 06:00:00,85.85650000000001,16.1,15.6,1024.0,2.1,360.0,0.0
2016-12-24 07:00:00,86.77669999999999,16.1,15.0,1024.5,3.1,10.0,2.0
2016-12-24 08:00:00,91.0975,17.8,16.7,1024.8,2.6,30.0,2.0
2016-12-24 09:00:00,89.2572,20.0,17.2,1025.2,2.6,10.0,2.0
2016-12-24 10:00:00,89.21719999999999,22.8,18.3,1025.6,2.1,50.0,2.0
2016-12-24 11:00:00,85.4164,25.0,18.9,1025.4,2.6,110.0,2.0
2016-12-24 12:00:00,85.53649999999999,26.7,18.9,1024.8,2.1,,4.0
2016-12-24 13:00:00,85.53649999999999,26.1,18.3,1024.1,2.1,90.0,6.0
2016-12-24 14:00:00,88.057,26.1,18.9,1023.6,4.6,40.0,
2016-12-24 15:00:00,88.9371,26.7,18.3,1023.2,3.1,30.0,
2016-12-24 16:00:00,90.6575,27.2,18.3,1023.0,4.1,30.0,4.0
2016-12-24 17:00:00,91.4176,26.1,18.3,1023.3,4.1,60.0,2.0
2016-12-24 18:00:00,95.3784,23.3,18.9,1023.6,4.6,70.0,2.0
2016-12-24 19:00:00,98.419,22.2,18.3,1024.2,4.1,60.0,0.0
2016-12-24 20:00:00,100.8994,21.1,18.3,1024.5,5.1,60.0,2.0
2016-12-24 21:00:00,94.2582,20.6,18.3,1024.8,4.1,50.0,2.0
2016-12-24 22:00:00,93.018,19.4,18.3,1024.9,1.5,80.0,2.0
2016-12-24 23:00:00,95.3384,19.4,18.3,1025.1,2.1,30.0,2.0
2016-12-25 00:00:00,95.5785,18.9,17.8,1024.8,2.1,350.0,2.0
2016-12-25 01:00:00,94.9384,18.9,17.8,1024.4,2.1,350.0,2.0
2016-12-25 02:00:00,96.3786,18.3,17.8,1024.4,1.5,360.0,2.0
2016-12-25 03:00:00,99.9392,18.3,17.8,1024.0,0.0,0.0,2.0
2016-12-25 04:00:00,99.6192,17.8,17.2,1023.7,0.0,0.0,2.0
2016-12-25 05:00:00,100.0993,17.8,17.2,1023.7,0.0,0.0,2.0
2016-12-25 06:00:00,95.4584,18.3,17.8,1024.0,2.1,60.0,2.0
2016-12-25 07:00:00,98.059,19.4,18.3,1024.6,2.1,70.0,4.0
2016-12-25 08:00:00,96.2985,20.0,18.9,1025.1,3.6,40.0,2.0
2016-12-25 09:00:00,90.69749999999999,22.2,20.0,1025.5,2.6,60.0,2.0
2016-12-25 10:00:00,91.9777,24.4,20.6,1026.0,2.6,70.0,2.0
2016-12-25 11:00:00,91.6577,26.1,20.0,1025.8,3.6,110.0,
2016-12-25 12:00:00,91.7777,26.7,18.9,1025.3,3.6,120.0,4.0
2016-12-25 13:00:00,91.8577,26.7,18.9,1024.4,3.6,100.0,6.0
2016-12-25 14:00:00,91.2176,27.2,18.9,1023.7,5.1,110.0,
2016-12-25 15:00:00,92.6979,26.7,18.9,1023.5,6.2,100.0,
2016-12-25 16:00:00,92.2578,27.2,18.3,1023.6,7.2,90.0,
2016-12-25 17:00:00,92.45779999999999,25.6,18.9,1024.3,5.7,80.0,
2016-12-25 18:00:00,94.37819999999999,23.9,18.3,1024.8,4.1,80.0,
2016-12-25 19:00:00,98.539,23.3,18.9,1025.4,4.1,70.0,4.0
2016-12-25 20:00:00,99.4992,21.7,18.3,1025.9,3.1,70.0,2.0
2016-12-25 21:00:00,99.9793,21.1,18.9,1026.3,3.1,60.0,0.0
2016-12-25 22:00:00,93.77810000000001,20.6,18.9,1026.9,2.6,60.0,2.0
2016-12-25 23:00:00,90.6175,20.6,18.9,1026.8,3.1,70.0,2.0
2016-12-26 00:00:00,90.5775,21.1,18.9,1026.4,4.1,80.0,4.0
2016-12-26 01:00:00,93.578,21.1,18.9,1026.1,2.6,70.0,6.0
2016-12-26 02:00:00,95.09830000000001,20.0,18.9,1026.3,2.1,60.0,2.0
2016-12-26 03:00:00,96.3386,19.4,18.3,1025.7,2.6,70.0,2.0
2016-12-26 04:00:00,98.6191,21.1,19.4,1025.4,2.1,60.0,
2016-12-26 05:00:00,93.258,20.0,18.9,1025.3,2.6,70.0,2.0
2016-12-26 06:00:00,93.8581,20.0,18.9,1025.7,2.1,60.0,0.0
2016-12-26 07:00:00,98.6591,20.0,18.3,1026.2,2.6,50.0,2.0
2016-12-26 08:00:00,94.9783,20.6,18.9,1026.8,2.6,40.0,4.0
2016-12-26 09:00:00,91.29759999999999,22.2,19.4,1027.4,2.6,60.0,4.0
2016-12-26 10:00:00,92.1777,25.0,19.4,1028.2,3.6,100.0,4.0
2016-12-26 11:00:00,91.5777,26.7,19.4,1028.2,5.1,100.0,
2016-12-26 12:00:00,91.13759999999999,26.7,17.8,1027.5,6.7,110.0,
2016-12-26 13:00:00,90.4974,26.7,17.8,1026.3,6.2,110.0,6.0
2016-12-26 14:00:00,90.4174,22.2,20.6,1025.9,4.6,160.0,
2016-12-26 15:00:00,91.7377,22.8,20.6,1025.4,1.5,160.0,
2016-12-26 16:00:00,92.9779,25.6,20.6,1025.2,2.6,70.0,
2016-12-26 17:00:00,94.1382,24.4,18.3,1025.5,5.1,110.0,
2016-12-26 18:00:00,94.4582,23.3,18.9,1025.7,3.6,100.0,
2016-12-26 19:00:00,96.5787,23.3,19.4,1026.2,1.5,90.0,8.0
2016-12-26 20:00:00,95.8985,22.8,19.4,1026.5,2.6,90.0,
2016-12-26 21:00:00,93.378,21.1,18.9,1026.7,2.6,80.0,4.0
2016-12-26 22:00:00,95.0583,20.6,18.9,1026.9,1.5,90.0,0.0
2016-12-26 23:00:00,84.05619999999999,19.4,18.3,1026.4,2.1,70.0,0.0
2016-12-27 00:00:00,93.538,19.4,18.3,1026.0,1.5,60.0,0.0
2016-12-27 01:00:00,97.3387,19.4,18.3,1025.5,1.5,60.0,2.0
2016-12-27 02:00:00,95.8186,18.9,17.8,1025.3,1.5,330.0,
2016-12-27 03:00:00,97.93889999999999,18.9,17.8,1024.9,2.1,350.0,2.0
2016-12-27 04:00:00,93.0179,18.3,17.2,1024.9,2.1,350.0,2.0
2016-12-27 05:00:00,96.05850000000001,17.2,16.7,1024.6,2.6,10.0,2.0
2016-12-27 06:00:00,97.1787,17.2,16.7,1024.7,2.1,340.0,0.0
2016-12-27 07:00:00,96.1385,17.8,17.2,1024.9,1.5,360.0,2.0
2016-12-27 08:00:00,97.17880000000001,18.3,17.8,1025.2,0.0,0.0,2.0
2016-12-27 09:00:00,90.7375,21.1,18.9,1025.2,0.0,0.0,2.0
2016-12-27 10:00:00,87.6169,24.4,20.0,1025.3,0.0,0.0,2.0
2016-12-27 11:00:00,88.5771,25.6,18.9,1025.1,1.5,130.0,4.0
2016-12-27 12:00:00,90.3375,26.1,17.8,1024.0,1.5,,4.0
2016-12-27 13:00:00,90.4575,26.7,17.8,1023.0,2.1,200.0,4.0
2016-12-27 14:00:00,90.3374,27.8,17.2,1021.9,1.5,100.0,
2016-12-27 15:00:00,91.6977,27.2,16.7,1021.5,1.5,350.0,
2016-12-27 16:00:00,92.4178,27.2,16.7,1021.2,0.0,0.0,
2016-12-27 17:00:00,94.8183,27.2,16.1,1020.8,1.5,310.0,4.0
2016-12-27 18:00:00,95.0184,24.4,19.4,1021.5,5.1,90.0,
2016-12-27 19:00:00,94.2182,22.8,19.4,1021.7,3.6,90.0,2.0
2016-12-27 20:00:00,96.8186,21.7,19.4,1022.3,2.6,80.0,2.0
2016-12-27 21:00:00,96.1385,20.6,19.4,1022.5,2.1,100.0,4.0
2016-12-27 22:00:00,85.0164,20.6,19.4,1022.2,2.6,90.0,2.0
2016-12-27 23:00:00,96.89869999999999,20.6,20.0,1022.3,0.0,0.0,
2016-12-28 00:00:00,99.01910000000001,20.6,19.4,1022.0,0.0,0.0,
2016-12-28 01:00:00,95.53840000000001,21.1,19.4,1021.6,0.0,0.0,6.0
2016-12-28 02:00:00,98.41900000000001,20.0,18.9,1021.4,0.0,0.0,4.0
2016-12-28 03:00:00,99.49929999999999,19.4,18.9,1021.3,0.0,0.0,4.0
2016-12-28 04:00:00,95.8185,19.4,18.3,1020.9,0.0,0.0,
2016-12-28 05:00:00,103.17989999999999,18.3,17.8,1020.7,0.0,0.0,2.0
2016-12-28 06:00:00,99.09909999999999,18.9,18.3,1020.9,0.0,0.0,2.0
2016-12-28 07:00:00,98.379,18.3,17.8,1021.4,0.0,0.0,4.0
2016-12-28 08:00:00,96.89869999999999,18.9,18.3,1021.9,0.0,0.0,4.0
2016-12-28 09:00:00,96.09859999999999,20.6,18.9,1022.2,1.5,360.0,4.0
2016-12-28 10:00:00,91.6977,23.3,18.9,1022.4,1.5,330.0,2.0
2016-12-28 11:00:00,91.6177,25.0,18.3,1022.2,0.0,0.0,2.0
2016-12-28 12:00:00,90.8175,26.1,17.2,1021.3,2.1,,2.0
2016-12-28 13:00:00,90.8576,27.2,16.7,1020.0,0.0,0.0,4.0
2016-12-28 14:00:00,89.4573,27.2,15.6,1019.3,3.1,,4.0
2016-12-28 15:00:00,88.577,27.8,15.0,1018.8,2.6,290.0,2.0
2016-12-28 16:00:00,90.41749999999999,27.8,15.0,1018.7,3.1,320.0,2.0
2016-12-28 17:00:00,83.4961,27.2,15.0,1018.8,3.1,350.0,2.0
2016-12-28 18:00:00,83.45609999999999,23.9,16.1,1019.1,2.1,350.0,2.0
2016-12-28 19:00:00,90.25739999999999,23.3,15.6,1019.5,2.1,360.0,0.0
2016-12-28 20:00:00,91.8977,21.7,17.2,1019.8,3.1,90.0,0.0
2016-12-28 21:00:00,97.01870000000001,20.6,18.3,1020.5,2.6,90.0,4.0
2016-12-28 22:00:00,95.01830000000001,21.1,18.3,1020.5,0.0,0.0,2.0
2016-12-28 23:00:00,92.89789999999999,19.4,17.8,1020.5,0.0,0.0,0.0
2016-12-29 00:00:00,91.6177,18.3,17.2,1020.0,0.0,0.0,0.0
2016-12-29 01:00:00,98.459,18.9,17.8,1019.5,0.0,0.0,2.0
2016-12-29 02:00:00,97.8989,18.3,17.2,1018.8,0.0,0.0,2.0
2016-12-29 03:00:00,93.05799999999999,16.7,16.7,,0.0,0.0,9.0
2016-12-29 04:00:00,93.6581,17.2,16.7,1017.7,2.1,210.0,
2016-12-29 05:00:00,96.0985,17.2,17.2,1017.4,2.1,210.0,
2016-12-29 06:00:00,96.89869999999999,17.8,17.2,1018.0,1.5,290.0,2.0
2016-12-29 07:00:00,95.93860000000001,17.8,16.1,1018.4,0.0,0.0,4.0
2016-12-29 08:00:00,94.0182,17.8,16.1,1019.3,0.0,0.0,2.0
2016-12-29 09:00:00,90.5775,20.0,16.7,1019.6,2.1,260.0,4.0
2016-12-29 10:00:00,87.4569,23.3,16.1,1019.6,3.6,250.0,2.0
2016-12-29 11:00:00,87.3368,25.0,16.7,1019.4,5.7,260.0,2.0
2016-12-29 12:00:00,91.1776,26.1,16.7,1018.2,5.1,240.0,2.0
2016-12-29 13:00:00,89.6572,26.7,16.1,1016.7,6.2,260.0,4.0
2016-12-29 14:00:00,91.17760000000001,26.7,16.1,1015.6,5.1,250.0,
2016-12-29 15:00:00,93.41810000000001,27.2,16.7,1014.7,6.2,260.0,
2016-12-29 16:00:00,92.7779,26.1,15.6,1014.8,7.2,270.0,
2016-12-29 17:00:00,92.81790000000001,25.6,15.6,1015.5,5.1,270.0,
2016-12-29 18:00:00,94.2182,23.9,16.7,1015.9,3.6,270.0,
2016-12-29 19:00:00,94.3382,23.3,17.2,1016.4,3.6,270.0,6.0
2016-12-29 20:00:00,95.1784,22.8,17.8,1016.7,4.1,260.0,
2016-12-29 21:00:00,68.1331,22.8,18.3,1017.1,5.1,280.0,
2016-12-29 22:00:00,73.8542,16.7,13.3,1018.5,5.1,360.0,
2016-12-29 23:00:00,88.4571,17.2,12.8,1019.1,5.1,330.0,
2016-12-30 00:00:00,81.73580000000001,16.7,7.8,1019.3,8.2,320.0,
2016-12-30 01:00:00,68.25319999999999,15.6,4.4,1019.7,8.2,330.0,6.0
2016-12-30 02:00:00,67.493,13.9,2.2,1020.4,10.3,340.0,
2016-12-30 03:00:00,69.57339999999999,13.3,-1.1,1021.2,7.2,340.0,
2016-12-30 04:00:00,67.9331,12.2,-2.2,1021.7,8.2,350.0,
2016-12-30 05:00:00,72.1339,11.7,-3.9,1022.2,7.7,340.0,
2016-12-30 06:00:00,73.9742,10.6,-3.9,1022.7,6.7,330.0,
2016-12-30 07:00:00,80.21549999999999,10.0,-3.9,1023.3,7.7,340.0,4.0
2016-12-30 08:00:00,76.6948,8.9,-4.4,1024.6,7.7,340.0,4.0
2016-12-30 09:00:00,69.6534,10.0,-3.9,1025.4,7.7,340.0,
2016-12-30 10:00:00,69.6135,11.1,-5.0,1025.9,7.7,350.0,
2016-12-30 11:00:00,71.9739,12.2,-5.6,1026.0,6.2,350.0,
2016-12-30 12:00:00,77.5749,13.9,-6.1,1024.8,4.6,330.0,
2016-12-30 13:00:00,80.5356,14.4,-6.1,1024.0,4.6,320.0,6.0
2016-12-30 14:00:00,62.092,14.4,-6.1,1023.5,6.2,340.0,
2016-12-30 15:00:00,69.2534,13.9,-7.2,1023.3,6.2,340.0,
2016-12-30 16:00:00,72.574,14.4,-6.7,1023.3,5.7,340.0,
2016-12-30 17:00:00,72.85409999999999,12.8,-5.0,1023.6,2.6,340.0,
2016-12-30 18:00:00,84.8164,11.1,-5.0,1023.7,2.1,330.0,
2016-12-30 19:00:00,88.8971,10.0,-2.8,1024.0,1.5,330.0,6.0
2016-12-30 20:00:00,88.8971,10.0,-2.2,1024.3,2.1,350.0,
2016-12-30 21:00:00,94.29809999999999,8.3,-0.6,1024.7,3.6,360.0,
2016-12-30 22:00:00,95.3784,8.3,-1.1,1024.8,3.1,350.0,
2016-12-30 23:00:00,95.8985,8.3,-1.1,1025.3,2.6,360.0,
2016-12-31 00:00:00,98.49889999999999,7.2,-1.1,1025.5,3.1,360.0,
2016-12-31 01:00:00,101.2596,6.1,-0.6,1025.3,3.6,350.0,6.0
2016-12-31 02:00:00,101.8997,5.6,-0.6,1025.0,3.1,10.0,2.0
2016-12-31 03:00:00,101.1795,6.1,0.0,1024.9,1.5,340.0,4.0
2016-12-31 04:00:00,103.3399,5.6,-0.6,1024.4,3.1,360.0,2.0
2016-12-31 05:00:00,104.02,6.1,0.0,1023.8,2.1,10.0,2.0
2016-12-31 06:00:00,104.5001,5.6,0.6,1024.0,2.6,360.0,2.0
2016-12-31 07:00:00,100.0993,6.1,0.6,1024.2,2.6,350.0,2.0
2016-12-31 08:00:00,86.4566,7.2,1.7,1024.6,2.6,360.0,2.0
2016-12-31 09:00:00,71.1338,11.1,1.7,1024.8,2.6,360.0,2.0
2016-12-31 10:00:00,84.1762,15.0,3.9,1025.1,2.1,350.0,2.0
2016-12-31 11:00:00,90.6575,17.8,6.7,1024.9,0.0,0.0,2.0
2016-12-31 12:00:00,82.896,20.0,9.4,1023.9,3.6,120.0,2.0
2016-12-31 13:00:00,88.457,21.7,10.6,1022.7,5.1,180.0,4.0
2016-12-31 14:00:00,84.0563,22.8,10.0,1021.7,5.7,140.0,
2016-12-31 15:00:00,91.5376,23.3,8.9,1021.0,4.1,170.0,
2016-12-31 16:00:00,91.5777,23.3,10.0,1021.1,4.1,150.0,
2016-12-31 17:00:00,77.89500000000001,22.8,10.0,1021.1,3.1,160.0,
2016-12-31 18:00:00,103.66,20.6,10.0,1021.1,0.0,0.0,
2016-12-31 19:00:00,88.017,17.8,11.7,1021.4,3.6,100.0,4.0
2016-12-31 20:00:00,70.77369999999999,17.8,12.8,1022.0,3.1,130.0,2.0
2016-12-31 21:00:00,65.49260000000001,16.1,12.8,1021.9,3.1,140.0,0.0
2016-12-31 22:00:00,65.73270000000001,17.2,13.3,1022.2,3.1,140.0,0.0
2016-12-31 23:00:00,66.3728,16.7,13.3,1022.3,2.6,130.0,2.0
2017-01-01 00:00:00,66.4928,15.6,12.8,1022.1,2.1,130.0,2.0
2017-01-01 01:00:00,67.5731,15.0,12.8,1021.7,1.5,150.0,0.0
2017-01-01 02:00:00,67.3731,15.0,13.3,1021.6,0.0,0.0,2.0
2017-01-01 03:00:00,67.73310000000001,13.3,12.2,1021.4,0.0,0.0,0.0
2017-01-01 04:00:00,67.6131,12.2,11.7,1021.4,0.0,0.0,4.0
2017-01-01 05:00:00,67.3731,13.9,12.8,1021.0,1.5,80.0,2.0
2017-01-01 06:00:00,68.6132,13.9,12.8,1021.0,0.0,0.0,0.0
2017-01-01 07:00:00,69.9735,12.2,11.1,1021.6,1.5,110.0,2.0
2017-01-01 08:00:00,74.8544,13.3,12.2,1021.9,3.1,150.0,2.0
2017-01-01 09:00:00,86.5367,17.8,15.0,1022.5,2.6,160.0,4.0
2017-01-01 10:00:00,90.3775,22.8,15.6,1023.0,4.1,150.0,4.0
2017-01-01 11:00:00,86.4966,23.9,16.1,1023.2,5.1,150.0,
2017-01-01 12:00:00,83.61619999999999,25.6,16.7,1022.6,4.6,170.0,
2017-01-01 13:00:00,84.49629999999999,25.6,16.1,1021.6,5.1,150.0,6.0
2017-01-01 14:00:00,86.0566,26.7,15.6,1020.5,4.6,160.0,4.0
2017-01-01 15:00:00,87.777,27.2,16.1,1020.1,4.6,150.0,4.0
2017-01-01 16:00:00,87.2168,26.7,16.1,1020.1,3.6,170.0,4.0
2017-01-01 17:00:00,90.2174,26.1,16.1,1020.4,2.6,170.0,4.0
2017-01-01 18:00:00,91.93780000000001,23.3,15.6,1020.6,1.5,160.0,4.0
2017-01-01 19:00:00,82.2959,21.7,17.2,1021.1,3.6,110.0,4.0
2017-01-01 20:00:00,89.4973,21.1,17.2,1021.8,3.1,110.0,4.0
2017-01-01 21:00:00,89.2172,20.6,17.2,1022.2,3.6,120.0,2.0
2017-01-01 22:00:00,88.9772,20.6,17.2,1022.4,3.6,120.0,0.0
2017-01-01 23:00:00,93.178,19.4,17.2,1022.6,2.6,130.0,0.0
2017-01-02 00:00:00,91.2176,18.9,17.2,1022.5,2.1,120.0,0.0
2017-01-02 01:00:00,95.33840000000001,17.8,17.2,1022.4,1.5,160.0,2.0
2017-01-02 02:00:00,95.2184,17.2,16.7,1022.3,0.0,0.0,2.0
2017-01-02 03:00:00,96.2986,17.2,16.1,1022.2,0.0,0.0,0.0
2017-01-02 04:00:00,98.13889999999999,16.1,15.0,1022.0,0.0,0.0,0.0
2017-01-02 05:00:00,98.21889999999999,15.6,15.0,1021.7,0.0,0.0,0.0
2017-01-02 06:00:00,97.33879999999999,16.1,15.6,1022.3,1.5,80.0,4.0
2017-01-02 07:00:00,97.5789,15.0,15.0,1022.4,0.0,0.0,2.0
2017-01-02 08:00:00,89.2572,16.7,16.1,1022.8,0.0,0.0,2.0
2017-01-02 09:00:00,94.4582,20.6,19.4,1022.9,2.1,140.0,2.0
2017-01-02 10:00:00,90.7375,24.4,20.6,1023.4,4.1,160.0,4.0
2017-01-02 11:00:00,92.0178,25.6,20.6,1023.5,4.1,180.0,
2017-01-02 12:00:00,92.4178,27.2,20.0,1021.7,7.2,180.0,4.0
2017-01-02 13:00:00,92.81790000000001,27.2,19.4,1020.4,5.1,170.0,6.0
2017-01-02 14:00:00,92.6579,28.3,18.9,1019.4,5.7,180.0,
2017-01-02 15:00:00,99.25909999999999,28.3,18.9,1018.5,4.1,150.0,4.0
2017-01-02 16:00:00,98.7791,28.9,18.9,1018.3,3.6,130.0,4.0
2017-01-02 17:00:00,95.29830000000001,28.3,18.9,1018.3,3.6,180.0,2.0
2017-01-02 18:00:00,95.5384,25.6,18.3,1018.8,1.5,170.0,2.0
2017-01-02 19:00:00,94.9383,24.4,20.6,1018.3,3.1,110.0,2.0
2017-01-02 20:00:00,93.85810000000001,23.3,20.6,1018.8,3.1,120.0,
2017-01-02 21:00:00,94.97829999999999,22.2,20.6,1019.1,2.6,130.0,
2017-01-02 22:00:00,94.8583,22.2,19.4,1018.9,4.1,160.0,
2017-01-02 23:00:00,94.8983,22.2,19.4,1018.9,4.6,170.0,
2017-01-03 00:00:00,97.8189,21.1,18.9,1019.4,2.6,210.0,
2017-01-03 01:00:00,98.81899999999999,21.1,19.4,1018.7,3.1,180.0,6.0
2017-01-03 02:00:00,99.3392,20.6,19.4,1018.1,3.6,160.0,2.0
2017-01-03 03:00:00,100.6994,20.0,18.9,1017.7,2.6,190.0,
2017-01-03 04:00:00,99.9793,21.7,20.6,1016.8,5.1,180.0,
2017-01-03 05:00:00,98.0189,22.2,20.6,1016.9,6.2,180.0,
2017-01-03 06:00:00,96.2986,22.2,21.1,1016.8,5.1,180.0,
2017-01-03 07:00:00,92.1378,22.2,21.1,1016.7,5.1,200.0,8.0
2017-01-03 08:00:00,76.2947,22.2,21.1,1016.8,3.6,200.0,
2017-01-03 09:00:00,99.7792,22.8,21.1,1017.3,5.1,190.0,
2017-01-03 10:00:00,91.5777,23.9,21.1,1017.5,5.1,200.0,
2017-01-03 11:00:00,90.9776,25.6,20.6,1017.0,6.7,200.0,
2017-01-03 12:00:00,92.37780000000001,27.8,20.6,1015.6,5.7,220.0,
2017-01-03 13:00:00,92.89789999999999,27.8,19.4,1014.7,7.2,220.0,6.0
2017-01-03 14:00:00,92.6579,27.8,18.9,1013.4,6.7,240.0,
2017-01-03 15:00:00,94.21809999999999,28.9,18.9,1013.1,4.6,240.0,
2017-01-03 16:00:00,93.5781,28.3,18.9,1013.3,5.7,240.0,
2017-01-03 17:00:00,95.2584,27.8,18.3,1013.2,5.7,230.0,
2017-01-03 18:00:00,96.2986,26.1,18.9,1013.4,3.6,220.0,
2017-01-03 19:00:00,95.41839999999999,25.6,19.4,1013.9,3.1,230.0,6.0
2017-01-03 20:00:00,94.37819999999999,25.0,20.0,1013.7,3.6,220.0,
2017-01-03 21:00:00,94.13820000000001,23.9,20.6,1013.6,3.1,240.0,
2017-01-03 22:00:00,93.018,23.3,20.6,1013.2,4.6,220.0,
2017-01-03 23:00:00,92.89789999999999,22.8,20.6,1013.2,3.1,230.0,
2017-01-04 00:00:00,93.49799999999999,22.8,21.1,1012.9,4.1,220.0,
2017-01-04 01:00:00,93.9781,21.7,20.0,1012.0,4.1,210.0,6.0
2017-01-04 02:00:00,94.81819999999999,21.7,20.6,1011.9,4.1,210.0,
2017-01-04 03:00:00,94.8983,21.7,20.0,1012.1,5.1,240.0,
2017-01-04 04:00:00,94.97830000000002,21.1,20.6,1011.5,3.1,200.0,
2017-01-04 05:00:00,96.6586,20.6,19.4,1011.3,2.1,230.0,
2017-01-04 06:00:00,96.21860000000001,21.1,20.6,1011.7,2.6,220.0,
2017-01-04 07:00:00,96.1785,21.1,20.6,1011.9,1.5,230.0,8.0
2017-01-04 08:00:00,95.3784,20.6,20.0,1011.9,0.0,0.0,
2017-01-04 09:00:00,99.0591,21.7,20.6,1012.1,2.6,,
2017-01-04 10:00:00,105.3003,22.8,21.1,1012.3,3.6,240.0,
2017-01-04 11:00:00,88.21709999999999,22.2,18.3,1012.6,5.1,300.0,
2017-01-04 12:00:00,78.6552,22.8,16.1,1012.1,4.6,270.0,
2017-01-04 13:00:00,75.4546,23.9,15.0,1010.9,4.6,280.0,6.0
2017-01-04 14:00:00,78.2551,25.0,14.4,1009.9,6.2,300.0,
2017-01-04 15:00:00,77.3349,25.6,10.0,1009.8,6.7,280.0,
2017-01-04 16:00:00,80.9757,25.0,8.3,1009.7,6.7,270.0,
2017-01-04 17:00:00,83.5361,23.3,6.7,1009.9,5.1,280.0,
2017-01-04 18:00:00,84.17630000000001,21.1,6.7,1010.9,4.1,290.0,
2017-01-04 19:00:00,78.8953,19.4,8.9,1011.4,3.1,280.0,4.0
2017-01-04 20:00:00,84.4963,18.9,10.6,1011.9,4.1,280.0,4.0
2017-01-04 21:00:00,89.1372,17.8,11.1,1012.2,3.6,280.0,
2017-01-04 22:00:00,94.9783,17.2,11.7,1012.3,3.1,290.0,
2017-01-04 23:00:00,91.8977,16.7,11.7,1012.3,2.6,300.0,
2017-01-05 00:00:00,86.2967,15.6,11.7,1012.6,3.1,310.0,
2017-01-05 01:00:00,85.57650000000001,15.0,12.2,1012.7,2.6,320.0,8.0
2017-01-05 02:00:00,86.0566,15.0,12.8,1012.3,2.6,340.0,
2017-01-05 03:00:00,86.9768,16.1,12.8,1012.5,3.1,350.0,
2017-01-05 04:00:00,86.33659999999999,16.1,12.8,1012.6,2.6,350.0,
2017-01-05 05:00:00,77.17490000000001,15.6,12.2,1012.4,2.1,350.0,
2017-01-05 06:00:00,64.33239999999999,14.4,12.2,1012.6,2.1,330.0,4.0
2017-01-05 07:00:00,64.2124,15.0,12.2,1013.3,0.0,0.0,4.0
2017-01-05 08:00:00,73.6142,14.4,12.2,1013.7,0.0,0.0,2.0
2017-01-05 09:00:00,86.2966,16.7,12.8,1014.3,0.0,0.0,4.0
2017-01-05 10:00:00,81.4157,18.3,13.9,1014.5,1.5,,
2017-01-05 11:00:00,81.2557,20.6,13.3,1014.6,1.5,,4.0
2017-01-05 12:00:00,79.7354,22.2,12.8,1013.4,5.1,230.0,4.0
2017-01-05 13:00:00,80.4955,23.3,12.8,1012.5,5.7,240.0,4.0
2017-01-05 14:00:00,76.8548,22.2,12.2,1011.8,4.1,270.0,4.0
2017-01-05 15:00:00,92.5778,23.3,12.2,1011.6,3.1,260.0,4.0
2017-01-05 16:00:00,81.3757,23.3,11.7,1011.7,3.1,270.0,2.0
2017-01-05 17:00:00,84.1362,22.8,11.7,1011.9,4.1,250.0,2.0
2017-01-05 18:00:00,87.5769,21.1,11.7,1012.5,3.1,260.0,2.0
2017-01-05 19:00:00,95.57849999999999,20.6,11.7,1013.0,1.5,220.0,0.0
2017-01-05 20:00:00,87.29690000000001,18.3,12.2,1013.8,2.6,270.0,2.0
2017-01-05 21:00:00,94.6183,18.3,11.7,1014.4,3.1,300.0,4.0
2017-01-05 22:00:00,86.0966,17.2,11.7,1014.6,3.1,310.0,4.0
2017-01-05 23:00:00,63.2922,16.1,11.7,1015.0,1.5,310.0,2.0
2017-01-06 00:00:00,65.5326,16.1,11.7,1015.1,0.0,0.0,0.0
2017-01-06 01:00:00,65.8527,14.4,11.7,1014.8,0.0,0.0,0.0
2017-01-06 02:00:00,69.0534,12.2,10.6,1014.7,1.5,300.0,2.0
2017-01-06 03:00:00,71.9739,11.7,10.6,1014.7,0.0,0.0,2.0
2017-01-06 04:00:00,72.454,11.7,10.6,1014.7,0.0,0.0,2.0
2017-01-06 05:00:00,73.3741,10.0,9.4,1014.8,1.5,180.0,
2017-01-06 06:00:00,73.4941,9.4,8.9,1015.1,2.1,170.0,
2017-01-06 07:00:00,75.3745,11.7,11.1,1015.7,0.0,0.0,6.0
2017-01-06 08:00:00,69.8935,12.8,12.2,1016.0,0.0,0.0,
2017-01-06 09:00:00,80.3355,15.6,14.4,1016.5,0.0,0.0,4.0
2017-01-06 10:00:00,82.576,18.3,14.4,1017.0,2.6,160.0,2.0
2017-01-06 11:00:00,84.3363,20.6,13.9,1017.0,1.5,230.0,2.0
2017-01-06 12:00:00,80.7755,22.8,14.4,1016.5,4.1,180.0,2.0
2017-01-06 13:00:00,77.535,23.9,14.4,1015.2,3.1,160.0,2.0
2017-01-06 14:00:00,77.455,24.4,13.9,1014.3,4.1,160.0,2.0
2017-01-06 15:00:00,76.5748,26.1,10.6,1014.0,5.1,200.0,4.0
2017-01-06 16:00:00,78.2551,25.6,11.7,1013.7,4.6,150.0,2.0
2017-01-06 17:00:00,83.3761,24.4,12.8,1014.1,3.1,160.0,
2017-01-06 18:00:00,88.8972,22.2,13.3,1014.2,2.1,150.0,
2017-01-06 19:00:00,86.0966,22.2,13.3,1013.9,2.1,140.0,8.0
2017-01-06 20:00:00,89.6973,21.1,12.8,1014.5,3.6,150.0,
2017-01-06 21:00:00,87.3369,21.1,14.4,1014.9,4.1,160.0,
2017-01-06 22:00:00,91.6977,21.1,15.0,1014.7,3.1,180.0,
2017-01-06 23:00:00,89.4973,19.4,17.2,1015.2,0.0,0.0,
2017-01-07 00:00:00,92.5379,18.9,17.2,1014.3,0.0,0.0,
2017-01-07 01:00:00,90.8175,18.3,16.7,1013.4,2.6,100.0,8.0
2017-01-07 02:00:00,94.3381,17.8,16.7,1013.2,1.5,170.0,
2017-01-07 03:00:00,90.5375,18.3,17.8,1013.0,2.1,200.0,
2017-01-07 04:00:00,92.77789999999999,20.6,19.4,1012.5,6.2,190.0,
2017-01-07 05:00:00,96.0985,21.7,20.6,1012.2,6.2,190.0,
2017-01-07 06:00:00,96.9787,22.2,20.6,1012.2,6.7,210.0,
2017-01-07 07:00:00,98.619,22.8,19.4,1013.2,7.2,210.0,6.0
2017-01-07 08:00:00,98.9391,22.2,18.9,1013.4,5.1,210.0,
2017-01-07 09:00:00,103.34,20.0,18.9,1015.9,4.1,270.0,
2017-01-07 10:00:00,102.0197,20.0,17.8,1016.3,5.1,280.0,
2017-01-07 11:00:00,91.8578,18.9,16.7,1017.1,5.7,280.0,
2017-01-07 12:00:00,91.4177,17.8,16.1,1017.2,7.2,270.0,
2017-01-07 13:00:00,69.2934,14.4,12.8,1017.8,7.7,320.0,8.0
2017-01-07 14:00:00,67.9731,12.2,11.1,1018.0,5.7,320.0,
2017-01-07 15:00:00,71.6139,11.1,9.4,1019.3,7.7,330.0,
2017-01-07 16:00:00,72.73400000000001,10.6,7.2,1020.3,8.2,340.0,
2017-01-07 17:00:00,74.7344,10.0,6.1,1021.4,8.8,350.0,
2017-01-07 18:00:00,79.53540000000001,9.4,3.9,1022.7,9.8,350.0,
2017-01-07 19:00:00,83.336,7.8,2.2,1024.3,11.3,350.0,6.0
2017-01-07 20:00:00,84.6563,7.2,2.2,1025.9,7.2,350.0,
2017-01-07 21:00:00,86.7767,6.7,1.1,1026.4,8.8,340.0,
2017-01-07 22:00:00,86.3766,6.7,1.1,1027.4,9.8,340.0,
2017-01-07 23:00:00,86.5367,6.1,1.1,1028.1,7.7,340.0,
2017-01-08 00:00:00,88.297,6.1,0.6,1028.8,6.2,340.0,
2017-01-08 01:00:00,89.4573,5.6,0.0,1029.0,8.8,340.0,6.0
2017-01-08 02:00:00,91.0176,5.6,0.0,1029.4,7.2,350.0,
2017-01-08 03:00:00,94.3382,5.0,0.0,1029.4,7.2,340.0,
2017-01-08 04:00:00,96.65870000000001,4.4,0.0,1029.9,6.7,340.0,4.0
2017-01-08 05:00:00,100.7795,3.9,-1.1,1030.2,9.3,340.0,2.0
2017-01-08 06:00:00,104.14009999999999,2.2,-1.1,1031.7,6.7,320.0,0.0
2017-01-08 07:00:00,105.7404,2.2,-0.6,1032.6,6.2,340.0,2.0
2017-01-08 08:00:00,102.1797,2.2,-0.6,1033.7,7.2,340.0,2.0
2017-01-08 09:00:00,89.7373,4.4,0.0,1034.0,7.2,340.0,0.0
2017-01-08 10:00:00,79.8154,6.7,1.1,1034.7,6.2,350.0,0.0
2017-01-08 11:00:00,72.414,8.9,1.7,1034.9,7.7,350.0,2.0
2017-01-08 12:00:00,67.69300000000001,10.0,2.2,1034.1,7.2,10.0,2.0
2017-01-08 13:00:00,66.4528,11.7,1.7,1033.1,7.7,10.0,2.0
2017-01-08 14:00:00,66.9729,12.8,1.7,1032.6,7.7,20.0,4.0
2017-01-08 15:00:00,69.7735,11.1,1.1,1032.8,8.2,20.0,4.0
2017-01-08 16:00:00,72.8541,10.0,0.6,1033.4,8.8,10.0,4.0
2017-01-08 17:00:00,77.655,10.0,0.6,1033.7,8.2,20.0,2.0
2017-01-08 18:00:00,84.8164,8.3,0.0,1034.0,7.2,30.0,2.0
2017-01-08 19:00:00,86.65679999999999,7.2,0.6,1034.8,7.2,350.0,0.0
2017-01-08 20:00:00,89.9374,6.7,0.6,1035.5,6.7,350.0,0.0
2017-01-08 21:00:00,93.25789999999999,5.6,0.0,1035.7,5.7,350.0,0.0
2017-01-08 22:00:00,94.9783,5.6,0.6,1035.5,5.1,360.0,0.0
2017-01-08 23:00:00,94.8183,5.0,0.6,1035.7,5.1,360.0,0.0
2017-01-09 00:00:00,95.1784,5.0,0.6,1034.9,5.7,350.0,0.0
2017-01-09 01:00:00,94.1782,5.0,0.6,1034.3,5.1,360.0,0.0
2017-01-09 02:00:00,94.9784,5.0,0.6,1033.8,3.6,360.0,0.0
2017-01-09 03:00:00,93.6581,5.6,1.1,1033.8,4.6,350.0,0.0
2017-01-09 04:00:00,93.53800000000001,5.6,1.7,1033.6,4.1,360.0,0.0
2017-01-09 05:00:00,92.6979,5.6,1.7,1033.7,4.1,350.0,0.0
2017-01-09 06:00:00,92.1378,5.6,2.2,1034.0,3.6,350.0,0.0
2017-01-09 07:00:00,93.53800000000001,5.6,2.2,1034.8,3.6,350.0,2.0
2017-01-09 08:00:00,86.4966,6.7,3.3,1035.4,4.1,350.0,2.0
2017-01-09 09:00:00,71.1337,10.6,5.0,1035.9,5.1,10.0,2.0
2017-01-09 10:00:00,80.05539999999999,13.3,6.7,1036.3,7.2,10.0,2.0
2017-01-09 11:00:00,93.21799999999999,16.1,7.2,1035.9,5.7,40.0,2.0
2017-01-09 12:00:00,93.65809999999999,17.8,7.2,1034.8,5.7,60.0,2.0
2017-01-09 13:00:00,91.33760000000001,18.3,5.6,1033.6,4.6,40.0,4.0
2017-01-09 14:00:00,90.9376,17.8,4.4,1032.7,5.7,60.0,4.0
2017-01-09 15:00:00,88.4971,18.9,5.6,1032.2,1.5,40.0,4.0
2017-01-09 16:00:00,91.5777,17.2,4.4,1032.3,3.6,70.0,4.0
2017-01-09 17:00:00,87.4169,17.2,4.4,1032.1,4.1,60.0,2.0
2017-01-09 18:00:00,69.6935,14.4,5.0,1032.5,4.1,70.0,2.0
2017-01-09 19:00:00,67.893,13.9,7.8,1033.3,5.7,30.0,0.0
2017-01-09 20:00:00,68.9332,12.8,8.3,1033.8,5.1,20.0,0.0
2017-01-09 21:00:00,72.894,11.7,8.3,1033.8,5.7,20.0,0.0
2017-01-09 22:00:00,74.81450000000001,10.6,8.3,1033.4,3.1,10.0,0.0
2017-01-09 23:00:00,74.7744,10.0,8.3,1033.2,3.1,340.0,0.0
2017-01-10 00:00:00,75.29450000000001,10.0,8.3,1033.1,4.6,350.0,2.0
2017-01-10 01:00:00,76.41470000000001,10.0,8.3,1032.5,3.6,350.0,2.0
2017-01-10 02:00:00,76.01460000000002,9.4,7.8,1032.1,2.1,340.0,2.0
2017-01-10 03:00:00,72.414,9.4,7.8,1031.4,3.1,360.0,2.0
2017-01-10 04:00:00,73.8942,8.9,7.2,1030.7,3.1,350.0,2.0
2017-01-10 05:00:00,76.09460000000001,8.3,7.8,1030.5,2.1,350.0,2.0
2017-01-10 06:00:00,75.0545,10.0,8.3,1030.3,2.1,340.0,
2017-01-10 07:00:00,74.45439999999999,10.6,9.4,1030.6,2.1,350.0,6.0
2017-01-10 08:00:00,71.9339,11.1,9.4,1031.0,4.1,360.0,4.0
2017-01-10 09:00:00,77.695,14.4,11.1,1031.5,5.1,10.0,4.0
2017-01-10 10:00:00,92.17779999999999,17.2,11.1,1032.1,3.6,30.0,2.0
2017-01-10 11:00:00,91.2576,20.0,10.6,1031.8,4.1,10.0,2.0
2017-01-10 12:00:00,88.6171,21.1,10.0,1030.9,4.1,70.0,4.0
2017-01-10 13:00:00,84.1762,21.7,10.0,1029.3,4.1,80.0,4.0
2017-01-10 14:00:00,86.1767,20.6,11.1,1028.5,5.7,110.0,
2017-01-10 15:00:00,84.85640000000001,19.4,12.2,1028.3,4.6,90.0,
2017-01-10 16:00:00,87.6969,19.4,12.8,1028.2,2.1,120.0,
2017-01-10 17:00:00,92.9379,18.3,13.9,1028.5,2.1,140.0,
2017-01-10 18:00:00,94.0181,17.8,13.3,1028.7,0.0,0.0,
2017-01-10 19:00:00,91.7377,17.8,12.8,1028.5,0.0,0.0,6.0
2017-01-10 20:00:00,69.21340000000001,16.1,12.8,1028.8,2.6,110.0,
2017-01-10 21:00:00,65.4126,16.7,12.8,1028.9,0.0,0.0,
2017-01-10 22:00:00,67.493,16.1,12.8,1029.2,3.1,40.0,
2017-01-10 23:00:00,65.6127,15.6,13.3,1029.4,2.1,20.0,
2017-01-11 00:00:00,66.4529,14.4,12.8,1029.5,2.6,340.0,
2017-01-11 01:00:00,66.5329,14.4,12.8,1029.2,2.1,350.0,6.0
2017-01-11 02:00:00,66.33279999999999,15.0,13.3,1029.0,2.6,60.0,
2017-01-11 03:00:00,67.133,14.4,12.8,1028.7,1.5,30.0,
2017-01-11 04:00:00,66.8929,13.9,12.8,1028.1,1.5,120.0,
2017-01-11 05:00:00,64.9726,13.3,12.8,1027.3,0.0,0.0,
2017-01-11 06:00:00,67.2929,12.2,11.7,1027.5,2.1,60.0,
2017-01-11 07:00:00,68.8532,12.8,11.7,1028.0,1.5,360.0,4.0
2017-01-11 08:00:00,75.8946,12.2,11.7,1028.6,0.0,0.0,
2017-01-11 09:00:00,92.8179,16.7,14.4,1028.7,1.5,30.0,
2017-01-11 10:00:00,92.5779,20.0,13.3,1028.9,1.5,30.0,
2017-01-11 11:00:00,88.17699999999999,21.7,13.3,1028.8,2.6,30.0,
2017-01-11 12:00:00,85.13640000000001,22.8,13.3,1028.0,2.6,90.0,
2017-01-11 13:00:00,85.53649999999999,22.2,12.8,1027.0,2.1,,6.0
2017-01-11 14:00:00,84.7363,23.3,12.8,1026.5,5.1,140.0,
2017-01-11 15:00:00,85.5765,23.3,12.2,1026.2,3.6,110.0,
2017-01-11 16:00:00,87.01679999999999,22.8,12.2,1025.9,6.2,60.0,
2017-01-11 17:00:00,87.777,22.2,12.8,1025.9,3.6,80.0,
2017-01-11 18:00:00,92.7379,20.6,12.8,1026.2,5.1,70.0,4.0
2017-01-11 19:00:00,93.258,19.4,13.9,1026.4,4.1,60.0,6.0
2017-01-11 20:00:00,97.01870000000001,18.3,13.9,1026.8,2.6,80.0,4.0
2017-01-11 21:00:00,72.4941,18.3,14.4,1026.9,3.1,80.0,
2017-01-11 22:00:00,69.29339999999999,18.3,14.4,1027.3,2.1,60.0,
2017-01-11 23:00:00,66.17269999999999,16.7,13.9,1027.0,2.6,70.0,2.0
2017-01-12 00:00:00,68.85329999999999,16.1,13.3,1026.8,0.0,0.0,2.0
2017-01-12 01:00:00,66.7328,16.7,13.9,1026.7,0.0,0.0,6.0
2017-01-12 02:00:00,65.8527,16.7,13.9,1026.7,0.0,0.0,
2017-01-12 03:00:00,66.9729,16.7,13.9,1026.6,1.5,60.0,
2017-01-12 04:00:00,84.3763,16.7,14.4,1026.5,1.5,40.0,
2017-01-12 05:00:00,86.1766,16.7,13.9,1026.2,1.5,20.0,4.0
2017-01-12 06:00:00,67.9731,15.0,13.3,1026.3,0.0,0.0,2.0
2017-01-12 07:00:00,68.17320000000001,15.6,13.3,1026.7,0.0,0.0,0.0
2017-01-12 08:00:00,74.3343,16.1,14.4,1027.5,1.5,60.0,2.0
2017-01-12 09:00:00,94.4182,19.4,15.6,1028.2,2.1,80.0,2.0
2017-01-12 10:00:00,90.2574,22.2,14.4,1028.7,2.6,90.0,2.0
2017-01-12 11:00:00,79.8954,23.9,13.9,1028.9,3.6,80.0,2.0
2017-01-12 12:00:00,80.2555,23.9,14.4,1028.4,3.6,100.0,4.0
2017-01-12 13:00:00,81.8558,26.0,14.0,1027.4,4.6,130.0,4.0
2017-01-12 14:00:00,81.2957,25.0,15.6,1027.0,4.6,120.0,
2017-01-12 15:00:00,80.4955,25.6,15.6,1026.6,6.7,110.0,
2017-01-12 16:00:00,90.8575,24.4,15.6,1026.8,6.2,100.0,
2017-01-12 17:00:00,86.8568,22.8,17.2,1027.0,3.6,70.0,
2017-01-12 18:00:00,90.6975,21.7,16.7,1027.2,5.1,50.0,
2017-01-12 19:00:00,93.738,20.0,16.7,1027.7,4.1,60.0,2.0
2017-01-12 20:00:00,93.85810000000001,18.9,16.1,1028.2,3.1,80.0,2.0
2017-01-12 21:00:00,95.5384,18.3,16.1,1028.4,2.6,90.0,2.0
2017-01-12 22:00:00,97.4988,17.8,15.6,1028.7,2.1,90.0,2.0
2017-01-12 23:00:00,93.1379,17.8,15.6,1028.5,2.6,50.0,4.0
2017-01-13 00:00:00,96.5386,17.8,15.6,1028.4,1.5,30.0,
2017-01-13 01:00:00,97.4189,17.2,15.6,1028.1,2.6,350.0,2.0
2017-01-13 02:00:00,96.73870000000001,18.3,16.7,1028.2,1.5,360.0,
2017-01-13 03:00:00,99.6592,17.2,16.1,1028.1,1.5,360.0,2.0
2017-01-13 04:00:00,98.619,16.1,15.6,1028.2,1.5,360.0,2.0
2017-01-13 05:00:00,99.81920000000001,16.1,15.6,1028.3,2.1,360.0,2.0
2017-01-13 06:00:00,98.1789,16.1,15.0,1028.6,2.6,350.0,2.0
2017-01-13 07:00:00,80.9356,16.7,15.6,1029.0,1.5,350.0,2.0
2017-01-13 08:00:00,100.3394,17.2,16.1,1029.7,2.1,360.0,4.0
2017-01-13 09:00:00,93.418,20.6,17.8,1030.2,3.6,30.0,4.0
2017-01-13 10:00:00,107.3007,20.6,17.8,1031.1,2.6,70.0,
2017-01-13 11:00:00,85.5765,22.8,17.8,1031.0,4.1,70.0,
2017-01-13 12:00:00,85.09639999999999,23.9,16.7,1030.2,4.6,40.0,
2017-01-13 13:00:00,83.05600000000001,20.6,18.9,1029.8,2.6,80.0,8.0
2017-01-13 14:00:00,87.93690000000001,22.8,18.9,1028.7,3.6,120.0,
2017-01-13 15:00:00,95.5784,22.8,18.3,1028.7,4.6,110.0,
2017-01-13 16:00:00,88.057,22.2,18.3,1028.8,4.6,120.0,
2017-01-13 17:00:00,90.8176,21.1,18.9,1029.3,4.6,50.0,
2017-01-13 18:00:00,93.6181,21.1,18.3,1029.6,5.1,90.0,
2017-01-13 19:00:00,92.0578,20.6,17.8,1029.9,2.1,80.0,6.0
2017-01-13 20:00:00,96.61859999999999,19.4,17.8,1030.2,2.1,10.0,
2017-01-13 21:00:00,95.45840000000001,19.4,17.8,1030.5,3.1,20.0,
2017-01-13 22:00:00,94.7783,19.4,17.8,,4.6,30.0,
2017-01-13 23:00:00,96.7787,17.8,17.2,1030.6,2.6,340.0,4.0
2017-01-14 00:00:00,93.7781,18.3,17.2,1030.2,3.1,20.0,
2017-01-14 01:00:00,96.21860000000001,17.2,16.7,1029.6,0.0,0.0,6.0
2017-01-14 02:00:00,93.09800000000001,17.2,16.1,1029.5,1.5,20.0,
2017-01-14 03:00:00,98.6191,18.3,17.2,1029.2,3.6,30.0,
2017-01-14 04:00:00,97.0188,17.8,17.2,1028.9,2.1,20.0,
2017-01-14 05:00:00,97.2987,17.2,16.7,1028.6,2.6,360.0,
2017-01-14 06:00:00,98.93910000000001,16.7,16.1,1028.7,2.6,360.0,
2017-01-14 07:00:00,97.17869999999999,16.1,15.6,1029.0,2.1,350.0,9.0
2017-01-14 08:00:00,97.8989,16.1,15.6,1029.4,1.5,350.0,4.0
2017-01-14 09:00:00,96.2586,17.8,16.7,1030.0,2.1,350.0,
2017-01-14 10:00:00,92.8579,20.0,17.2,1030.5,3.1,50.0,
2017-01-14 11:00:00,88.097,21.7,17.2,1030.2,3.1,50.0,
2017-01-14 12:00:00,85.7365,21.1,17.8,1029.7,2.6,100.0,
2017-01-14 13:00:00,87.2168,22.2,16.7,1028.3,6.7,60.0,6.0
2017-01-14 14:00:00,81.2957,25.0,15.6,1027.2,1.5,,
2017-01-14 15:00:00,86.7767,25.0,14.4,1027.0,5.1,100.0,
2017-01-14 16:00:00,84.5763,23.3,16.7,1026.8,7.7,50.0,
2017-01-14 17:00:00,89.81739999999999,22.8,15.6,1026.7,5.1,50.0,
2017-01-14 18:00:00,86.1367,22.2,14.4,1026.7,3.6,60.0,
2017-01-14 19:00:00,95.7385,20.6,15.0,1027.2,3.1,60.0,2.0
2017-01-14 20:00:00,96.2586,19.4,15.0,1027.8,4.1,40.0,2.0
2017-01-14 21:00:00,97.0188,18.9,15.0,1027.9,4.1,40.0,4.0
2017-01-14 22:00:00,97.69879999999999,17.8,15.0,1028.0,2.6,30.0,2.0
2017-01-14 23:00:00,94.4982,18.3,16.1,1027.9,3.1,40.0,
2017-01-15 00:00:00,90.8175,18.3,16.7,1027.1,3.6,10.0,
2017-01-15 01:00:00,89.73740000000001,18.9,16.7,1026.5,3.1,30.0,6.0
2017-01-15 02:00:00,97.0587,18.3,16.7,1026.1,3.6,40.0,
2017-01-15 03:00:00,95.61850000000001,17.2,16.1,1025.9,2.1,30.0,
2017-01-15 04:00:00,76.9749,16.7,15.6,1025.8,0.0,0.0,4.0
2017-01-15 05:00:00,79.0553,16.1,15.0,1025.6,2.1,360.0,2.0
2017-01-15 06:00:00,94.5383,16.1,15.0,1025.7,1.5,340.0,2.0
2017-01-15 07:00:00,98.459,15.0,13.9,1025.7,2.1,350.0,4.0
2017-01-15 08:00:00,96.4586,16.7,15.0,1026.0,2.1,20.0,4.0
2017-01-15 09:00:00,91.2176,18.9,16.7,1026.5,2.6,10.0,
2017-01-15 10:00:00,86.0966,21.7,16.7,1026.8,2.6,60.0,4.0
2017-01-15 11:00:00,80.2954,24.4,15.6,1026.5,3.1,60.0,4.0
2017-01-15 12:00:00,80.1354,24.4,13.3,1025.7,1.5,,4.0
2017-01-15 13:00:00,77.2149,25.6,10.6,1024.2,0.0,0.0,4.0
2017-01-15 14:00:00,76.5348,25.6,12.2,1023.4,3.1,120.0,
2017-01-15 15:00:00,78.135,25.0,11.7,1023.0,2.6,120.0,
2017-01-15 16:00:00,80.1354,25.0,11.1,1022.7,4.1,80.0,
2017-01-15 17:00:00,83.6161,23.9,11.7,1023.1,5.7,80.0,
2017-01-15 18:00:00,86.9768,22.2,13.3,1023.6,4.6,70.0,
2017-01-15 19:00:00,78.7753,20.6,13.9,1023.7,3.6,80.0,6.0
2017-01-15 20:00:00,77.25489999999999,19.4,14.4,1024.2,3.6,70.0,
2017-01-15 21:00:00,92.0978,18.9,15.0,1024.5,3.1,60.0,
2017-01-15 22:00:00,96.9387,17.8,15.6,1024.8,2.6,70.0,
2017-01-15 23:00:00,88.417,17.2,15.0,1024.8,2.1,80.0,
2017-01-16 00:00:00,66.6529,16.1,13.9,1024.4,2.1,80.0,4.0
2017-01-16 01:00:00,67.053,15.6,13.9,1023.8,2.1,80.0,2.0
2017-01-16 02:00:00,67.373,15.6,13.9,1024.0,0.0,0.0,
2017-01-16 03:00:00,67.5331,15.6,13.3,1023.5,2.1,60.0,
2017-01-16 04:00:00,66.5728,16.1,13.9,1023.3,1.5,70.0,
2017-01-16 05:00:00,66.9729,15.0,13.3,1023.0,1.5,110.0,
2017-01-16 06:00:00,64.6125,15.6,13.3,1023.5,0.0,0.0,
2017-01-16 07:00:00,65.3326,16.7,13.3,1024.1,0.0,0.0,6.0
2017-01-16 08:00:00,69.4934,16.7,13.9,1024.7,1.5,60.0,
2017-01-16 09:00:00,88.5771,18.9,15.6,1024.9,2.6,80.0,4.0
2017-01-16 10:00:00,92.2978,22.8,15.6,1026.0,3.6,100.0,2.0
2017-01-16 11:00:00,84.3362,25.0,15.0,1026.1,4.1,100.0,4.0
2017-01-16 12:00:00,77.855,25.6,13.9,1025.6,3.6,120.0,4.0
2017-01-16 13:00:00,76.4947,26.1,13.9,1024.3,4.1,110.0,4.0
2017-01-16 14:00:00,79.6554,25.0,12.8,1023.8,3.1,150.0,4.0
2017-01-16 15:00:00,76.4148,26.7,12.2,1023.3,3.1,80.0,4.0
2017-01-16 16:00:00,77.535,26.7,11.7,1023.3,2.6,90.0,4.0
2017-01-16 17:00:00,80.6155,25.6,10.6,1023.6,5.1,90.0,2.0
2017-01-16 18:00:00,82.9361,22.2,12.2,1023.8,4.6,90.0,2.0
2017-01-16 19:00:00,82.3759,20.6,13.3,1024.0,3.1,90.0,0.0
2017-01-16 20:00:00,90.8175,19.4,13.9,1024.3,3.1,100.0,2.0
2017-01-16 21:00:00,92.1378,18.3,14.4,1024.5,3.1,100.0,2.0
2017-01-16 22:00:00,80.0555,17.8,13.9,1024.4,2.1,120.0,0.0
2017-01-16 23:00:00,62.332,17.2,13.9,1024.4,1.5,120.0,0.0
2017-01-17 00:00:00,63.0922,16.1,13.9,1024.5,0.0,0.0,2.0
2017-01-17 01:00:00,63.1322,16.1,13.9,1024.2,2.1,10.0,2.0
2017-01-17 02:00:00,63.652300000000004,15.6,13.9,1023.8,1.5,80.0,4.0
2017-01-17 03:00:00,64.0524,15.0,13.3,1023.6,1.5,50.0,
2017-01-17 04:00:00,63.8123,15.0,13.9,1023.5,0.0,0.0,
2017-01-17 05:00:00,65.0126,15.6,13.9,1023.4,0.0,0.0,
2017-01-17 06:00:00,65.0125,14.4,12.8,1023.5,1.5,70.0,
2017-01-17 07:00:00,65.2526,14.4,13.3,1023.8,0.0,0.0,6.0
2017-01-17 08:00:00,61.5719,15.0,13.3,1024.2,0.0,0.0,
2017-01-17 09:00:00,91.9778,19.4,16.7,1024.3,0.0,0.0,
2017-01-17 10:00:00,106.70060000000001,22.8,17.8,1025.0,3.1,150.0,
2017-01-17 11:00:00,91.17760000000001,25.0,16.7,1024.9,4.6,140.0,
2017-01-17 12:00:00,89.0571,26.1,16.7,1024.1,6.2,160.0,
2017-01-17 13:00:00,90.25739999999999,25.6,16.1,1022.9,4.1,190.0,8.0
2017-01-17 14:00:00,84.7764,26.1,15.6,1022.4,1.5,190.0,
2017-01-17 15:00:00,80.97569999999999,26.7,15.6,1022.4,3.6,210.0,
2017-01-17 16:00:00,81.8158,26.1,15.0,1022.4,2.6,200.0,
2017-01-17 17:00:00,85.6566,25.6,15.6,1022.3,0.0,0.0,
2017-01-17 18:00:00,84.2962,23.3,16.7,1022.6,2.6,,
2017-01-17 19:00:00,93.178,22.2,16.1,1022.8,3.1,110.0,6.0
2017-01-17 20:00:00,92.4979,21.1,16.7,1023.3,3.6,100.0,4.0
2017-01-17 21:00:00,97.2188,20.0,16.7,1024.0,2.1,90.0,
2017-01-17 22:00:00,92.7379,20.0,17.2,1024.1,1.5,100.0,
2017-01-17 23:00:00,92.3378,18.9,16.7,1024.1,0.0,0.0,2.0
2017-01-18 00:00:00,89.6973,17.2,15.6,1023.1,2.6,130.0,4.0
2017-01-18 01:00:00,94.89829999999999,17.8,16.1,1022.9,1.5,220.0,6.0
2017-01-18 02:00:00,96.05860000000001,17.2,15.6,1022.5,2.1,190.0,
2017-01-18 03:00:00,89.5373,16.7,15.6,1022.3,0.0,0.0,2.0
2017-01-18 04:00:00,87.1368,14.4,13.3,,1.5,170.0,
2017-01-18 05:00:00,77.215,16.1,14.4,1021.5,0.0,0.0,
2017-01-18 06:00:00,63.9723,15.6,14.4,1021.7,1.5,230.0,
2017-01-18 07:00:00,64.0123,14.4,13.9,1021.9,0.0,0.0,6.0
2017-01-18 08:00:00,79.4553,14.4,13.9,1022.3,2.1,160.0,
2017-01-18 09:00:00,96.8587,17.8,16.7,1022.5,3.1,210.0,
2017-01-18 10:00:00,99.4592,22.2,16.1,1023.0,3.6,240.0,
2017-01-18 11:00:00,77.815,23.9,16.1,1023.1,4.6,270.0,
2017-01-18 12:00:00,79.69539999999999,25.0,16.1,1022.1,3.6,290.0,
2017-01-18 13:00:00,81.1356,26.1,15.6,1020.7,3.6,280.0,4.0
2017-01-18 14:00:00,81.89580000000001,26.7,15.6,1019.9,4.1,300.0,
2017-01-18 15:00:00,81.01570000000001,26.7,14.4,1019.5,3.6,280.0,
2017-01-18 16:00:00,80.8156,26.7,14.4,1019.1,3.1,280.0,
2017-01-18 17:00:00,79.8154,26.7,13.9,1019.2,3.1,280.0,
2017-01-18 18:00:00,80.13550000000001,25.0,13.9,1019.8,1.5,260.0,
2017-01-18 19:00:00,88.4571,23.3,14.4,1019.7,0.0,0.0,6.0
2017-01-18 20:00:00,88.057,21.7,15.0,1020.1,2.1,260.0,
2017-01-18 21:00:00,80.3355,22.2,15.0,1019.7,1.5,290.0,4.0
2017-01-18 22:00:00,91.9777,21.1,15.0,1019.8,2.1,290.0,4.0
2017-01-18 23:00:00,91.0976,20.6,15.0,1019.9,0.0,0.0,
2017-01-19 00:00:00,91.0176,18.3,14.4,1019.2,1.5,240.0,
2017-01-19 01:00:00,92.858,17.2,15.0,1018.5,0.0,0.0,6.0
2017-01-19 02:00:00,91.6177,17.8,14.4,1018.6,1.5,290.0,
2017-01-19 03:00:00,91.0175,16.7,13.9,1018.4,0.0,0.0,
2017-01-19 04:00:00,86.2566,15.0,13.3,1017.9,1.5,160.0,
2017-01-19 05:00:00,84.2963,15.6,13.9,1017.9,0.0,0.0,
2017-01-19 06:00:00,78.4151,15.0,13.3,1017.8,0.0,0.0,
2017-01-19 07:00:00,66.5729,15.0,13.3,1018.2,0.0,0.0,4.0
2017-01-19 08:00:00,77.0149,16.1,14.4,1018.5,0.0,0.0,4.0
2017-01-19 09:00:00,86.4967,20.6,15.6,1018.7,0.0,0.0,4.0
2017-01-19 10:00:00,84.3763,23.3,16.7,1019.0,1.5,340.0,4.0
2017-01-19 11:00:00,89.41730000000001,25.0,17.2,1018.8,2.1,10.0,4.0
2017-01-19 12:00:00,86.2167,24.4,16.7,1018.1,1.5,320.0,4.0
2017-01-19 13:00:00,89.6973,26.1,16.1,1016.7,1.5,,4.0
2017-01-19 14:00:00,91.0976,26.7,15.6,1015.6,3.1,230.0,4.0
2017-01-19 15:00:00,88.457,27.2,15.6,1015.0,0.0,0.0,
2017-01-19 16:00:00,90.7375,26.7,15.0,1014.9,0.0,0.0,
2017-01-19 17:00:00,85.0164,26.1,15.0,1015.0,3.1,170.0,
2017-01-19 18:00:00,82.776,23.9,15.0,1015.1,2.6,160.0,
2017-01-19 19:00:00,88.7371,22.8,15.0,1015.1,2.1,140.0,6.0
2017-01-19 20:00:00,90.0574,19.4,15.0,1015.2,2.1,140.0,2.0
2017-01-19 21:00:00,94.0582,20.0,16.7,1014.9,3.1,130.0,2.0
2017-01-19 22:00:00,92.0178,18.9,16.1,1015.0,2.1,170.0,0.0
2017-01-19 23:00:00,78.4151,19.4,15.0,1015.5,1.5,250.0,0.0
2017-01-20 00:00:00,90.2174,18.3,15.0,1015.4,1.5,220.0,
2017-01-20 01:00:00,94.25820000000002,18.3,15.0,1014.9,0.0,0.0,6.0
2017-01-20 02:00:00,97.7388,16.1,14.4,1015.3,1.5,160.0,
2017-01-20 03:00:00,92.0178,15.6,14.4,1015.1,0.0,0.0,
2017-01-20 04:00:00,88.6971,15.0,13.9,1015.2,2.6,170.0,
2017-01-20 05:00:00,88.6971,16.1,14.4,1015.3,1.5,220.0,
2017-01-20 06:00:00,88.257,15.6,13.9,1015.2,2.1,180.0,
2017-01-20 07:00:00,90.6175,15.6,14.4,1015.4,1.5,210.0,6.0
2017-01-20 08:00:00,99.1792,16.7,15.0,1015.3,2.6,190.0,4.0
2017-01-20 09:00:00,103.13990000000001,19.4,16.7,1015.8,3.6,190.0,2.0
2017-01-20 10:00:00,87.617,22.2,16.7,1015.7,6.2,180.0,2.0
2017-01-20 11:00:00,80.81569999999999,24.4,16.1,1015.7,6.2,190.0,2.0
2017-01-20 12:00:00,79.9354,25.6,15.6,1015.2,5.1,220.0,2.0
2017-01-20 13:00:00,81.8558,26.7,14.4,1013.9,4.6,250.0,2.0
2017-01-20 14:00:00,84.2562,27.8,14.4,1013.0,5.7,210.0,4.0
2017-01-20 15:00:00,79.7354,27.8,15.0,1012.7,4.6,220.0,4.0
2017-01-20 16:00:00,80.6156,27.8,15.0,1012.8,4.6,230.0,2.0
2017-01-20 17:00:00,81.25569999999999,27.2,15.0,1013.1,5.7,230.0,
2017-01-20 18:00:00,81.6557,26.1,15.0,1013.5,3.1,210.0,
2017-01-20 19:00:00,86.0566,24.4,15.6,1013.9,2.6,250.0,2.0
2017-01-20 20:00:00,87.3368,22.8,15.6,1014.5,1.5,250.0,0.0
2017-01-20 21:00:00,89.1372,21.1,16.1,1014.7,0.0,0.0,4.0
2017-01-20 22:00:00,78.93520000000001,21.1,16.7,1015.1,2.1,240.0,4.0
2017-01-20 23:00:00,79.53540000000001,18.9,16.1,1015.3,1.5,210.0,
2017-01-21 00:00:00,84.3762,18.9,16.1,1015.4,2.1,220.0,4.0
2017-01-21 01:00:00,83.37610000000001,19.4,16.7,1015.1,2.6,220.0,2.0
2017-01-21 02:00:00,89.73740000000001,18.3,16.1,1015.0,2.1,220.0,2.0
2017-01-21 03:00:00,86.17660000000001,17.8,16.1,1014.8,1.5,180.0,2.0
2017-01-21 04:00:00,94.1781,16.7,15.6,1014.7,2.1,190.0,2.0
2017-01-21 05:00:00,95.8585,16.7,16.1,1013.9,2.1,170.0,2.0
2017-01-21 06:00:00,89.6973,17.2,16.7,1013.7,1.5,150.0,2.0
2017-01-21 07:00:00,91.4976,17.2,16.1,1013.9,3.1,180.0,2.0
2017-01-21 08:00:00,89.81739999999999,17.8,17.2,1014.5,2.6,180.0,
2017-01-21 09:00:00,87.1368,18.9,17.8,1014.7,3.6,180.0,2.0
2017-01-21 10:00:00,81.4557,22.8,16.7,1014.8,4.6,180.0,2.0
2017-01-21 11:00:00,78.6951,25.0,16.1,1014.5,6.7,190.0,2.0
2017-01-21 12:00:00,77.1349,26.1,15.6,1013.4,7.7,190.0,2.0
2017-01-21 13:00:00,76.9749,27.2,13.3,1012.0,7.2,190.0,2.0
2017-01-21 14:00:00,78.055,27.8,15.0,1010.7,6.7,180.0,2.0
2017-01-21 15:00:00,77.0949,28.3,15.0,1009.5,6.2,190.0,2.0
2017-01-21 16:00:00,79.0952,27.8,14.4,1009.0,7.7,200.0,4.0
2017-01-21 17:00:00,77.8551,27.8,15.0,1009.2,4.1,200.0,4.0
2017-01-21 18:00:00,79.0153,26.1,13.9,1009.5,6.2,220.0,
2017-01-21 19:00:00,81.1357,23.3,13.9,1010.1,2.6,220.0,6.0
2017-01-21 20:00:00,85.01650000000001,22.2,13.9,1010.2,3.1,220.0,
2017-01-21 21:00:00,86.5767,22.2,13.9,1010.1,4.1,210.0,
2017-01-21 22:00:00,89.93730000000001,21.1,15.0,1010.5,3.1,200.0,
2017-01-21 23:00:00,85.4965,20.0,15.6,1010.3,1.5,150.0,
2017-01-22 00:00:00,89.3372,19.4,16.1,1009.8,2.6,160.0,
2017-01-22 01:00:00,88.017,19.4,16.1,1009.3,3.6,170.0,8.0
2017-01-22 02:00:00,87.6169,19.4,16.1,1009.1,3.6,170.0,
2017-01-22 03:00:00,89.6573,19.4,16.7,1008.8,4.1,180.0,
2017-01-22 04:00:00,88.2971,19.4,16.7,1007.9,4.6,170.0,
2017-01-22 05:00:00,89.8574,19.4,17.2,1007.4,4.6,180.0,4.0
2017-01-22 06:00:00,86.9368,20.0,17.8,1007.4,4.6,180.0,
2017-01-22 07:00:00,89.1372,20.6,18.3,1007.6,4.1,170.0,6.0
2017-01-22 08:00:00,85.9366,20.6,18.9,1007.2,4.6,170.0,
2017-01-22 09:00:00,89.4973,22.8,20.0,1006.8,6.7,180.0,
2017-01-22 10:00:00,93.21799999999999,23.3,20.0,1006.8,6.2,180.0,
2017-01-22 11:00:00,92.6979,23.9,20.0,1006.5,6.2,200.0,
2017-01-22 12:00:00,89.5773,26.7,20.0,1004.8,9.3,190.0,
2017-01-22 13:00:00,90.4175,29.4,20.0,1003.1,10.3,210.0,6.0
2017-01-22 14:00:00,90.3374,30.0,19.4,1001.6,10.3,200.0,
2017-01-22 15:00:00,90.57749999999999,30.0,18.9,1001.1,8.8,210.0,
2017-01-22 16:00:00,91.57759999999999,28.3,18.9,1000.8,12.9,210.0,
2017-01-22 17:00:00,92.37780000000001,27.8,18.9,1000.5,9.3,210.0,
2017-01-22 18:00:00,92.6578,26.7,20.0,1000.1,10.8,200.0,
2017-01-22 19:00:00,93.05799999999999,25.6,20.0,998.8,9.8,200.0,6.0
2017-01-22 20:00:00,92.7379,25.0,21.0,997.9,14.4,210.0,
2017-01-22 21:00:00,86.6168,24.0,21.0,998.9,9.3,230.0,
2017-01-22 22:00:00,89.2573,19.0,17.0,999.5,5.1,280.0,
2017-01-22 23:00:00,92.1778,19.4,17.2,999.4,3.1,270.0,
2017-01-23 00:00:00,94.7383,19.4,15.6,999.4,3.1,220.0,
2017-01-23 01:00:00,94.4582,18.9,16.1,999.0,4.1,220.0,4.0
2017-01-23 02:00:00,97.9389,18.3,16.1,998.1,4.1,230.0,2.0
2017-01-23 03:00:00,91.33760000000001,18.3,15.0,998.4,4.6,250.0,2.0
2017-01-23 04:00:00,95.1384,18.3,13.9,998.5,6.7,280.0,
2017-01-23 05:00:00,94.1782,17.2,13.9,998.2,4.1,250.0,2.0
2017-01-23 06:00:00,94.1782,17.2,13.9,998.3,3.6,240.0,2.0
2017-01-23 07:00:00,93.53800000000001,16.7,12.8,998.3,6.7,210.0,6.0
2017-01-23 08:00:00,95.3384,15.6,12.8,999.3,6.2,240.0,2.0
2017-01-23 09:00:00,90.29750000000001,17.2,13.3,999.6,6.7,230.0,2.0
2017-01-23 10:00:00,96.2185,17.8,13.3,1000.8,6.2,250.0,4.0
2017-01-23 11:00:00,80.3355,20.0,12.8,1000.9,7.7,270.0,
2017-01-23 12:00:00,73.13409999999999,20.6,12.2,1000.2,11.3,280.0,
2017-01-23 13:00:00,81.8158,21.7,11.7,999.7,14.4,280.0,4.0
2017-01-23 14:00:00,73.6943,22.8,10.6,999.4,10.3,270.0,
2017-01-23 15:00:00,77.615,21.1,10.0,999.5,9.8,290.0,
2017-01-23 16:00:00,70.2936,20.6,10.0,1000.0,9.3,270.0,
2017-01-23 17:00:00,80.0555,20.0,10.0,1000.7,8.2,280.0,4.0
2017-01-23 18:00:00,89.73740000000001,18.3,10.0,1001.6,8.2,270.0,2.0
2017-01-23 19:00:00,90.6975,17.2,10.0,1002.3,6.7,270.0,2.0
2017-01-23 20:00:00,87.0968,17.2,10.6,1003.8,7.7,270.0,
2017-01-23 21:00:00,93.338,16.7,11.1,1005.0,7.2,280.0,
2017-01-23 22:00:00,92.7779,16.1,11.7,1006.0,5.7,290.0,0.0
2017-01-23 23:00:00,92.61789999999999,16.1,11.7,1006.6,5.1,280.0,0.0
2017-01-24 00:00:00,92.81790000000001,16.1,11.7,1007.2,4.1,270.0,0.0
2017-01-24 01:00:00,92.77799999999999,15.6,11.7,1007.1,4.1,280.0,0.0
2017-01-24 02:00:00,92.0178,16.1,11.7,1007.4,3.6,280.0,0.0
2017-01-24 03:00:00,89.85740000000001,16.1,10.0,1007.8,5.7,300.0,0.0
2017-01-24 04:00:00,84.4563,15.6,9.4,1008.0,3.6,290.0,0.0
2017-01-24 05:00:00,73.5342,15.0,8.9,1008.7,4.1,290.0,0.0
2017-01-24 06:00:00,66.25280000000001,14.4,8.9,1009.4,3.1,290.0,0.0
2017-01-24 07:00:00,66.4928,13.9,8.9,1010.4,3.6,290.0,0.0
2017-01-24 08:00:00,70.4136,14.4,8.9,1011.0,4.6,280.0,0.0
2017-01-24 09:00:00,87.33690000000001,15.6,8.9,1011.7,5.1,300.0,0.0
2017-01-24 10:00:00,89.6973,17.2,8.9,1012.5,5.1,290.0,0.0
2017-01-24 11:00:00,84.1762,19.4,8.3,1012.7,6.2,300.0,0.0
2017-01-24 12:00:00,74.6544,21.1,8.3,1012.3,5.1,280.0,0.0
2017-01-24 13:00:00,73.7342,22.2,7.2,1011.5,8.2,260.0,0.0
2017-01-24 14:00:00,75.6147,23.3,7.2,1010.7,6.7,280.0,2.0
2017-01-24 15:00:00,74.8145,23.3,5.0,1010.6,8.2,280.0,0.0
2017-01-24 16:00:00,66.5729,23.3,4.4,1011.1,6.2,270.0,0.0
2017-01-24 17:00:00,71.65379999999999,22.2,3.9,1011.5,4.6,270.0,0.0
2017-01-24 18:00:00,90.0974,20.0,2.2,1012.0,3.6,280.0,0.0
2017-01-24 19:00:00,91.33770000000001,17.8,3.3,1013.0,2.6,260.0,0.0
2017-01-24 20:00:00,92.5779,16.7,4.4,1013.7,3.6,270.0,0.0
2017-01-24 21:00:00,75.21450000000002,15.0,5.6,1014.6,2.6,270.0,0.0
2017-01-24 22:00:00,65.29260000000001,14.4,6.1,1015.4,2.1,280.0,0.0
2017-01-24 23:00:00,66.3728,13.9,7.2,1015.7,1.5,270.0,0.0
2017-01-25 00:00:00,67.8531,12.8,8.3,1015.3,1.5,250.0,0.0
2017-01-25 01:00:00,71.8138,10.6,8.3,1015.6,2.1,210.0,0.0
2017-01-25 02:00:00,74.7744,10.6,8.3,1015.7,2.1,210.0,0.0
2017-01-25 03:00:00,76.73479999999999,10.0,8.9,1015.5,1.5,210.0,0.0
2017-01-25 04:00:00,79.4553,10.0,8.9,1015.3,0.0,0.0,0.0
2017-01-25 05:00:00,80.9756,8.3,7.2,1015.4,0.0,0.0,0.0
2017-01-25 06:00:00,82.816,8.9,7.8,1015.6,0.0,0.0,0.0
2017-01-25 07:00:00,86.9767,7.8,7.2,1016.3,1.5,180.0,2.0
2017-01-25 08:00:00,79.9354,8.3,7.8,1016.6,0.0,0.0,4.0
2017-01-25 09:00:00,75.1345,11.7,11.7,1017.0,1.5,190.0,
2017-01-25 10:00:00,93.49799999999999,13.3,13.3,1017.5,2.1,150.0,
2017-01-25 11:00:00,85.3765,17.2,13.9,1017.5,1.5,160.0,4.0
2017-01-25 12:00:00,99.7793,20.6,13.3,1017.1,3.6,230.0,4.0
2017-01-25 13:00:00,78.8952,22.2,12.2,1015.6,3.6,220.0,4.0
2017-01-25 14:00:00,75.97460000000001,24.4,9.4,1014.7,4.6,190.0,4.0
2017-01-25 15:00:00,87.0968,25.5,10.8,,4.1,200.0,4.0
2017-01-25 16:00:00,78.93520000000001,25.0,11.7,1014.4,4.1,200.0,2.0
2017-01-25 17:00:00,78.7752,25.0,12.2,1014.5,3.6,210.0,0.0
2017-01-25 18:00:00,86.3766,23.3,12.8,1014.9,2.1,220.0,2.0
2017-01-25 19:00:00,90.9376,20.6,13.3,1015.5,1.5,210.0,2.0
2017-01-25 20:00:00,90.4575,21.1,15.6,1016.2,3.1,250.0,0.0
2017-01-25 21:00:00,92.53790000000001,20.0,15.6,1016.4,4.6,230.0,0.0
2017-01-25 22:00:00,89.41720000000001,18.9,15.0,1016.7,3.1,260.0,0.0
2017-01-25 23:00:00,92.7779,17.8,14.4,1016.6,2.6,230.0,0.0
2017-01-26 00:00:00,93.498,16.7,15.0,1016.2,3.1,200.0,0.0
2017-01-26 01:00:00,92.3779,17.2,15.0,1015.7,4.1,200.0,2.0
2017-01-26 02:00:00,95.01830000000001,17.2,15.0,1015.5,4.1,200.0,2.0
2017-01-26 03:00:00,94.8183,17.8,15.6,,4.1,190.0,4.0
2017-01-26 04:00:00,93.8181,17.8,16.1,1015.3,5.1,190.0,
2017-01-26 05:00:00,91.4577,17.8,16.1,1015.3,4.6,190.0,
2017-01-26 06:00:00,93.8981,17.8,16.1,,3.6,200.0,
2017-01-26 07:00:00,93.778,17.2,15.6,1015.9,4.6,190.0,6.0
2017-01-26 08:00:00,92.1378,17.8,16.1,1016.6,3.6,210.0,
2017-01-26 09:00:00,94.01820000000001,20.0,17.2,1017.2,4.6,210.0,
2017-01-26 10:00:00,87.977,21.1,17.8,1017.9,4.6,220.0,
2017-01-26 11:00:00,89.1372,23.3,18.3,1017.9,4.1,220.0,
2017-01-26 12:00:00,92.1778,25.0,18.3,1017.0,7.2,240.0,
2017-01-26 13:00:00,92.17779999999999,26.1,18.3,1015.7,7.7,230.0,6.0
2017-01-26 14:00:00,92.6979,26.7,17.8,1014.9,6.7,240.0,
2017-01-26 15:00:00,92.0578,27.8,16.7,1014.6,8.8,240.0,
2017-01-26 16:00:00,92.89789999999999,27.2,16.7,1014.3,8.8,230.0,
2017-01-26 17:00:00,94.3382,26.7,16.1,1014.8,7.7,230.0,
2017-01-26 18:00:00,90.73750000000001,25.0,16.7,1015.0,5.1,240.0,
2017-01-26 19:00:00,83.2161,23.9,16.7,1015.3,3.1,250.0,6.0
2017-01-26 20:00:00,86.49660000000002,22.8,16.1,1016.2,3.1,260.0,
2017-01-26 21:00:00,91.2176,21.7,16.7,1016.2,2.6,240.0,
2017-01-26 22:00:00,88.017,21.7,17.2,1017.0,3.1,260.0,
2017-01-26 23:00:00,88.217,21.7,17.8,1016.9,3.1,270.0,
2017-01-27 00:00:00,91.6176,21.1,17.8,1016.5,2.6,280.0,
2017-01-27 01:00:00,94.9383,20.6,17.2,1016.5,4.6,310.0,8.0
2017-01-27 02:00:00,61.5319,19.4,14.4,1016.4,3.6,310.0,
2017-01-27 03:00:00,44.8086,18.3,13.9,1016.3,3.1,300.0,
2017-01-27 04:00:00,43.208299999999994,17.8,12.8,1016.5,4.6,320.0,
2017-01-27 05:00:00,84.8163,17.8,13.9,1016.6,2.6,320.0,
2017-01-27 06:00:00,86.8568,16.7,6.1,1017.4,3.6,320.0,
2017-01-27 07:00:00,84.7764,16.1,5.6,1017.9,4.6,320.0,8.0
2017-01-27 08:00:00,86.33670000000001,15.6,4.4,1018.7,4.6,330.0,
2017-01-27 09:00:00,102.9399,15.6,4.4,1019.6,5.1,350.0,
2017-01-27 10:00:00,88.8972,15.6,3.9,1020.7,4.1,320.0,
2017-01-27 11:00:00,93.178,16.1,2.8,1020.7,3.1,330.0,
2017-01-27 12:00:00,94.25819999999999,16.7,2.2,1019.9,2.6,340.0,
2017-01-27 13:00:00,92.0578,18.9,2.8,1018.4,3.6,290.0,6.0
2017-01-27 14:00:00,86.5767,17.8,1.1,1017.7,4.1,290.0,
2017-01-27 15:00:00,87.89699999999999,18.3,3.3,1017.1,4.1,260.0,
2017-01-27 16:00:00,92.6978,18.9,-0.6,1017.0,5.1,280.0,
2017-01-27 17:00:00,91.3776,18.9,-1.7,1017.1,5.7,300.0,
2017-01-27 18:00:00,91.8577,17.8,-1.1,1017.4,4.1,290.0,4.0
2017-01-27 19:00:00,76.2147,16.1,-5.0,1018.3,4.6,280.0,2.0
2017-01-27 20:00:00,83.7761,15.0,-0.6,1019.0,4.6,270.0,
2017-01-27 21:00:00,85.0964,13.9,0.0,1019.3,4.1,270.0,
2017-01-27 22:00:00,69.3733,13.3,1.1,1019.3,3.6,280.0,
2017-01-27 23:00:00,69.9335,13.3,3.3,1019.7,3.1,300.0,
2017-01-28 00:00:00,67.7331,12.8,2.2,1019.2,4.1,310.0,
2017-01-28 01:00:00,69.8535,12.2,2.2,1019.0,2.6,300.0,6.0
2017-01-28 02:00:00,74.33430000000001,11.7,3.3,1019.0,1.5,230.0,4.0
2017-01-28 03:00:00,82.2559,10.6,3.9,1018.9,1.5,250.0,
2017-01-28 04:00:00,76.5747,10.0,5.0,1019.2,2.6,310.0,
2017-01-28 05:00:00,78.21509999999999,10.6,1.7,1019.7,5.1,330.0,
2017-01-28 06:00:00,79.3353,10.6,0.6,1020.1,5.1,340.0,
2017-01-28 07:00:00,84.4163,9.4,-0.6,1020.5,7.2,350.0,6.0
2017-01-28 08:00:00,79.0952,9.4,0.0,1020.8,5.1,340.0,2.0
2017-01-28 09:00:00,71.8539,10.0,0.6,1021.4,5.7,340.0,2.0
2017-01-28 10:00:00,68.25319999999999,11.1,0.0,1021.3,3.6,350.0,2.0
2017-01-28 11:00:00,63.8524,12.2,-1.1,1021.6,3.6,310.0,4.0
2017-01-28 12:00:00,67.6531,12.8,-1.1,1021.4,3.6,320.0,
2017-01-28 13:00:00,65.2126,14.4,-2.2,1020.2,3.6,280.0,6.0
2017-01-28 14:00:00,72.414,13.9,-2.2,1018.9,2.6,,
2017-01-28 15:00:00,75.9746,13.3,-2.2,1018.5,4.6,290.0,
2017-01-28 16:00:00,66.3328,13.3,-1.7,1019.3,5.1,310.0,
2017-01-28 17:00:00,69.3733,13.3,-2.2,1019.4,4.6,310.0,
2017-01-28 18:00:00,70.0135,13.3,-1.1,1019.2,2.1,330.0,
2017-01-28 19:00:00,68.4933,12.8,-1.7,1019.7,2.6,310.0,8.0
2017-01-28 20:00:00,68.8933,12.8,-1.1,1020.7,3.1,280.0,
2017-01-28 21:00:00,68.3332,12.2,-3.3,1021.0,2.6,280.0,
2017-01-28 22:00:00,70.6136,11.7,-4.4,1020.9,3.1,300.0,
2017-01-28 23:00:00,76.0947,10.6,-1.7,1021.6,5.1,320.0,
2017-01-29 00:00:00,81.4957,8.3,2.8,1021.9,2.6,290.0,
2017-01-29 01:00:00,83.9362,7.8,3.3,1021.0,1.5,280.0,8.0
2017-01-29 02:00:00,84.0163,7.8,3.3,1020.6,0.0,0.0,
2017-01-29 03:00:00,83.3761,7.8,5.0,1020.4,1.5,260.0,
2017-01-29 04:00:00,82.2959,7.8,5.6,1020.2,0.0,0.0,
2017-01-29 05:00:00,80.8557,8.3,7.2,1020.6,1.5,320.0,
2017-01-29 06:00:00,80.6956,8.9,7.2,1020.7,2.1,310.0,
2017-01-29 07:00:00,80.4556,8.9,7.8,1020.7,2.1,170.0,8.0
2017-01-29 08:00:00,78.7752,8.9,7.8,1020.9,1.5,190.0,
2017-01-29 09:00:00,78.6151,9.4,7.8,1021.1,1.5,190.0,
2017-01-29 10:00:00,78.5351,10.0,8.3,1021.8,0.0,0.0,
2017-01-29 11:00:00,76.9748,10.0,8.3,1022.3,3.1,310.0,
2017-01-29 12:00:00,73.5741,10.0,8.9,1021.3,0.0,0.0,
2017-01-29 13:00:00,69.61349999999999,11.7,8.9,1020.0,3.1,210.0,8.0
2017-01-29 14:00:00,68.5332,11.7,7.2,1019.0,2.1,250.0,
2017-01-29 15:00:00,67.0129,12.2,5.6,1018.1,3.1,220.0,
2017-01-29 16:00:00,66.3729,12.2,5.6,1018.1,3.6,230.0,
2017-01-29 17:00:00,66.0127,12.8,6.1,1018.2,4.1,220.0,
2017-01-29 18:00:00,67.4531,11.7,6.7,1017.9,3.6,200.0,
2017-01-29 19:00:00,71.1337,11.7,7.2,1017.9,3.6,200.0,6.0
2017-01-29 20:00:00,72.0939,11.7,7.2,1018.6,3.6,230.0,
2017-01-29 21:00:00,74.7344,11.7,8.3,1018.9,3.1,210.0,
2017-01-29 22:00:00,79.4554,11.1,7.8,1018.9,2.6,220.0,4.0
2017-01-29 23:00:00,80.7756,10.6,8.3,1019.3,2.6,220.0,2.0
2017-01-30 00:00:00,79.01520000000001,10.0,8.3,1019.2,1.5,220.0,4.0
2017-01-30 01:00:00,81.45570000000001,9.4,7.8,1019.3,2.6,220.0,6.0
2017-01-30 02:00:00,84.0963,10.0,8.3,1018.8,2.1,210.0,
2017-01-30 03:00:00,82.696,10.0,8.3,1019.0,2.1,240.0,
2017-01-30 04:00:00,81.7758,10.0,8.3,1019.1,2.1,230.0,4.0
2017-01-30 05:00:00,86.8967,8.3,7.2,1019.4,2.1,210.0,2.0
2017-01-30 06:00:00,83.8562,7.2,6.7,1019.6,2.1,220.0,4.0
2017-01-30 07:00:00,77.495,9.4,7.8,1020.8,3.6,290.0,6.0
2017-01-30 08:00:00,78.8552,10.6,5.0,1022.2,8.2,320.0,
2017-01-30 09:00:00,73.1741,11.1,2.2,1023.4,7.2,330.0,2.0
2017-01-30 10:00:00,69.7735,12.2,0.6,1024.2,6.7,330.0,2.0
2017-01-30 11:00:00,75.8946,13.3,-1.1,1024.4,7.2,330.0,2.0
2017-01-30 12:00:00,85.2965,14.4,-1.7,1024.0,6.2,330.0,2.0
2017-01-30 13:00:00,84.4163,16.1,-1.7,1022.9,5.7,340.0,2.0
2017-01-30 14:00:00,81.1357,16.1,-1.7,1021.9,3.1,350.0,2.0
2017-01-30 15:00:00,88.297,16.7,-0.6,1021.7,3.6,270.0,2.0
2017-01-30 16:00:00,92.4178,16.1,-2.2,1022.2,6.7,280.0,2.0
2017-01-30 17:00:00,88.6971,16.1,-1.7,1022.6,2.1,300.0,2.0
2017-01-30 18:00:00,70.8937,15.0,-1.1,1023.1,2.1,280.0,2.0
2017-01-30 19:00:00,77.535,12.2,0.0,1023.5,0.0,0.0,4.0
2017-01-30 20:00:00,85.4965,10.0,0.6,1023.6,0.0,0.0,4.0
2017-01-30 21:00:00,86.6567,8.3,3.3,1024.2,3.1,230.0,4.0
2017-01-30 22:00:00,87.657,10.0,2.2,1024.5,0.0,0.0,4.0
2017-01-30 23:00:00,91.4976,7.8,2.8,1024.6,0.0,0.0,
2017-01-31 00:00:00,94.2982,6.1,2.8,1024.4,0.0,0.0,2.0
2017-01-31 01:00:00,97.17869999999999,6.1,2.8,1024.4,0.0,0.0,0.0
2017-01-31 02:00:00,98.1789,4.4,2.2,1024.2,1.5,170.0,0.0
2017-01-31 03:00:00,100.0993,5.0,2.8,1024.0,1.5,200.0,2.0
2017-01-31 04:00:00,100.65950000000001,5.0,2.8,1023.8,0.0,0.0,0.0
2017-01-31 05:00:00,100.3794,6.7,2.8,1024.1,0.0,0.0,0.0
2017-01-31 06:00:00,100.93950000000001,3.3,2.2,1024.3,0.0,0.0,0.0
2017-01-31 07:00:00,102.09970000000001,3.9,2.8,1024.9,0.0,0.0,2.0
2017-01-31 08:00:00,74.73440000000001,5.0,2.8,1025.3,2.1,170.0,2.0
2017-01-31 09:00:00,73.8142,11.1,5.6,1026.0,1.5,170.0,2.0
2017-01-31 10:00:00,89.0971,14.4,6.7,1026.4,2.1,170.0,2.0
2017-01-31 11:00:00,106.3405,17.2,6.7,1026.3,3.1,150.0,2.0
2017-01-31 12:00:00,90.73750000000001,17.2,6.1,1025.5,2.1,,0.0
2017-01-31 13:00:00,90.4174,18.9,6.1,1024.0,2.6,260.0,0.0
2017-01-31 14:00:00,89.4573,20.0,5.6,1023.1,0.0,0.0,0.0
2017-01-31 15:00:00,78.4951,20.6,5.6,1022.2,3.1,,0.0
2017-01-31 16:00:00,78.8152,20.6,6.1,1022.0,0.0,0.0,2.0
2017-01-31 17:00:00,85.5765,21.1,6.1,1022.2,0.0,0.0,0.0
2017-01-31 18:00:00,86.2166,18.3,7.8,1022.6,2.1,150.0,2.0
2017-01-31 19:00:00,68.0531,16.1,7.2,1023.0,1.5,170.0,0.0
2017-01-31 20:00:00,68.85329999999999,14.4,7.8,1023.3,1.5,180.0,0.0
2017-01-31 21:00:00,73.6542,12.2,7.2,1023.3,2.1,180.0,0.0
2017-01-31 22:00:00,75.9747,15.6,7.8,1023.7,1.5,230.0,2.0
2017-01-31 23:00:00,77.695,12.2,7.8,1023.7,2.1,220.0,2.0
2017-02-01 00:00:00,79.5754,11.7,7.8,1023.5,0.0,0.0,0.0
2017-02-01 01:00:00,80.4556,10.6,7.8,1023.0,0.0,0.0,0.0
2017-02-01 02:00:00,84.9764,8.9,6.7,1023.0,0.0,0.0,0.0
2017-02-01 03:00:00,86.41669999999999,10.0,7.2,1022.8,0.0,0.0,0.0
2017-02-01 04:00:00,88.8971,8.3,6.7,1022.9,0.0,0.0,0.0
2017-02-01 05:00:00,90.29740000000001,8.3,6.1,1023.0,0.0,0.0,0.0
2017-02-01 06:00:00,92.0178,7.8,6.7,1023.3,0.0,0.0,0.0
2017-02-01 07:00:00,94.05810000000001,6.7,5.6,1024.0,0.0,0.0,0.0
2017-02-01 08:00:00,80.5355,8.3,7.2,1024.3,0.0,0.0,0.0
2017-02-01 09:00:00,80.8956,15.0,11.1,1024.6,0.0,0.0,0.0
2017-02-01 10:00:00,93.5781,18.3,11.1,1024.8,1.5,60.0,0.0
2017-02-01 11:00:00,81.7758,20.6,8.3,1024.8,0.0,0.0,0.0
2017-02-01 12:00:00,76.5348,21.7,7.8,1024.0,3.6,180.0,0.0
2017-02-01 13:00:00,81.2557,22.2,6.1,1023.0,1.5,,0.0
2017-02-01 14:00:00,79.09530000000001,22.2,6.1,1022.0,2.1,,2.0
2017-02-01 15:00:00,80.7355,22.8,6.7,1021.3,0.0,0.0,2.0
2017-02-01 16:00:00,81.09559999999999,23.3,6.1,1021.2,2.1,180.0,2.0
2017-02-01 17:00:00,86.7367,22.8,6.7,1021.6,3.1,230.0,2.0
2017-02-01 18:00:00,88.8171,20.6,6.7,1021.9,2.6,220.0,2.0
2017-02-01 19:00:00,76.4948,19.4,7.2,1022.2,0.0,0.0,2.0
2017-02-01 20:00:00,66.0528,14.4,8.3,1022.7,2.6,130.0,2.0
2017-02-01 21:00:00,67.8931,16.1,8.3,1022.9,2.1,120.0,2.0
2017-02-01 22:00:00,68.2132,13.9,8.3,1023.2,2.1,130.0,2.0
2017-02-01 23:00:00,70.6937,13.9,8.3,1023.6,3.1,280.0,0.0
2017-02-02 00:00:00,73.8943,14.4,8.9,1023.1,0.0,0.0,0.0
2017-02-02 01:00:00,76.6147,12.2,8.9,1022.9,0.0,0.0,4.0
2017-02-02 02:00:00,78.05510000000001,12.2,8.9,1022.8,0.0,0.0,2.0
2017-02-02 03:00:00,80.5755,11.7,8.3,1022.2,0.0,0.0,4.0
2017-02-02 04:00:00,80.3755,11.7,10.0,1022.1,0.0,0.0,4.0
2017-02-02 05:00:00,81.01570000000001,11.7,10.0,1022.0,2.1,350.0,4.0
2017-02-02 06:00:00,80.6156,11.7,8.9,1022.5,1.5,360.0,2.0
2017-02-02 07:00:00,81.1757,11.7,9.4,1023.2,1.5,350.0,2.0
2017-02-02 08:00:00,72.054,11.7,9.4,1024.0,0.0,0.0,2.0
2017-02-02 09:00:00,90.09740000000001,17.2,11.7,1024.1,1.5,10.0,2.0
2017-02-02 10:00:00,88.77709999999999,20.0,12.8,1024.3,0.0,0.0,2.0
2017-02-02 11:00:00,88.7371,22.2,12.2,1024.3,1.5,130.0,2.0
2017-02-02 12:00:00,94.5783,23.9,12.8,1023.7,3.1,230.0,4.0
2017-02-02 13:00:00,81.5358,22.8,12.2,1022.3,1.5,,4.0
2017-02-02 14:00:00,84.05619999999999,24.4,11.7,1021.4,0.0,0.0,4.0
2017-02-02 15:00:00,88.8571,24.4,11.7,1021.0,0.0,0.0,4.0
2017-02-02 16:00:00,81.0156,25.0,10.6,1020.9,0.0,0.0,4.0
2017-02-02 17:00:00,84.2962,25.0,10.6,1021.1,0.0,0.0,4.0
2017-02-02 18:00:00,86.61670000000001,22.8,11.1,1021.9,1.5,290.0,4.0
2017-02-02 19:00:00,89.8974,20.0,11.1,1022.2,0.0,0.0,4.0
2017-02-02 20:00:00,88.33709999999999,18.3,12.8,1022.7,2.6,110.0,4.0
2017-02-02 21:00:00,80.8556,17.8,13.3,1022.6,2.6,90.0,2.0
2017-02-02 22:00:00,64.77250000000001,17.2,13.3,1022.7,0.0,0.0,
2017-02-02 23:00:00,64.4524,16.7,13.3,1022.7,0.0,0.0,
2017-02-03 00:00:00,65.3326,15.6,12.8,1022.5,0.0,0.0,
2017-02-03 01:00:00,65.8127,15.6,13.3,1022.2,1.5,350.0,8.0
2017-02-03 02:00:00,64.5324,15.6,13.3,1021.9,0.0,0.0,
2017-02-03 03:00:00,65.7327,14.4,13.3,1021.3,0.0,0.0,
2017-02-03 04:00:00,66.0528,14.4,13.3,1021.5,0.0,0.0,
2017-02-03 05:00:00,68.37310000000001,15.0,12.8,1021.7,0.0,0.0,
2017-02-03 06:00:00,67.73310000000001,13.9,12.2,1022.3,1.5,360.0,4.0
2017-02-03 07:00:00,69.3334,13.9,12.2,1022.7,1.5,360.0,6.0
2017-02-03 08:00:00,77.735,13.3,12.2,1023.2,0.0,0.0,4.0
2017-02-03 09:00:00,98.259,18.9,15.0,1023.4,0.0,0.0,2.0
2017-02-03 10:00:00,90.0574,21.7,15.0,1023.7,0.0,0.0,2.0
2017-02-03 11:00:00,79.4153,23.3,15.6,1023.5,2.1,240.0,4.0
2017-02-03 12:00:00,75.8147,24.4,15.0,1022.8,3.6,220.0,4.0
2017-02-03 13:00:00,77.01480000000001,25.0,13.0,,2.1,230.0,4.0
2017-02-03 14:00:00,79.2953,25.6,13.9,1020.8,2.1,,
2017-02-03 15:00:00,77.175,26.1,12.8,1020.1,0.0,0.0,4.0
2017-02-03 16:00:00,77.815,26.7,12.2,1019.8,3.1,250.0,4.0
2017-02-03 17:00:00,77.0149,26.1,12.2,1020.0,2.6,290.0,2.0
2017-02-03 18:00:00,85.7766,24.4,12.2,1020.7,3.6,310.0,2.0
2017-02-03 19:00:00,85.21640000000001,22.2,12.2,1021.1,3.1,310.0,2.0
2017-02-03 20:00:00,93.338,21.7,10.6,1021.7,3.1,290.0,2.0
2017-02-03 21:00:00,89.6973,20.0,11.1,1022.3,3.1,300.0,0.0
2017-02-03 22:00:00,90.0974,19.4,11.7,1022.3,3.1,290.0,0.0
2017-02-03 23:00:00,67.733,17.8,12.2,1022.6,2.6,280.0,2.0
2017-02-04 00:00:00,63.2922,17.8,12.8,1022.4,2.6,300.0,0.0
2017-02-04 01:00:00,65.8927,16.7,13.3,1022.2,3.1,320.0,0.0
2017-02-04 02:00:00,65.5326,16.1,13.9,1021.9,3.1,310.0,0.0
2017-02-04 03:00:00,64.3724,15.6,13.9,1021.7,2.6,320.0,0.0
2017-02-04 04:00:00,62.172,15.6,13.9,1021.7,2.6,320.0,2.0
2017-02-04 05:00:00,61.0118,16.1,14.4,1022.0,5.1,350.0,2.0
2017-02-04 06:00:00,63.5323,15.0,13.3,1022.5,3.1,360.0,0.0
2017-02-04 07:00:00,65.81269999999999,14.4,12.8,1023.1,3.1,360.0,2.0
2017-02-04 08:00:00,74.6944,15.6,13.3,1023.8,4.1,350.0,0.0
2017-02-04 09:00:00,90.5775,17.2,13.9,1024.3,4.1,350.0,2.0
2017-02-04 10:00:00,86.3367,20.0,14.4,1024.7,5.7,20.0,2.0
2017-02-04 11:00:00,84.1762,21.7,15.0,1024.8,4.6,30.0,4.0
2017-02-04 12:00:00,82.2558,22.8,15.0,1024.3,4.6,10.0,
2017-02-04 13:00:00,79.3753,23.9,14.4,1023.0,4.1,40.0,4.0
2017-02-04 14:00:00,79.6954,24.4,13.9,1022.2,3.6,20.0,4.0
2017-02-04 15:00:00,78.9753,25.0,13.3,1021.5,4.6,350.0,4.0
2017-02-04 16:00:00,79.6953,23.9,14.4,1021.6,6.2,20.0,4.0
2017-02-04 17:00:00,83.01599999999999,22.8,14.4,1021.9,6.7,20.0,2.0
2017-02-04 18:00:00,87.4569,20.6,14.4,1022.5,6.2,20.0,2.0
2017-02-04 19:00:00,93.69810000000001,18.9,13.9,1023.0,5.7,360.0,0.0
2017-02-04 20:00:00,90.4574,17.2,13.3,1023.5,5.7,360.0,2.0
2017-02-04 21:00:00,83.8562,16.7,12.8,1023.9,5.7,360.0,4.0
2017-02-04 22:00:00,83.9762,15.6,12.2,1023.6,4.1,350.0,
2017-02-04 23:00:00,71.7738,15.0,12.2,1023.4,4.1,360.0,
2017-02-05 00:00:00,62.412,13.9,11.7,1022.8,3.1,360.0,2.0
2017-02-05 01:00:00,63.6123,13.9,11.7,1022.2,3.6,360.0,2.0
2017-02-05 02:00:00,64.6125,13.3,11.1,1021.8,3.1,350.0,2.0
2017-02-05 03:00:00,62.332,13.9,11.7,1021.5,3.1,330.0,
2017-02-05 04:00:00,61.891999999999996,13.9,11.7,1021.6,4.1,340.0,
2017-02-05 05:00:00,63.052099999999996,14.4,11.7,1021.7,2.6,340.0,
2017-02-05 06:00:00,64.2524,14.4,12.2,1022.2,3.6,350.0,
2017-02-05 07:00:00,64.2524,14.4,12.2,1022.8,2.6,340.0,8.0
2017-02-05 08:00:00,63.9324,13.9,12.8,1023.4,3.1,350.0,
2017-02-05 09:00:00,84.65639999999999,15.0,13.3,1023.5,2.1,340.0,
2017-02-05 10:00:00,87.01679999999999,17.2,13.9,1023.5,0.0,0.0,
2017-02-05 11:00:00,83.3361,19.4,14.4,1023.3,2.1,350.0,
2017-02-05 12:00:00,80.9356,21.1,15.0,1022.5,2.6,,
2017-02-05 13:00:00,79.0552,23.3,15.0,1021.3,2.1,340.0,6.0
2017-02-05 14:00:00,76.5348,23.9,14.4,1020.4,2.1,280.0,
2017-02-05 15:00:00,77.0949,25.0,14.4,1019.8,3.6,330.0,
2017-02-05 16:00:00,76.4948,25.0,14.4,1019.6,3.6,350.0,4.0
2017-02-05 17:00:00,81.2957,24.4,13.9,1020.1,3.1,340.0,
2017-02-05 18:00:00,87.697,22.2,13.3,1020.8,3.6,320.0,
2017-02-05 19:00:00,89.7373,19.4,14.4,1021.6,5.1,60.0,6.0
2017-02-05 20:00:00,89.3773,18.3,13.9,1022.4,4.1,40.0,
2017-02-05 21:00:00,67.413,16.7,13.9,1022.6,4.1,40.0,4.0
2017-02-05 22:00:00,62.7721,15.0,12.8,1022.7,2.6,80.0,4.0
2017-02-05 23:00:00,67.0929,15.0,13.3,1022.4,0.0,0.0,
2017-02-06 00:00:00,68.3332,14.4,12.8,1022.2,0.0,0.0,4.0
2017-02-06 01:00:00,72.614,12.2,11.1,1022.0,0.0,0.0,2.0
2017-02-06 02:00:00,75.9347,11.7,11.1,1021.5,0.0,0.0,4.0
2017-02-06 03:00:00,78.135,11.1,10.0,1021.1,0.0,0.0,2.0
2017-02-06 04:00:00,80.3755,10.6,10.0,1021.1,0.0,0.0,2.0
2017-02-06 05:00:00,80.65559999999999,11.1,10.0,1021.6,2.1,350.0,2.0
2017-02-06 06:00:00,78.8152,11.1,10.0,,2.1,10.0,2.0
2017-02-06 07:00:00,81.1357,11.7,10.6,1022.8,2.1,360.0,2.0
2017-02-06 08:00:00,75.2145,12.8,11.7,1023.2,1.5,360.0,2.0
2017-02-06 09:00:00,102.4598,16.1,13.9,1023.6,1.5,360.0,2.0
2017-02-06 10:00:00,98.13900000000001,19.4,13.3,1024.1,3.6,50.0,2.0
2017-02-06 11:00:00,85.8165,21.7,11.7,1023.9,3.1,40.0,2.0
2017-02-06 12:00:00,80.3755,23.9,8.3,1023.2,2.1,50.0,2.0
2017-02-06 13:00:00,76.9349,25.0,9.4,1022.0,0.0,0.0,4.0
2017-02-06 14:00:00,77.2149,25.6,8.3,1021.0,2.1,150.0,
2017-02-06 15:00:00,75.7346,26.1,8.9,1020.5,0.0,0.0,
2017-02-06 16:00:00,76.7748,26.1,10.6,1020.2,2.6,160.0,4.0
2017-02-06 17:00:00,81.97579999999999,25.0,13.9,1020.5,6.7,80.0,
2017-02-06 18:00:00,85.97659999999999,22.8,14.4,1020.7,5.1,80.0,
2017-02-06 19:00:00,89.05709999999999,21.1,14.4,1020.9,4.1,90.0,6.0
2017-02-06 20:00:00,93.4181,19.4,14.4,1021.3,3.6,70.0,4.0
2017-02-06 21:00:00,89.25720000000001,17.8,13.9,1021.4,3.1,70.0,0.0
2017-02-06 22:00:00,66.1728,17.2,13.9,1021.4,2.1,80.0,0.0
2017-02-06 23:00:00,65.3326,17.2,14.4,1021.1,2.6,90.0,0.0
2017-02-07 00:00:00,63.4123,17.2,14.4,1020.7,2.1,80.0,0.0
2017-02-07 01:00:00,63.9323,16.1,14.4,1020.2,0.0,0.0,6.0
2017-02-07 02:00:00,63.9323,15.0,13.3,1019.8,1.5,140.0,
2017-02-07 03:00:00,63.9323,14.4,13.3,1019.2,0.0,0.0,
2017-02-07 04:00:00,64.93260000000001,15.6,14.4,1018.8,0.0,0.0,
2017-02-07 05:00:00,64.1724,15.6,13.9,1018.8,0.0,0.0,
2017-02-07 06:00:00,63.6123,15.6,14.4,1018.8,0.0,0.0,4.0
2017-02-07 07:00:00,64.9325,15.6,14.4,1019.6,0.0,0.0,4.0
2017-02-07 08:00:00,84.0962,15.0,14.4,1019.8,0.0,0.0,4.0
2017-02-07 09:00:00,88.3771,19.4,16.1,1019.5,3.6,160.0,2.0
2017-02-07 10:00:00,85.97659999999999,22.8,15.6,1019.8,5.7,170.0,2.0
2017-02-07 11:00:00,79.0952,24.4,15.6,1019.5,5.1,180.0,4.0
2017-02-07 12:00:00,79.4154,25.0,16.1,1018.3,4.6,150.0,4.0
2017-02-07 13:00:00,88.4171,26.1,16.7,1017.0,7.2,200.0,4.0
2017-02-07 14:00:00,87.5369,27.2,16.7,1015.9,5.7,190.0,4.0
2017-02-07 15:00:00,90.2574,27.8,16.7,1014.7,4.6,160.0,4.0
2017-02-07 16:00:00,102.7398,27.2,16.1,1013.9,4.6,170.0,4.0
2017-02-07 17:00:00,90.0973,27.2,15.6,1013.8,3.6,190.0,
2017-02-07 18:00:00,92.0178,24.4,17.8,1013.7,4.6,120.0,
2017-02-07 19:00:00,94.37819999999999,22.2,17.8,1014.0,0.0,0.0,6.0
2017-02-07 20:00:00,98.8591,20.6,17.8,1014.1,3.1,170.0,4.0
2017-02-07 21:00:00,97.8989,19.4,17.2,1014.4,2.6,170.0,2.0
2017-02-07 22:00:00,90.3774,18.9,17.2,1014.4,3.1,180.0,2.0
2017-02-07 23:00:00,93.218,19.4,17.2,1014.5,2.6,180.0,4.0
2017-02-08 00:00:00,90.5775,20.6,17.8,1014.7,3.1,220.0,
2017-02-08 01:00:00,93.058,19.4,15.0,1015.2,11.8,330.0,8.0
2017-02-08 02:00:00,95.1784,16.7,14.4,1016.2,6.7,320.0,
2017-02-08 03:00:00,95.9786,16.1,15.0,1015.0,1.5,170.0,
2017-02-08 04:00:00,94.8583,15.6,14.4,1014.2,1.5,150.0,
2017-02-08 05:00:00,95.8585,15.6,14.4,1013.8,1.5,190.0,
2017-02-08 06:00:00,95.0583,15.6,14.4,1013.2,1.5,190.0,
2017-02-08 07:00:00,95.13829999999999,15.0,14.4,1013.5,1.5,170.0,4.0
2017-02-08 08:00:00,93.298,16.7,15.6,1014.1,1.5,190.0,
2017-02-08 09:00:00,85.7765,19.4,17.2,1014.4,3.6,200.0,4.0
2017-02-08 10:00:00,98.69900000000001,22.8,17.8,1014.5,4.6,190.0,2.0
2017-02-08 11:00:00,86.01660000000001,23.9,17.8,1014.7,4.6,200.0,4.0
2017-02-08 12:00:00,87.8169,26.7,18.3,1014.5,4.6,230.0,4.0
2017-02-08 13:00:00,89.4572,27.8,18.9,1013.9,6.7,230.0,6.0
2017-02-08 14:00:00,90.8175,28.9,18.3,1013.1,6.2,240.0,4.0
2017-02-08 15:00:00,91.3776,28.3,18.3,1012.8,6.7,230.0,
2017-02-08 16:00:00,91.6577,28.3,18.3,1012.4,7.2,240.0,
2017-02-08 17:00:00,93.2579,27.8,18.3,1012.6,7.2,230.0,4.0
2017-02-08 18:00:00,95.7385,26.1,18.3,1013.2,6.7,230.0,4.0
2017-02-08 19:00:00,92.97800000000001,25.0,18.9,1014.1,5.7,230.0,2.0
2017-02-08 20:00:00,94.2582,23.9,18.3,1013.9,4.6,220.0,4.0
2017-02-08 21:00:00,94.57820000000001,23.3,18.9,1014.6,4.6,230.0,2.0
2017-02-08 22:00:00,94.3382,22.2,19.4,1015.0,3.6,230.0,2.0
2017-02-08 23:00:00,95.41839999999999,22.2,20.0,1015.0,3.6,220.0,4.0
2017-02-09 00:00:00,97.2187,21.7,20.0,1014.6,4.1,210.0,4.0
2017-02-09 01:00:00,96.6587,22.2,20.0,1014.2,6.2,230.0,6.0
2017-02-09 02:00:00,97.2587,22.2,20.0,1014.4,5.1,230.0,
2017-02-09 03:00:00,99.2191,22.2,20.0,1014.1,4.6,240.0,
2017-02-09 04:00:00,99.17920000000001,22.2,19.4,1013.7,5.7,230.0,2.0
2017-02-09 05:00:00,99.8192,21.7,19.4,1013.8,5.7,240.0,2.0
2017-02-09 06:00:00,98.85910000000001,22.2,19.4,,4.6,240.0,
2017-02-09 07:00:00,98.9391,22.2,19.4,1014.4,6.2,230.0,4.0
2017-02-09 08:00:00,96.8587,22.8,20.0,1015.3,4.6,250.0,
2017-02-09 09:00:00,94.73830000000001,23.9,18.9,1016.4,7.2,280.0,4.0
2017-02-09 10:00:00,91.45769999999999,25.0,17.8,1017.1,8.8,290.0,4.0
2017-02-09 11:00:00,91.5376,26.1,17.2,1016.7,7.7,260.0,2.0
2017-02-09 12:00:00,91.13759999999999,27.2,17.2,1017.0,9.3,320.0,
2017-02-09 13:00:00,88.8972,26.7,15.6,1016.7,6.2,290.0,2.0
2017-02-09 14:00:00,83.6961,27.8,14.4,1016.5,6.2,290.0,4.0
2017-02-09 15:00:00,78.1751,27.8,11.7,1016.6,6.2,290.0,
2017-02-09 16:00:00,78.1351,27.8,4.4,1017.2,5.7,300.0,
2017-02-09 17:00:00,93.6581,26.7,2.8,1017.7,4.6,290.0,
2017-02-09 18:00:00,78.29509999999999,25.0,2.8,1018.8,3.6,320.0,4.0
2017-02-09 19:00:00,82.5359,22.2,3.3,1019.7,3.1,330.0,2.0
2017-02-09 20:00:00,86.0166,18.9,3.9,1021.2,3.6,360.0,2.0
2017-02-09 21:00:00,72.7741,18.9,3.3,1022.7,5.1,350.0,2.0
2017-02-09 22:00:00,73.1341,16.7,3.9,1023.4,3.1,340.0,4.0
2017-02-09 23:00:00,74.0543,17.2,1.7,1024.2,6.7,350.0,2.0
2017-02-10 00:00:00,68.89330000000001,15.0,1.7,1025.3,6.2,360.0,0.0
2017-02-10 01:00:00,67.733,14.4,0.6,1025.6,7.2,360.0,0.0
2017-02-10 02:00:00,69.05330000000001,12.8,1.1,1026.1,5.1,360.0,0.0
2017-02-10 03:00:00,68.25319999999999,11.7,1.7,1026.4,4.6,360.0,0.0
2017-02-10 04:00:00,71.0937,11.1,0.6,1026.4,4.6,360.0,0.0
2017-02-10 05:00:00,74.2544,10.6,0.0,1026.9,4.1,350.0,
2017-02-10 06:00:00,74.9745,10.0,1.1,1027.5,4.6,360.0,0.0
2017-02-10 07:00:00,77.0148,9.4,1.7,1028.3,5.1,350.0,0.0
2017-02-10 08:00:00,69.5334,10.6,1.7,1028.9,4.6,350.0,0.0
2017-02-10 09:00:00,74.7344,13.3,3.3,1029.4,3.6,360.0,0.0
2017-02-10 10:00:00,86.8568,16.7,5.0,1029.8,4.6,10.0,0.0
2017-02-10 11:00:00,87.1768,18.3,6.7,1030.0,5.7,30.0,0.0
2017-02-10 12:00:00,79.61529999999999,19.4,6.1,1029.5,4.6,40.0,0.0
2017-02-10 13:00:00,67.453,21.7,3.9,1028.7,5.1,30.0,2.0
2017-02-10 14:00:00,70.2136,22.2,3.9,1027.8,7.2,20.0,2.0
2017-02-10 15:00:00,69.73349999999999,22.8,2.8,1027.4,4.6,30.0,2.0
2017-02-10 16:00:00,73.8943,22.2,4.4,1027.1,5.7,30.0,2.0
2017-02-10 17:00:00,79.6153,20.6,6.7,1027.4,5.1,80.0,2.0
2017-02-10 18:00:00,92.21790000000001,18.9,6.7,1027.7,5.7,70.0,0.0
2017-02-10 19:00:00,71.2938,17.2,9.4,1027.7,3.6,70.0,0.0
2017-02-10 20:00:00,64.3724,15.6,10.6,1027.7,3.1,,0.0
2017-02-10 21:00:00,65.45270000000001,14.4,10.6,1027.8,2.6,90.0,0.0
2017-02-10 22:00:00,66.1728,15.0,10.6,1028.0,2.1,60.0,0.0
2017-02-10 23:00:00,71.2938,14.4,10.6,1027.5,2.1,70.0,2.0
2017-02-11 00:00:00,74.7744,14.4,10.6,1027.1,2.1,70.0,2.0
2017-02-11 01:00:00,75.29450000000001,11.1,9.4,1026.6,0.0,0.0,2.0
2017-02-11 02:00:00,75.0144,11.1,9.4,1026.0,0.0,0.0,0.0
2017-02-11 03:00:00,79.5754,10.6,9.4,1025.5,0.0,0.0,0.0
2017-02-11 04:00:00,78.6951,11.1,9.4,1025.3,0.0,0.0,0.0
2017-02-11 05:00:00,80.0155,10.0,8.3,1025.4,0.0,0.0,0.0
2017-02-11 06:00:00,80.7355,10.6,8.9,1025.4,0.0,0.0,0.0
2017-02-11 07:00:00,79.3353,11.1,9.4,1026.0,1.5,330.0,2.0
2017-02-11 08:00:00,69.73339999999999,13.3,11.1,1026.6,0.0,0.0,2.0
2017-02-11 09:00:00,90.2975,16.7,13.3,1027.0,0.0,0.0,2.0
2017-02-11 10:00:00,84.4963,20.0,13.3,1027.3,2.6,190.0,0.0
2017-02-11 11:00:00,83.29610000000001,22.8,13.3,1027.3,2.1,,2.0
2017-02-11 12:00:00,78.8552,23.9,12.2,1026.5,2.6,230.0,2.0
2017-02-11 13:00:00,75.4145,24.4,10.6,1025.4,2.1,,2.0
2017-02-11 14:00:00,74.4944,25.6,9.4,1024.5,3.6,190.0,0.0
2017-02-11 15:00:00,80.4156,25.6,8.9,1024.0,0.0,0.0,2.0
2017-02-11 16:00:00,76.9348,26.1,8.9,1023.3,3.1,210.0,0.0
2017-02-11 17:00:00,79.25540000000001,25.6,10.0,1023.2,3.1,150.0,0.0
2017-02-11 18:00:00,80.9756,23.9,10.6,1023.3,2.1,140.0,0.0
2017-02-11 19:00:00,83.4961,20.0,11.1,1023.6,2.1,150.0,0.0
2017-02-11 20:00:00,86.1366,20.0,13.9,1023.9,3.6,130.0,0.0
2017-02-11 21:00:00,88.5371,18.3,13.9,1024.0,3.1,130.0,0.0
2017-02-11 22:00:00,89.3373,20.0,14.4,1024.9,2.6,250.0,0.0
2017-02-11 23:00:00,93.69810000000001,18.3,13.9,1024.6,1.5,240.0,0.0
2017-02-12 00:00:00,86.2167,17.2,13.3,1024.3,0.0,0.0,0.0
2017-02-12 01:00:00,64.7325,15.6,13.3,1023.7,0.0,0.0,0.0
2017-02-12 02:00:00,64.4925,15.0,13.3,1023.2,0.0,0.0,0.0
2017-02-12 03:00:00,65.9727,13.3,12.2,1022.8,0.0,0.0,0.0
2017-02-12 04:00:00,67.373,13.3,12.2,1022.5,1.5,100.0,0.0
2017-02-12 05:00:00,67.293,12.8,11.7,1022.3,0.0,0.0,0.0
2017-02-12 06:00:00,68.77329999999999,14.4,13.3,1022.9,0.0,0.0,0.0
2017-02-12 07:00:00,68.2932,13.3,11.7,1023.3,0.0,0.0,0.0
2017-02-12 08:00:00,80.3755,12.8,12.2,1023.7,0.0,0.0,0.0
2017-02-12 09:00:00,92.7379,18.3,15.0,1024.0,2.1,230.0,0.0
2017-02-12 10:00:00,84.8964,21.7,14.4,1024.2,3.6,240.0,0.0
2017-02-12 11:00:00,78.8553,23.9,13.9,1024.1,2.6,,0.0
2017-02-12 12:00:00,80.5355,25.0,13.9,1023.4,2.6,210.0,2.0
2017-02-12 13:00:00,76.3747,26.7,12.8,1022.2,3.1,250.0,2.0
2017-02-12 14:00:00,77.9351,27.2,11.7,1020.7,2.6,280.0,2.0
2017-02-12 15:00:00,77.935,27.8,11.1,1020.0,5.7,310.0,2.0
2017-02-12 16:00:00,75.4145,27.8,10.6,1019.6,4.1,280.0,0.0
2017-02-12 17:00:00,78.4551,27.2,9.4,1019.5,5.7,300.0,0.0
2017-02-12 18:00:00,78.2951,25.6,10.6,1019.7,3.6,280.0,0.0
2017-02-12 19:00:00,85.7766,23.3,7.8,1020.2,3.6,280.0,0.0
2017-02-12 20:00:00,87.737,22.2,12.2,1020.2,3.1,280.0,0.0
2017-02-12 21:00:00,88.6571,20.6,13.9,1020.3,3.6,270.0,0.0
2017-02-12 22:00:00,90.4174,20.0,13.9,1020.6,4.6,280.0,0.0
2017-02-12 23:00:00,90.4175,19.4,14.4,1020.6,4.6,280.0,0.0
2017-02-13 00:00:00,94.5782,18.9,15.0,1020.2,4.1,280.0,0.0
2017-02-13 01:00:00,91.4977,18.3,15.6,1019.8,3.6,280.0,0.0
2017-02-13 02:00:00,96.1786,17.8,16.1,,2.6,260.0,
2017-02-13 03:00:00,89.2172,17.8,16.1,1018.9,3.1,280.0,
2017-02-13 04:00:00,92.938,18.3,16.1,1018.6,3.1,280.0,
2017-02-13 05:00:00,90.6175,18.3,16.7,1018.1,4.6,280.0,
2017-02-13 06:00:00,93.7381,18.9,16.7,1018.2,3.1,300.0,
2017-02-13 07:00:00,88.6572,20.0,17.2,1018.5,3.6,290.0,8.0
2017-02-13 08:00:00,92.4178,20.0,17.2,1018.7,3.1,280.0,4.0
2017-02-13 09:00:00,83.8162,21.7,17.2,1019.0,4.1,280.0,2.0
2017-02-13 10:00:00,83.5762,23.3,17.2,1019.0,3.6,320.0,4.0
2017-02-13 11:00:00,84.0963,24.4,17.8,1019.1,5.7,330.0,4.0
2017-02-13 12:00:00,83.8962,24.4,17.2,1018.6,3.6,340.0,
2017-02-13 13:00:00,87.977,24.4,17.2,1017.9,4.6,340.0,8.0
2017-02-13 14:00:00,91.73769999999999,23.3,17.2,1017.4,4.1,360.0,
2017-02-13 15:00:00,99.01910000000001,23.3,17.2,1016.9,3.1,350.0,
2017-02-13 16:00:00,84.81630000000001,22.8,16.1,1016.7,4.1,30.0,
2017-02-13 17:00:00,84.9764,23.3,15.6,1016.7,4.6,50.0,4.0
2017-02-13 18:00:00,90.8975,22.2,15.0,1016.9,4.1,20.0,2.0
2017-02-13 19:00:00,90.9775,20.6,15.0,1017.1,4.6,30.0,0.0
2017-02-13 20:00:00,93.8581,19.4,15.0,1017.4,3.6,30.0,0.0
2017-02-13 21:00:00,97.2987,18.3,12.8,1017.7,4.6,30.0,0.0
2017-02-13 22:00:00,93.4981,17.8,12.8,1017.8,4.6,20.0,
2017-02-13 23:00:00,85.73660000000001,17.2,12.8,1017.4,4.1,20.0,0.0
2017-02-14 00:00:00,82.696,16.7,12.8,1017.2,2.1,20.0,0.0
2017-02-14 01:00:00,66.5728,16.7,13.3,1016.6,2.1,30.0,2.0
2017-02-14 02:00:00,65.9728,16.1,13.3,1016.1,2.1,10.0,
2017-02-14 03:00:00,66.8929,16.1,13.3,1015.9,0.0,0.0,
2017-02-14 04:00:00,65.0925,15.0,13.3,1015.9,1.5,350.0,
2017-02-14 05:00:00,65.6527,16.1,13.9,1015.8,0.0,0.0,
2017-02-14 06:00:00,64.8925,16.1,13.9,1015.7,0.0,0.0,
2017-02-14 07:00:00,66.4529,15.6,13.3,1016.0,1.5,50.0,4.0
2017-02-14 08:00:00,67.413,17.2,15.0,1016.2,0.0,0.0,
2017-02-14 09:00:00,87.8969,20.0,15.0,1016.8,1.5,70.0,
2017-02-14 10:00:00,86.0966,23.3,16.7,1016.7,2.1,110.0,
2017-02-14 11:00:00,89.4572,25.0,17.2,1016.4,4.1,170.0,
2017-02-14 12:00:00,88.7371,25.6,17.2,1015.6,2.1,,
2017-02-14 13:00:00,91.2176,27.2,17.2,1014.4,6.2,200.0,4.0
2017-02-14 14:00:00,90.29740000000001,27.2,16.7,1013.4,3.1,210.0,
2017-02-14 15:00:00,91.13759999999999,27.8,16.1,1012.7,4.6,240.0,
2017-02-14 16:00:00,89.9374,27.8,15.0,1012.2,3.1,210.0,
2017-02-14 17:00:00,90.2174,26.7,15.0,1012.3,4.6,240.0,
2017-02-14 18:00:00,81.6557,26.1,15.0,1012.7,3.1,260.0,
2017-02-15 00:00:00,70.17349999999999,19.4,15.6,1013.3,2.6,250.0,0.0
2017-02-15 01:00:00,93.93820000000001,17.8,15.6,1012.9,1.5,260.0,2.0
2017-02-15 02:00:00,91.1776,15.6,14.4,1012.5,2.1,190.0,
2017-02-15 03:00:00,94.97829999999999,16.7,15.0,1011.8,2.1,220.0,0.0
2017-02-15 04:00:00,97.65889999999999,15.6,14.4,1011.4,2.1,200.0,
2017-02-15 05:00:00,95.3784,17.8,16.7,1011.2,4.6,200.0,
2017-02-15 06:00:00,94.85839999999999,17.8,16.7,1011.1,5.7,210.0,
2017-02-15 07:00:00,96.6186,18.9,16.7,1011.9,4.1,220.0,8.0
2017-02-15 08:00:00,92.778,19.4,17.2,1011.9,4.6,200.0,
2017-02-15 09:00:00,93.538,20.6,16.7,1011.3,6.2,200.0,
2017-02-15 10:00:00,104.5402,21.1,16.1,1010.3,7.2,200.0,
2017-02-15 11:00:00,83.9362,23.3,16.7,1009.6,8.8,210.0,
2017-02-15 12:00:00,87.93700000000001,26.1,16.1,1009.7,9.8,230.0,
2017-02-15 13:00:00,80.2955,27.2,15.0,1008.5,10.3,230.0,6.0
2017-02-15 14:00:00,94.8982,28.3,15.0,1007.8,11.3,250.0,
2017-02-15 15:00:00,85.6565,27.2,16.1,1007.5,11.3,240.0,
2017-02-15 16:00:00,89.9373,26.7,16.1,1006.7,11.8,240.0,
2017-02-15 17:00:00,106.6206,25.6,17.8,1007.0,9.8,250.0,
2017-02-15 18:00:00,89.41730000000001,23.9,17.8,1008.1,9.3,250.0,
2017-02-15 19:00:00,94.4182,22.2,17.8,1008.3,5.1,250.0,4.0
2017-02-15 20:00:00,83.136,21.7,16.1,1009.2,7.2,260.0,
2017-02-15 21:00:00,85.1764,20.6,13.9,1010.0,9.3,260.0,4.0
2017-02-15 22:00:00,87.7769,18.9,13.3,1010.6,6.2,260.0,2.0
2017-02-15 23:00:00,85.8166,17.8,13.3,1010.8,4.6,260.0,2.0
2017-02-16 00:00:00,85.4965,18.3,12.8,1011.6,6.7,280.0,
2017-02-16 01:00:00,89.7373,17.8,12.2,1011.8,6.7,260.0,6.0
2017-02-16 02:00:00,90.0574,17.2,12.2,1012.2,6.2,260.0,
2017-02-16 03:00:00,92.7379,16.7,12.2,1012.3,3.6,260.0,
2017-02-16 04:00:00,94.4183,17.2,11.7,1012.6,5.1,280.0,
2017-02-16 05:00:00,93.57809999999999,17.2,10.6,1012.7,3.1,280.0,
2017-02-16 06:00:00,90.97749999999999,16.7,10.6,1012.8,8.2,330.0,
2017-02-16 07:00:00,82.5359,15.6,10.0,1013.4,5.1,320.0,4.0
2017-02-16 08:00:00,71.4537,14.4,7.8,1014.4,6.7,320.0,2.0
2017-02-16 09:00:00,93.098,15.6,7.8,1015.5,4.1,300.0,2.0
2017-02-16 10:00:00,85.97659999999999,16.1,6.7,1016.1,3.1,300.0,2.0
2017-02-16 11:00:00,83.7361,18.3,4.4,1016.5,5.7,310.0,2.0
2017-02-16 12:00:00,78.9352,18.9,5.6,1016.3,5.1,270.0,2.0
2017-02-16 13:00:00,71.7338,20.6,3.3,1015.9,4.1,280.0,2.0
2017-02-16 14:00:00,68.2132,21.7,2.2,1015.4,5.7,280.0,2.0
2017-02-16 15:00:00,67.8931,22.2,1.7,1015.1,4.6,300.0,2.0
2017-02-16 16:00:00,64.8525,21.7,2.2,1014.7,5.1,330.0,2.0
2017-02-16 17:00:00,78.21509999999999,21.1,-0.6,1015.1,3.6,340.0,2.0
2017-02-16 18:00:00,85.1364,20.0,-1.1,1015.7,3.6,320.0,2.0
2017-02-16 19:00:00,65.5327,17.2,0.0,1016.4,3.1,320.0,2.0
2017-02-16 20:00:00,66.4528,17.2,0.6,1017.0,1.5,300.0,0.0
2017-02-16 21:00:00,72.0139,12.8,2.8,1017.9,3.1,270.0,0.0
2017-02-16 22:00:00,64.8926,13.9,3.9,1018.5,3.6,290.0,0.0
2017-02-16 23:00:00,68.6132,13.3,5.0,1018.5,3.1,310.0,0.0
2017-02-17 00:00:00,77.855,12.2,6.1,1018.5,1.5,310.0,2.0
2017-02-17 01:00:00,82.73599999999999,11.7,6.1,1018.3,0.0,0.0,4.0
2017-02-17 02:00:00,85.21640000000001,11.1,6.7,1018.4,1.5,300.0,0.0
2017-02-17 03:00:00,81.8558,10.6,6.1,1017.8,2.6,330.0,2.0
2017-02-17 04:00:00,86.65679999999999,8.3,5.0,1018.1,3.6,360.0,2.0
2017-02-17 05:00:00,90.6575,8.3,3.9,1018.3,2.1,360.0,0.0
2017-02-17 06:00:00,91.1376,8.9,4.4,1018.9,1.5,360.0,0.0
2017-02-17 07:00:00,92.61789999999999,9.4,4.4,1019.5,2.1,20.0,2.0
2017-02-17 08:00:00,75.0145,10.0,6.7,1020.2,0.0,0.0,0.0
2017-02-17 09:00:00,82.4959,15.0,5.0,1020.7,2.1,360.0,2.0
2017-02-17 10:00:00,90.9376,18.3,1.1,1020.7,1.5,20.0,4.0
2017-02-17 11:00:00,87.0968,20.0,-1.7,1020.6,0.0,0.0,4.0
2017-02-17 12:00:00,68.01310000000001,21.7,0.0,1020.0,1.5,,4.0
2017-02-17 13:00:00,62.412099999999995,22.8,-0.6,1019.0,1.5,,2.0
2017-02-17 14:00:00,71.8139,23.3,0.6,1018.1,1.5,,2.0
2017-02-17 15:00:00,69.7335,23.9,-0.6,1017.6,2.1,170.0,4.0
2017-02-17 16:00:00,74.0543,23.9,0.0,1017.2,1.5,,
2017-02-17 17:00:00,72.374,23.9,0.6,1016.9,3.1,200.0,
2017-02-17 18:00:00,79.2153,21.7,1.1,1017.2,2.6,200.0,
2017-02-17 19:00:00,73.1341,18.9,2.8,1017.4,0.0,0.0,4.0
2017-02-17 20:00:00,67.333,16.7,2.8,1017.6,0.0,0.0,4.0
2017-02-17 21:00:00,61.091699999999996,16.7,11.1,1018.0,3.1,120.0,
2017-02-17 22:00:00,63.5723,15.6,11.1,1018.1,2.1,120.0,2.0
2017-02-17 23:00:00,63.5722,15.0,11.7,1017.6,0.0,0.0,
2017-02-18 00:00:00,63.4522,14.4,11.7,1017.5,0.0,0.0,
2017-02-18 01:00:00,64.4525,13.3,11.1,1017.5,0.0,0.0,6.0
2017-02-18 02:00:00,67.05290000000001,13.3,11.1,1017.2,0.0,0.0,
2017-02-18 03:00:00,67.2929,13.9,11.7,1017.3,0.0,0.0,
2017-02-18 04:00:00,67.9731,13.3,11.7,1016.9,1.5,100.0,
2017-02-18 05:00:00,69.0133,13.3,11.7,1016.1,1.5,120.0,
2017-02-18 06:00:00,67.0929,12.2,10.6,1016.4,2.1,140.0,4.0
2017-02-18 07:00:00,65.5326,11.7,11.1,1017.2,0.0,0.0,6.0
2017-02-18 08:00:00,68.7332,15.0,14.4,1017.7,0.0,0.0,
2017-02-18 09:00:00,87.1368,16.7,15.0,1017.7,2.1,140.0,
2017-02-18 10:00:00,88.7771,21.7,14.4,1017.7,4.1,160.0,
2017-02-18 11:00:00,80.9756,23.9,14.4,1017.5,7.2,170.0,
2017-02-18 12:00:00,77.975,25.6,13.9,1016.9,6.7,160.0,
2017-02-18 13:00:00,77.2149,25.0,13.9,1016.9,6.2,210.0,6.0
2017-02-18 14:00:00,75.9747,25.0,12.8,1015.7,5.7,190.0,
2017-02-18 15:00:00,76.1347,25.6,12.2,1015.9,3.1,270.0,
2017-02-18 16:00:00,77.77510000000001,23.9,13.9,1015.0,2.1,240.0,
2017-02-18 17:00:00,82.4559,22.2,16.7,1014.5,1.5,310.0,
2017-02-18 18:00:00,86.01660000000001,21.7,17.2,1015.0,2.6,280.0,
2017-02-18 19:00:00,85.4965,20.0,16.7,1015.3,2.1,230.0,6.0
2017-02-18 20:00:00,89.0972,19.4,16.7,1015.3,2.6,180.0,
2017-02-18 21:00:00,87.2168,20.0,16.7,1016.0,1.5,270.0,
2017-02-18 22:00:00,90.1774,19.4,16.7,1016.2,0.0,0.0,
2017-02-18 23:00:00,85.3764,20.6,17.8,1016.1,2.6,230.0,
2017-02-19 00:00:00,87.2568,20.6,18.3,1015.9,3.6,240.0,
2017-02-19 01:00:00,88.177,20.6,18.3,1016.1,3.6,290.0,8.0
2017-02-19 02:00:00,87.0968,20.0,17.8,1015.8,2.1,290.0,
2017-02-19 03:00:00,92.938,18.9,17.2,1015.6,2.1,220.0,
2017-02-19 04:00:00,90.6575,18.3,17.2,1015.6,1.5,200.0,
2017-02-19 05:00:00,94.0181,18.9,17.2,1015.6,2.1,210.0,
2017-02-19 06:00:00,94.5382,18.3,17.2,1016.4,2.1,270.0,
2017-02-19 07:00:00,90.0973,18.3,17.2,1016.7,0.0,0.0,6.0
2017-02-19 08:00:00,91.1375,18.9,17.8,1017.6,2.1,300.0,
2017-02-19 09:00:00,84.6964,20.0,18.3,1018.3,2.1,280.0,
2017-02-19 10:00:00,82.976,21.7,17.8,1018.5,5.1,330.0,
2017-02-19 11:00:00,79.2953,22.2,17.2,1018.7,4.1,320.0,
2017-02-19 12:00:00,77.09479999999999,23.3,16.7,1018.3,5.1,310.0,
2017-02-19 13:00:00,75.8946,25.0,14.4,1017.7,5.1,300.0,2.0
2017-02-19 14:00:00,76.8549,26.1,13.3,1016.9,4.1,310.0,2.0
2017-02-19 15:00:00,76.2547,26.7,13.3,1016.6,6.2,290.0,2.0
2017-02-19 16:00:00,76.1746,27.2,14.4,1016.4,3.6,320.0,2.0
2017-02-19 17:00:00,76.2947,27.2,12.8,1016.8,2.6,330.0,2.0
2017-02-19 18:00:00,78.7752,25.6,12.8,1017.0,2.6,320.0,2.0
2017-02-19 19:00:00,86.4567,21.7,15.0,1017.7,2.6,60.0,2.0
2017-02-19 20:00:00,89.2173,20.0,15.0,1018.1,3.1,80.0,0.0
2017-02-19 21:00:00,94.7783,19.4,15.0,1018.4,2.6,70.0,0.0
2017-02-19 22:00:00,89.1772,18.3,15.0,1019.0,0.0,0.0,0.0
2017-02-19 23:00:00,86.0966,16.7,14.4,1019.7,4.1,260.0,0.0
2017-02-20 00:00:00,86.1366,17.8,15.0,1019.5,0.0,0.0,0.0
2017-02-20 01:00:00,78.8552,15.6,13.9,1019.3,0.0,0.0,0.0
2017-02-20 02:00:00,64.5725,15.0,13.3,1019.3,0.0,0.0,0.0
2017-02-20 03:00:00,62.332,15.0,13.9,1018.9,0.0,0.0,0.0
2017-02-20 04:00:00,64.2124,14.4,12.8,1018.7,0.0,0.0,0.0
2017-02-20 05:00:00,64.9325,13.9,12.8,1018.8,0.0,0.0,0.0
2017-02-20 06:00:00,65.3726,13.3,12.8,1019.1,0.0,0.0,0.0
2017-02-20 07:00:00,66.09270000000001,14.4,13.3,1019.7,1.5,360.0,2.0
2017-02-20 08:00:00,80.05539999999999,17.2,16.1,1020.2,0.0,0.0,2.0
2017-02-20 09:00:00,90.0974,20.6,16.1,1021.0,1.5,350.0,2.0
2017-02-20 10:00:00,81.17569999999999,23.3,15.0,1021.3,1.5,30.0,2.0
2017-02-20 11:00:00,77.575,25.0,13.9,1021.1,2.6,90.0,4.0
2017-02-20 12:00:00,79.0153,26.1,13.3,1020.7,0.0,0.0,4.0
2017-02-20 13:00:00,77.09479999999999,27.2,12.2,1019.6,2.6,,4.0
2017-02-20 14:00:00,80.25540000000001,27.8,11.7,1018.7,3.6,120.0,4.0
2017-02-20 15:00:00,81.01570000000001,28.3,12.2,1018.4,4.1,80.0,4.0
2017-02-20 16:00:00,79.6154,26.7,13.9,1018.3,2.6,80.0,4.0
2017-02-20 17:00:00,80.3756,27.2,15.6,1018.5,6.2,80.0,4.0
2017-02-20 18:00:00,82.736,24.4,15.6,1019.2,5.1,80.0,2.0
2017-02-20 19:00:00,85.85660000000001,22.8,15.0,1019.7,4.1,90.0,2.0
2017-02-20 20:00:00,93.5781,21.1,16.7,1020.2,3.1,80.0,0.0
2017-02-20 21:00:00,80.3356,20.0,17.2,1020.2,2.6,80.0,0.0
2017-02-20 22:00:00,85.6566,19.4,17.8,1020.0,2.6,90.0,2.0
2017-02-20 23:00:00,98.37899999999999,19.4,17.8,1019.9,2.6,80.0,2.0
2017-02-21 00:00:00,96.1385,18.3,17.2,1019.3,2.1,80.0,2.0
2017-02-21 01:00:00,90.3774,18.3,17.2,1019.1,1.5,80.0,4.0
2017-02-21 02:00:00,88.09700000000001,17.2,16.7,1019.1,0.0,0.0,
2017-02-21 03:00:00,87.2969,16.7,15.6,1018.9,0.0,0.0,
2017-02-21 04:00:00,86.85669999999999,15.6,15.0,,0.0,0.0,
2017-02-21 05:00:00,83.136,15.0,14.4,1019.3,0.0,0.0,
2017-02-21 06:00:00,66.6529,16.1,15.0,1019.9,0.0,0.0,
2017-02-21 07:00:00,65.8527,16.7,15.0,1019.9,0.0,0.0,6.0
2017-02-21 08:00:00,77.85499999999999,17.2,15.6,1020.2,1.5,80.0,
2017-02-21 09:00:00,87.01679999999999,18.9,16.7,1020.3,0.0,0.0,
2017-02-21 10:00:00,94.6583,21.1,16.7,1019.6,3.1,120.0,
2017-02-21 11:00:00,85.0564,23.3,15.0,1019.8,3.1,,
2017-02-21 12:00:00,82.5759,24.4,14.4,1019.0,5.1,140.0,
2017-02-21 13:00:00,77.135,24.4,15.0,1017.9,3.6,120.0,8.0
2017-02-21 14:00:00,81.1757,25.0,15.6,1016.6,6.2,100.0,
2017-02-21 15:00:00,80.49549999999999,25.0,15.6,1015.1,7.2,120.0,
2017-02-21 16:00:00,83.4961,25.6,16.1,1014.9,6.2,130.0,
2017-02-21 17:00:00,84.0962,24.4,15.0,1014.8,5.1,120.0,
2017-02-21 18:00:00,86.8968,23.9,15.0,1015.3,5.1,110.0,
2017-02-21 19:00:00,90.2174,22.8,15.0,1015.1,4.6,110.0,8.0
2017-02-21 20:00:00,88.9772,21.7,15.0,1015.1,5.1,110.0,
2017-02-21 21:00:00,93.49810000000001,20.6,15.0,1014.9,3.6,120.0,
2017-02-21 22:00:00,92.5779,20.0,15.6,1014.6,3.6,130.0,
2017-02-21 23:00:00,93.97810000000001,20.0,15.6,1013.8,3.6,130.0,
2017-02-22 00:00:00,93.298,19.4,15.0,1013.1,3.1,120.0,
2017-02-22 01:00:00,97.2988,20.0,15.6,1012.4,3.6,130.0,8.0
2017-02-22 02:00:00,93.6581,19.4,15.6,1011.3,3.6,140.0,
2017-02-22 03:00:00,96.8187,20.0,16.1,1010.3,4.1,120.0,
2017-02-22 04:00:00,93.8982,19.4,16.1,1010.0,4.1,120.0,
2017-02-22 05:00:00,96.2986,19.4,16.1,1009.4,2.6,130.0,
2017-02-22 06:00:00,94.0982,20.0,16.1,1009.6,3.1,110.0,
2017-02-22 07:00:00,94.3381,20.0,16.7,1009.4,4.6,110.0,8.0
2017-02-22 08:00:00,94.5783,20.6,16.7,1009.7,4.6,110.0,
2017-02-22 09:00:00,93.4181,20.6,17.2,1009.6,3.6,110.0,
2017-02-22 10:00:00,91.7777,21.1,17.8,1009.1,4.1,100.0,
2017-02-22 11:00:00,88.097,21.7,17.8,1008.6,5.7,100.0,
2017-02-22 12:00:00,94.65820000000001,21.1,18.9,1008.0,3.1,130.0,
2017-02-22 13:00:00,98.0989,20.0,17.8,1007.1,3.6,150.0,8.0
2017-02-22 14:00:00,95.7784,18.9,16.7,1005.9,4.1,90.0,
2017-02-22 15:00:00,98.619,19.4,17.8,1005.4,4.6,60.0,
2017-02-22 16:00:00,97.4188,19.4,17.8,1005.1,6.2,80.0,
2017-02-22 17:00:00,99.0191,18.9,16.7,1004.8,5.1,110.0,
2017-02-22 18:00:00,97.4188,18.9,16.7,1004.6,4.6,110.0,
2017-02-22 19:00:00,99.45920000000001,18.3,16.7,1004.8,2.6,100.0,8.0
2017-02-22 20:00:00,100.21940000000001,18.3,16.7,1005.3,3.6,90.0,
2017-02-22 21:00:00,99.25909999999999,18.3,16.7,1005.5,2.6,80.0,
2017-02-22 22:00:00,99.89930000000001,18.3,16.1,1005.3,0.0,0.0,
2017-02-22 23:00:00,98.2189,17.8,16.7,1004.7,2.6,10.0,
2017-02-23 00:00:00,92.6579,17.8,16.7,1004.0,2.6,360.0,
2017-02-23 01:00:00,97.0188,17.2,16.1,1003.4,3.6,360.0,8.0
2017-02-23 02:00:00,98.73899999999999,17.2,16.1,1002.0,2.6,280.0,
2017-02-23 03:00:00,98.5791,17.8,16.7,1001.1,3.6,240.0,
2017-02-23 04:00:00,97.6988,17.8,16.7,1001.7,2.1,170.0,
2017-02-23 05:00:00,94.73830000000001,16.7,16.1,1002.4,2.1,180.0,
2017-02-23 06:00:00,96.8587,17.2,16.1,,3.6,230.0,
2017-02-23 07:00:00,98.179,16.7,15.6,1002.6,4.1,230.0,6.0
2017-02-23 08:00:00,98.25899999999999,17.2,15.6,1003.3,2.1,250.0,
2017-02-23 09:00:00,102.7398,18.3,15.6,1003.5,3.6,230.0,
2017-02-23 10:00:00,93.338,20.0,15.6,1004.2,1.5,240.0,
2017-02-23 11:00:00,85.1765,21.7,15.6,1004.5,1.5,20.0,
2017-02-23 12:00:00,81.97579999999999,22.8,15.6,1004.1,2.6,40.0,
2017-02-23 13:00:00,81.9358,24.4,15.6,1003.6,3.1,20.0,6.0
2017-02-23 14:00:00,83.5361,25.6,16.1,1002.9,3.1,,
2017-02-23 15:00:00,85.6965,23.9,16.7,1002.6,6.2,360.0,
2017-02-23 16:00:00,87.5769,23.9,18.9,1002.3,6.7,350.0,
2017-02-23 17:00:00,87.737,21.7,18.3,1002.8,9.3,20.0,
2017-02-23 18:00:00,90.0174,22.2,17.8,1003.6,7.2,10.0,
2017-02-23 19:00:00,91.6977,21.7,17.8,1003.9,7.2,360.0,8.0
2017-02-23 20:00:00,96.3787,20.6,17.8,1005.1,7.2,30.0,
2017-02-23 21:00:00,94.2582,20.0,17.8,1005.7,6.2,20.0,4.0
2017-02-23 22:00:00,98.29899999999999,20.0,17.8,1006.6,4.1,360.0,2.0
2017-02-23 23:00:00,94.6983,20.0,17.8,1007.2,4.6,350.0,2.0
2017-02-24 00:00:00,97.4988,19.4,17.8,1007.1,4.1,350.0,2.0
2017-02-24 01:00:00,96.2986,18.9,17.2,1007.3,4.6,340.0,2.0
2017-02-24 02:00:00,98.09889999999999,18.9,17.2,1007.3,4.6,340.0,4.0
2017-02-24 03:00:00,97.97890000000001,18.9,17.2,1006.8,4.1,340.0,2.0
2017-02-24 04:00:00,95.6585,18.9,17.2,1007.1,4.6,340.0,2.0
2017-02-24 05:00:00,97.5388,18.9,17.2,,4.1,340.0,
2017-02-24 06:00:00,94.5783,19.4,17.8,1008.2,4.6,350.0,
2017-02-24 07:00:00,96.3386,19.4,17.8,1008.7,3.6,360.0,8.0
2017-02-24 08:00:00,92.938,20.0,18.3,1008.8,3.6,360.0,
2017-02-24 09:00:00,90.2174,21.7,18.3,1009.4,5.1,360.0,4.0
2017-02-24 10:00:00,91.29759999999999,23.3,18.3,1010.0,4.1,30.0,2.0
2017-02-24 11:00:00,90.6575,25.0,17.8,1010.2,6.2,50.0,
2017-02-24 12:00:00,91.6577,27.2,17.2,1009.7,4.6,40.0,
2017-02-24 13:00:00,89.9374,27.8,17.2,1009.1,4.6,70.0,4.0
2017-02-24 14:00:00,92.9779,26.7,16.1,1008.5,6.2,60.0,
2017-02-24 15:00:00,91.0575,28.3,16.1,1008.4,6.7,50.0,4.0
2017-02-24 16:00:00,92.3378,27.2,15.0,1008.4,5.1,70.0,2.0
2017-02-24 17:00:00,89.8973,26.7,15.6,1008.6,5.1,70.0,2.0
2017-02-24 18:00:00,92.21780000000001,25.0,16.1,1009.2,5.1,70.0,2.0
2017-02-24 19:00:00,86.6168,23.3,16.7,1009.9,3.1,60.0,2.0
2017-02-24 20:00:00,89.6574,22.2,16.7,1010.6,3.1,60.0,0.0
2017-02-24 21:00:00,95.05839999999999,21.1,17.2,1011.4,2.6,80.0,0.0
2017-02-24 22:00:00,93.0979,20.6,17.2,1011.6,2.6,100.0,0.0
2017-02-24 23:00:00,96.0586,19.4,17.2,1011.6,2.1,90.0,0.0
2017-02-25 00:00:00,95.7385,18.9,17.2,1011.4,0.0,0.0,0.0
2017-02-25 01:00:00,95.85849999999999,18.3,17.2,1011.1,0.0,0.0,0.0
2017-02-25 02:00:00,97.05869999999999,16.7,16.1,1011.2,1.5,230.0,0.0
2017-02-25 03:00:00,94.37819999999999,16.7,16.1,1010.9,0.0,0.0,0.0
2017-02-25 04:00:00,99.97930000000001,15.6,14.4,1010.4,1.5,220.0,2.0
2017-02-25 05:00:00,101.01949999999998,16.1,15.0,1010.2,2.1,200.0,2.0
2017-02-25 06:00:00,98.179,15.6,15.0,1011.0,1.5,200.0,0.0
2017-02-25 07:00:00,93.0179,16.7,15.6,1011.8,1.5,200.0,0.0
2017-02-25 08:00:00,93.57809999999999,18.3,17.2,1012.4,2.1,220.0,0.0
2017-02-25 09:00:00,86.2567,21.1,18.3,1013.2,3.1,230.0,2.0
2017-02-25 10:00:00,86.1366,23.3,17.8,1013.4,4.6,210.0,2.0
2017-02-25 11:00:00,86.0166,24.4,17.8,1013.6,6.2,300.0,4.0
2017-02-25 12:00:00,85.7766,22.2,17.8,1013.8,6.2,270.0,
2017-02-25 13:00:00,87.6969,23.3,17.8,1013.5,6.7,270.0,6.0
2017-02-25 14:00:00,87.01679999999999,25.6,16.7,1012.3,4.6,250.0,4.0
2017-02-25 15:00:00,87.937,26.1,15.6,1011.7,4.1,270.0,
2017-02-25 16:00:00,82.856,27.2,13.3,1011.4,3.6,270.0,
2017-02-25 17:00:00,82.0959,27.2,12.8,1011.8,4.6,260.0,4.0
2017-02-25 18:00:00,82.49589999999999,26.1,12.8,1012.0,4.1,270.0,2.0
2017-02-25 19:00:00,86.7768,24.4,14.4,1012.6,5.7,290.0,0.0
2017-02-25 20:00:00,89.1372,22.2,14.4,1013.3,3.1,270.0,0.0
2017-02-25 21:00:00,93.178,21.7,15.0,1014.0,3.6,250.0,2.0
2017-02-25 22:00:00,92.2178,20.0,15.0,1014.9,3.1,270.0,2.0
2017-02-25 23:00:00,93.298,20.0,16.1,1015.6,3.1,280.0,2.0
2017-02-26 00:00:00,96.49860000000001,19.4,16.7,1015.9,3.6,280.0,2.0
2017-02-26 01:00:00,95.8185,18.9,17.2,1016.2,3.1,270.0,4.0
2017-02-26 02:00:00,94.89829999999999,18.3,16.7,1016.4,2.6,280.0,2.0
2017-02-26 03:00:00,96.89869999999999,17.8,16.7,1016.6,2.1,290.0,2.0
2017-02-26 04:00:00,99.5792,17.8,15.0,1017.0,5.1,330.0,2.0
2017-02-26 05:00:00,82.4559,16.1,11.7,1017.7,5.1,350.0,0.0
2017-02-26 06:00:00,71.2537,15.0,8.9,1018.8,4.6,360.0,0.0
2017-02-26 07:00:00,67.9332,12.8,6.7,1019.7,3.6,350.0,0.0
2017-02-26 08:00:00,82.13589999999999,15.0,5.0,1020.5,4.1,360.0,0.0
2017-02-26 09:00:00,88.4171,17.2,4.4,1021.4,5.7,10.0,2.0
2017-02-26 10:00:00,82.2559,20.0,5.6,1022.1,5.1,20.0,0.0
2017-02-26 11:00:00,68.8533,21.1,4.4,1022.4,5.7,40.0,0.0
2017-02-26 12:00:00,75.0145,22.8,4.4,1022.0,6.7,10.0,0.0
2017-02-26 13:00:00,72.494,24.4,3.9,1021.7,5.1,20.0,0.0
2017-02-26 14:00:00,74.29429999999999,25.0,4.4,1021.0,5.1,40.0,0.0
2017-02-26 15:00:00,66.8529,25.0,3.3,1020.9,4.1,10.0,0.0
2017-02-26 16:00:00,64.8925,23.9,3.9,1021.1,4.6,60.0,0.0
2017-02-26 17:00:00,70.8936,22.8,5.6,1021.5,5.7,70.0,0.0
2017-02-26 18:00:00,86.1366,20.6,5.0,1022.0,6.2,60.0,0.0
2017-02-26 19:00:00,84.93639999999999,18.3,6.1,1023.0,5.1,30.0,0.0
2017-02-26 20:00:00,67.333,17.8,7.2,1023.4,4.6,30.0,0.0
2017-02-26 21:00:00,66.0928,16.1,7.2,1023.7,4.1,30.0,0.0
2017-02-26 22:00:00,64.61240000000001,15.6,7.8,1023.9,4.1,30.0,0.0
2017-02-26 23:00:00,69.7334,15.6,8.9,1023.7,3.6,60.0,0.0
2017-02-27 00:00:00,72.0539,13.9,9.4,1023.5,2.1,90.0,0.0
2017-02-27 01:00:00,72.7741,15.0,10.6,1023.2,2.1,80.0,0.0
2017-02-27 02:00:00,74.3344,14.4,10.6,1023.0,2.6,90.0,0.0
2017-02-27 03:00:00,74.2544,14.4,11.1,1023.1,2.6,70.0,0.0
2017-02-27 04:00:00,74.89440000000002,13.9,11.1,1022.9,2.6,70.0,0.0
2017-02-27 05:00:00,74.3344,12.8,10.6,1023.0,2.1,10.0,0.0
2017-02-27 06:00:00,70.8137,15.0,12.2,1023.1,2.1,60.0,0.0
2017-02-27 07:00:00,67.253,13.9,11.7,1023.6,2.6,360.0,0.0
2017-02-27 08:00:00,82.4559,17.2,13.9,1023.8,2.1,10.0,0.0
2017-02-27 09:00:00,89.73740000000001,21.1,15.6,1024.3,2.6,70.0,4.0
2017-02-27 10:00:00,90.6575,23.3,17.2,1024.9,4.6,90.0,
2017-02-27 11:00:00,89.65729999999999,26.1,18.3,1024.5,5.7,120.0,4.0
2017-02-27 12:00:00,90.1374,27.8,18.3,1023.7,5.1,110.0,4.0
2017-02-27 13:00:00,91.5377,27.2,17.2,1023.2,3.1,130.0,6.0
2017-02-27 14:00:00,90.8175,27.8,17.2,1022.3,6.2,130.0,
2017-02-27 15:00:00,92.2578,28.9,16.1,1021.9,4.1,150.0,
2017-02-27 16:00:00,92.2578,29.4,16.7,1021.5,5.1,110.0,
2017-02-27 17:00:00,91.2176,28.3,16.7,1021.7,7.7,100.0,
2017-02-27 18:00:00,93.378,26.1,17.2,1022.4,5.1,100.0,4.0
2017-02-27 19:00:00,93.8181,24.4,17.2,1023.0,5.1,110.0,4.0
2017-02-27 20:00:00,94.6582,22.8,17.8,1023.7,4.6,120.0,0.0
2017-02-27 21:00:00,98.619,22.2,18.3,1024.2,4.1,120.0,0.0
2017-02-27 22:00:00,97.0988,21.7,18.3,1024.8,3.6,120.0,0.0
2017-02-27 23:00:00,99.8993,21.1,18.9,1024.8,3.1,130.0,0.0
2017-02-28 00:00:00,92.5779,20.6,18.9,1024.9,2.1,190.0,0.0
2017-02-28 01:00:00,91.2976,20.0,18.9,1024.8,0.0,0.0,6.0
2017-02-28 02:00:00,89.6973,21.1,19.4,1025.3,2.1,320.0,
2017-02-28 03:00:00,93.8981,20.6,18.9,1024.6,0.0,0.0,
2017-02-28 04:00:00,89.2173,18.9,17.8,1024.0,1.5,130.0,
2017-02-28 05:00:00,87.4969,19.4,18.3,1023.8,1.5,100.0,4.0
2017-02-28 06:00:00,94.5783,17.8,17.2,,0.0,0.0,2.0
2017-02-28 07:00:00,87.9769,18.3,17.2,1024.5,0.0,0.0,4.0
2017-02-28 08:00:00,71.4538,20.6,19.4,1025.1,1.5,110.0,
2017-02-28 09:00:00,103.42,21.1,20.6,1025.8,0.0,0.0,2.0
2017-02-28 10:00:00,92.37790000000001,25.0,20.0,1026.1,5.1,170.0,4.0
2017-02-28 11:00:00,93.25800000000001,26.1,19.4,1025.6,5.1,170.0,4.0
2017-02-28 12:00:00,92.97800000000001,28.9,19.4,1024.7,4.6,170.0,4.0
2017-02-28 13:00:00,93.53800000000001,29.4,18.3,1023.6,4.6,160.0,4.0
2017-02-28 14:00:00,90.3774,30.0,17.8,1022.5,3.6,140.0,
2017-02-28 15:00:00,92.4178,28.3,16.7,1021.8,4.6,120.0,
2017-02-28 16:00:00,106.6206,28.9,16.7,1021.7,5.1,120.0,
2017-02-28 17:00:00,91.0175,28.9,16.1,1021.8,3.6,90.0,4.0
2017-02-28 18:00:00,90.3774,27.2,18.3,1022.0,4.1,100.0,2.0
2017-02-28 19:00:00,92.9379,24.4,18.9,1022.1,3.1,100.0,2.0
2017-02-28 20:00:00,93.338,23.3,18.9,1022.3,3.6,100.0,0.0
2017-02-28 21:00:00,92.0178,22.8,18.9,1022.4,4.1,120.0,0.0
2017-02-28 22:00:00,93.618,22.2,18.9,1022.8,3.6,150.0,2.0
2017-02-28 23:00:00,94.4982,21.1,18.3,1023.0,3.1,130.0,2.0
2017-03-01 00:00:00,98.339,20.6,18.3,1022.6,2.6,140.0,0.0
2017-03-01 01:00:00,98.0589,20.0,18.3,1022.4,0.0,0.0,2.0
2017-03-01 02:00:00,101.09960000000001,20.0,18.3,1022.0,1.5,130.0,
2017-03-01 03:00:00,89.7773,19.4,18.3,1021.5,0.0,0.0,2.0
2017-03-01 04:00:00,101.5796,18.9,17.8,1021.1,0.0,0.0,2.0
2017-03-01 05:00:00,93.77810000000001,17.8,17.2,1021.3,0.0,0.0,
2017-03-01 06:00:00,96.8187,18.3,17.2,1021.7,0.0,0.0,4.0
2017-03-01 07:00:00,96.8986,16.7,16.1,1021.9,0.0,0.0,4.0
2017-03-01 08:00:00,99.6992,19.4,18.9,1021.9,0.0,0.0,4.0
2017-03-01 09:00:00,105.6204,22.8,20.0,1022.1,2.6,160.0,2.0
2017-03-01 10:00:00,90.69749999999999,25.0,18.3,1022.2,3.1,190.0,2.0
2017-03-01 11:00:00,89.8973,26.7,16.7,1022.0,3.6,150.0,4.0
2017-03-01 12:00:00,89.1772,27.8,15.6,1021.3,1.5,,4.0
2017-03-01 13:00:00,90.73750000000001,28.9,13.3,1020.1,4.1,160.0,6.0
2017-03-01 14:00:00,89.9374,29.4,14.4,1018.9,4.1,140.0,
2017-03-01 15:00:00,90.89750000000001,29.4,14.4,1018.2,0.0,0.0,
2017-03-01 16:00:00,92.0977,30.0,13.3,1017.6,2.1,200.0,
2017-03-01 17:00:00,81.8558,28.9,13.9,1017.4,3.6,190.0,
2017-03-01 18:00:00,84.09620000000001,28.3,13.9,1017.1,2.1,190.0,
2017-03-01 19:00:00,82.4159,25.0,14.4,1017.0,1.5,150.0,6.0
2017-03-01 20:00:00,89.9374,23.9,18.9,1017.6,3.1,120.0,4.0
2017-03-01 21:00:00,91.9377,23.3,18.9,1018.0,2.6,120.0,
2017-03-01 22:00:00,92.1777,23.3,18.9,1018.2,0.0,0.0,4.0
2017-03-01 23:00:00,98.85910000000001,22.2,18.9,1018.2,1.5,260.0,2.0
2017-03-02 00:00:00,98.379,21.7,17.8,1018.1,3.1,320.0,4.0
2017-03-02 01:00:00,91.4977,21.7,16.7,1018.4,2.1,300.0,4.0
2017-03-02 02:00:00,96.0985,21.1,16.7,1017.8,1.5,220.0,
2017-03-02 03:00:00,97.93889999999999,20.0,16.7,1017.5,0.0,0.0,2.0
2017-03-02 04:00:00,100.49940000000001,17.8,15.6,1017.2,1.5,230.0,2.0
2017-03-02 05:00:00,96.3386,17.8,15.6,1017.0,1.5,200.0,2.0
2017-03-02 06:00:00,95.9385,18.3,16.7,1016.8,2.6,170.0,2.0
2017-03-02 07:00:00,95.0984,18.3,17.2,1017.2,3.1,180.0,2.0
2017-03-02 08:00:00,94.57820000000001,21.1,18.3,1017.6,3.1,210.0,2.0
2017-03-02 09:00:00,104.2202,22.8,18.3,1018.3,3.1,240.0,2.0
2017-03-02 10:00:00,91.73769999999999,25.6,17.8,1018.8,5.1,240.0,2.0
2017-03-02 11:00:00,91.8977,27.2,16.7,1018.8,5.7,230.0,2.0
2017-03-02 12:00:00,92.4178,27.2,17.8,1019.1,6.2,290.0,2.0
2017-03-02 13:00:00,92.45779999999999,27.8,16.7,1018.3,5.7,270.0,2.0
2017-03-02 14:00:00,91.9777,28.9,16.1,1017.5,3.6,290.0,4.0
2017-03-02 15:00:00,92.1778,30.0,15.6,1017.1,5.7,290.0,
2017-03-02 16:00:00,93.498,29.4,15.6,1017.0,4.6,260.0,
2017-03-02 17:00:00,93.378,28.3,16.7,1017.3,5.1,330.0,
2017-03-02 18:00:00,84.1762,27.8,17.2,1018.2,7.7,320.0,
2017-03-02 19:00:00,84.9764,20.6,16.7,1020.3,8.8,30.0,8.0
2017-03-02 20:00:00,90.9776,20.0,15.6,1021.5,7.7,10.0,
2017-03-02 21:00:00,91.0176,18.3,14.4,1022.4,7.7,20.0,
2017-03-02 22:00:00,91.2176,18.3,13.3,1023.0,8.2,10.0,
2017-03-02 23:00:00,95.9785,17.8,12.2,1023.1,4.6,20.0,
2017-03-03 00:00:00,98.25890000000001,17.8,10.0,1023.0,6.7,20.0,
2017-03-03 01:00:00,98.8991,17.8,9.4,1023.2,5.7,10.0,6.0
2017-03-03 02:00:00,98.499,17.8,8.9,1023.2,5.7,10.0,
2017-03-03 03:00:00,99.17920000000001,17.2,9.4,1023.1,5.7,360.0,
2017-03-03 04:00:00,96.1786,16.1,9.4,1023.3,5.1,360.0,
2017-03-03 05:00:00,85.9766,15.6,8.9,1023.9,5.7,350.0,4.0
2017-03-03 06:00:00,70.9337,15.0,7.8,1024.9,5.7,350.0,4.0
2017-03-03 07:00:00,69.4134,14.4,6.7,1025.9,6.7,350.0,2.0
2017-03-03 08:00:00,90.1374,15.6,6.1,1026.7,6.7,350.0,2.0
2017-03-03 09:00:00,89.5373,18.3,6.7,1027.6,6.7,10.0,2.0
2017-03-03 10:00:00,86.3767,20.0,7.2,1027.8,8.8,10.0,2.0
2017-03-03 11:00:00,86.1367,22.2,8.3,1028.0,8.8,360.0,2.0
2017-03-03 12:00:00,80.41550000000001,23.3,8.3,1028.0,10.8,30.0,2.0
2017-03-03 13:00:00,82.976,23.3,8.3,1027.4,9.3,40.0,2.0
2017-03-03 14:00:00,80.8156,23.3,7.8,1027.2,8.2,40.0,4.0
2017-03-03 15:00:00,84.0962,23.3,7.8,1027.1,7.7,50.0,4.0
2017-03-03 16:00:00,70.9337,22.2,7.8,1027.3,6.7,30.0,
2017-03-03 17:00:00,73.8943,21.7,7.8,1027.7,7.7,40.0,
2017-03-03 18:00:00,89.81739999999999,19.4,7.2,1028.3,8.2,40.0,4.0
2017-03-03 19:00:00,87.2968,17.2,5.6,1029.1,8.2,20.0,6.0
2017-03-03 20:00:00,69.0934,16.1,4.4,1029.6,6.7,20.0,4.0
2017-03-03 21:00:00,64.8925,15.6,3.9,1030.0,6.2,10.0,2.0
2017-03-03 22:00:00,64.8125,15.0,3.9,1030.4,5.7,20.0,2.0
2017-03-03 23:00:00,67.65299999999999,14.4,3.9,1030.8,5.1,20.0,2.0
2017-03-04 00:00:00,75.2145,13.9,2.2,1030.7,5.1,20.0,2.0
2017-03-04 01:00:00,75.9346,12.8,2.8,1030.8,4.6,10.0,2.0
2017-03-04 02:00:00,74.6944,10.6,4.4,1030.5,3.1,360.0,0.0
2017-03-04 03:00:00,75.61450000000002,11.7,3.9,1030.1,4.1,360.0,0.0
2017-03-04 04:00:00,74.1343,10.6,4.4,1029.8,4.1,360.0,0.0
2017-03-04 05:00:00,76.3748,10.6,4.4,1030.0,3.6,360.0,0.0
2017-03-04 06:00:00,77.53490000000001,10.6,4.4,1030.4,3.6,350.0,0.0
2017-03-04 07:00:00,71.3338,11.7,4.4,1030.9,5.1,360.0,2.0
2017-03-04 08:00:00,73.41409999999999,13.9,4.4,1031.3,5.1,360.0,2.0
2017-03-04 09:00:00,88.097,17.2,5.6,1031.6,5.7,10.0,2.0
2017-03-04 10:00:00,83.6161,20.6,6.1,1031.7,6.7,30.0,2.0
2017-03-04 11:00:00,81.3757,22.2,7.2,1031.4,7.7,40.0,2.0
2017-03-04 12:00:00,75.5746,23.3,7.2,1031.1,6.2,100.0,4.0
2017-03-04 13:00:00,73.6542,22.2,7.2,1030.3,5.1,70.0,4.0
2017-03-04 14:00:00,68.0532,23.9,7.2,1029.1,8.2,30.0,4.0
2017-03-04 15:00:00,68.25319999999999,23.3,5.6,1028.5,7.7,40.0,
2017-03-04 16:00:00,73.33409999999999,23.3,6.7,1028.5,4.6,80.0,
2017-03-04 17:00:00,68.2931,22.2,7.2,1028.8,5.1,70.0,
2017-03-04 18:00:00,85.4165,20.6,7.2,1029.2,5.1,60.0,
2017-03-04 19:00:00,94.3382,18.9,10.6,1029.5,6.2,30.0,4.0
2017-03-04 20:00:00,94.85830000000001,17.8,10.6,1029.8,5.1,20.0,2.0
2017-03-04 21:00:00,86.17660000000001,17.2,11.7,1029.8,5.7,20.0,4.0
2017-03-04 22:00:00,85.0565,16.1,11.7,1030.0,4.6,360.0,2.0
2017-03-04 23:00:00,84.21629999999999,16.7,12.8,1029.7,5.7,10.0,
2017-03-05 00:00:00,88.3771,16.1,13.3,1029.4,3.1,360.0,
2017-03-05 01:00:00,94.3782,17.2,12.8,1029.0,4.1,40.0,6.0
2017-03-05 02:00:00,94.1782,17.8,11.7,1028.7,5.7,50.0,
2017-03-05 03:00:00,93.9381,18.3,10.0,1028.3,7.2,60.0,
2017-03-05 04:00:00,93.2179,17.8,8.9,1028.2,5.7,60.0,
2017-03-05 05:00:00,86.33670000000001,17.8,8.9,1028.6,4.6,60.0,
2017-03-05 06:00:00,69.0134,16.7,8.9,1029.0,4.6,60.0,4.0
2017-03-05 07:00:00,75.1745,16.1,8.9,1029.4,4.1,60.0,4.0
2017-03-05 08:00:00,87.4169,17.8,9.4,1029.8,4.1,60.0,4.0
2017-03-05 09:00:00,77.815,20.6,9.4,1030.3,7.7,70.0,
2017-03-05 10:00:00,75.5346,21.7,8.3,1030.5,6.7,90.0,
2017-03-05 11:00:00,71.8939,22.8,8.3,1030.5,8.8,90.0,
2017-03-05 12:00:00,73.9343,22.2,8.9,1030.5,8.8,70.0,
2017-03-05 13:00:00,67.81309999999999,22.8,8.3,1030.0,6.7,100.0,8.0
2017-03-05 14:00:00,76.13470000000001,23.9,7.2,1029.2,8.8,80.0,
2017-03-05 15:00:00,67.8531,23.3,7.8,1028.4,8.2,90.0,
2017-03-05 16:00:00,66.3728,22.2,8.3,1028.4,8.8,70.0,
2017-03-05 17:00:00,73.8942,22.2,7.8,1028.4,8.8,90.0,
2017-03-05 18:00:00,82.6559,20.6,8.3,1028.7,7.2,80.0,
2017-03-05 19:00:00,90.4575,19.4,8.3,1029.0,5.7,70.0,6.0
2017-03-05 20:00:00,93.218,18.3,8.3,1029.0,5.1,70.0,2.0
2017-03-05 21:00:00,90.8575,17.8,8.9,1029.1,4.1,60.0,2.0
2017-03-05 22:00:00,91.45769999999999,17.2,8.9,1029.1,4.6,60.0,4.0
2017-03-05 23:00:00,91.6976,17.2,10.0,1029.2,4.1,60.0,
2017-03-06 00:00:00,93.018,16.7,10.0,1028.9,4.1,60.0,
2017-03-06 01:00:00,73.8143,17.2,10.0,1028.7,3.6,70.0,8.0
2017-03-06 02:00:00,73.0941,17.8,10.0,1028.3,3.1,50.0,
2017-03-06 03:00:00,63.2922,17.8,10.0,1027.7,3.1,50.0,
2017-03-06 04:00:00,73.9342,16.7,10.0,1027.3,2.6,60.0,
2017-03-06 05:00:00,94.0581,17.2,10.0,1027.5,4.1,60.0,
2017-03-06 06:00:00,78.65520000000001,16.7,10.0,1027.9,3.1,70.0,
2017-03-06 07:00:00,68.8934,17.2,9.4,1028.3,3.1,60.0,6.0
2017-03-06 08:00:00,87.2568,18.3,9.4,1028.8,3.6,70.0,
2017-03-06 09:00:00,94.29820000000001,21.1,9.4,1029.0,5.7,80.0,4.0
2017-03-06 10:00:00,84.1762,22.8,10.0,1029.3,8.8,80.0,
2017-03-06 11:00:00,88.65710000000001,22.2,10.0,1029.7,7.2,100.0,
2017-03-06 12:00:00,80.7356,24.4,8.3,1029.0,9.3,110.0,
2017-03-06 13:00:00,79.1353,24.4,7.8,1028.1,9.8,120.0,6.0
2017-03-06 14:00:00,78.3751,25.0,8.9,1027.3,9.8,100.0,
2017-03-06 15:00:00,71.41380000000001,25.0,8.9,1026.8,10.8,100.0,
2017-03-06 16:00:00,68.25319999999999,23.9,8.9,1026.6,8.8,110.0,4.0
2017-03-06 17:00:00,70.1336,22.8,9.4,1026.8,8.8,100.0,4.0
2017-03-06 18:00:00,77.25489999999999,21.1,9.4,1026.9,6.2,100.0,2.0
2017-03-06 19:00:00,82.81590000000001,19.4,11.1,1026.9,5.7,90.0,2.0
2017-03-06 20:00:00,69.7735,18.3,10.6,1027.4,3.6,100.0,2.0
2017-03-06 21:00:00,70.97370000000001,17.2,10.0,1027.7,3.1,90.0,0.0
2017-03-06 22:00:00,68.5733,16.7,10.6,1027.7,2.6,80.0,2.0
2017-03-06 23:00:00,62.9721,16.1,10.6,1027.8,2.6,80.0,0.0
2017-03-07 00:00:00,62.292,15.6,10.6,1027.4,2.6,80.0,2.0
2017-03-07 01:00:00,64.2924,15.6,10.6,1026.7,2.6,70.0,4.0
2017-03-07 02:00:00,65.0926,15.6,11.1,1026.5,2.6,,
2017-03-07 03:00:00,64.5725,17.2,11.7,1026.4,0.0,0.0,
2017-03-07 04:00:00,63.9724,16.1,11.7,1025.9,2.6,60.0,4.0
2017-03-07 05:00:00,63.172200000000004,16.1,11.7,1026.1,1.5,50.0,
2017-03-07 06:00:00,64.3724,15.6,11.7,1026.5,2.1,70.0,4.0
2017-03-07 07:00:00,67.0529,15.0,11.7,1027.0,2.1,80.0,2.0
2017-03-07 08:00:00,67.6131,17.8,12.8,1027.5,2.1,90.0,4.0
2017-03-07 09:00:00,63.4523,21.1,13.9,1027.3,4.1,110.0,2.0
2017-03-07 10:00:00,61.8519,22.8,13.9,1027.7,5.7,100.0,4.0
2017-03-07 11:00:00,58.571299999999994,25.0,13.3,1027.6,5.7,110.0,
2017-03-07 12:00:00,59.6915,25.6,13.3,1027.0,5.7,90.0,
2017-03-07 13:00:00,60.0116,25.6,13.3,1026.2,6.2,90.0,6.0
2017-03-07 14:00:00,61.171800000000005,25.0,13.3,1025.5,4.6,90.0,
2017-03-07 15:00:00,59.851600000000005,25.0,13.3,1025.1,5.7,110.0,
2017-03-07 16:00:00,62.211999999999996,25.0,12.8,1024.6,5.7,100.0,
2017-03-07 17:00:00,62.49210000000001,24.4,12.2,1024.3,6.2,110.0,
2017-03-07 18:00:00,62.532,23.9,12.8,1024.6,5.7,120.0,
2017-03-07 19:00:00,61.5319,22.2,12.8,1024.7,3.6,120.0,6.0
2017-03-07 20:00:00,61.2518,21.7,13.3,1025.6,3.6,110.0,
2017-03-07 21:00:00,62.292,20.0,12.8,1026.3,3.1,130.0,
2017-03-07 22:00:00,66.6528,19.4,12.8,1027.0,1.5,100.0,
2017-03-07 23:00:00,66.49289999999999,20.0,13.3,1027.4,1.5,80.0,
2017-03-08 00:00:00,65.9728,19.4,13.3,1026.8,2.1,130.0,
2017-03-08 01:00:00,68.5332,18.3,13.3,1026.4,2.1,160.0,2.0
2017-03-08 02:00:00,68.9733,17.8,13.3,1026.2,0.0,0.0,2.0
2017-03-08 03:00:00,67.1729,16.7,13.3,1025.6,0.0,0.0,
2017-03-08 04:00:00,68.3732,17.8,13.9,1025.3,1.5,130.0,4.0
2017-03-08 05:00:00,68.1732,16.7,14.4,1025.7,0.0,0.0,2.0
2017-03-08 06:00:00,72.6541,16.1,14.4,1026.3,1.5,230.0,2.0
2017-03-08 07:00:00,73.4541,15.6,13.9,1026.7,0.0,0.0,4.0
2017-03-08 08:00:00,66.25280000000001,16.7,15.6,1026.7,0.0,0.0,
2017-03-08 09:00:00,84.3362,21.7,16.7,1026.6,3.6,170.0,4.0
2017-03-08 10:00:00,70.9337,23.3,15.6,1026.3,4.1,210.0,4.0
2017-03-08 11:00:00,63.4122,25.0,13.9,1026.4,3.6,220.0,4.0
2017-03-08 12:00:00,64.6924,25.0,15.0,1025.7,3.6,300.0,4.0
2017-03-08 13:00:00,64.7725,26.7,14.4,1024.4,2.1,,4.0
2017-03-08 14:00:00,63.812400000000004,26.7,13.9,1023.5,1.5,,
2017-03-08 15:00:00,72.7341,27.2,13.3,1022.9,2.6,,
2017-03-08 16:00:00,70.2936,27.8,12.2,1022.5,1.5,,
2017-03-08 17:00:00,68.0531,28.3,11.7,1022.4,0.0,0.0,
2017-03-08 18:00:00,69.0933,26.7,13.3,1022.6,3.1,230.0,
2017-03-08 19:00:00,66.0128,23.3,15.0,1023.0,2.6,170.0,6.0
2017-03-08 20:00:00,67.493,22.8,16.1,1023.6,2.6,120.0,
2017-03-08 21:00:00,65.4926,22.8,16.1,1024.7,4.6,140.0,
2017-03-08 22:00:00,66.2128,22.2,16.1,1025.2,3.1,210.0,
2017-03-08 23:00:00,64.0124,21.7,16.7,1025.2,0.0,0.0,
2017-03-09 00:00:00,65.3326,20.6,15.6,1024.7,2.1,230.0,4.0
2017-03-09 01:00:00,65.1726,21.1,15.6,1024.5,1.5,280.0,6.0
2017-03-09 02:00:00,64.41239999999999,20.0,15.6,1023.7,1.5,290.0,2.0
2017-03-09 03:00:00,66.0128,18.9,15.0,1023.3,1.5,320.0,0.0
2017-03-09 04:00:00,68.7733,18.3,15.0,1023.0,0.0,0.0,0.0
2017-03-09 05:00:00,69.4134,16.1,14.4,1023.3,0.0,0.0,2.0
2017-03-09 06:00:00,74.45439999999999,15.6,13.9,1023.6,1.5,180.0,2.0
2017-03-09 07:00:00,73.2541,15.6,13.9,1024.3,1.5,210.0,4.0
2017-03-09 08:00:00,64.9325,18.3,16.1,1024.5,0.0,0.0,4.0
2017-03-09 09:00:00,64.1324,20.0,16.7,1024.7,0.0,0.0,
2017-03-09 10:00:00,82.4559,23.9,17.2,1024.7,0.0,0.0,4.0
2017-03-09 11:00:00,87.05680000000001,26.1,15.6,1024.0,0.0,0.0,2.0
2017-03-09 12:00:00,85.4565,27.2,13.9,1023.4,2.6,,4.0
2017-03-09 13:00:00,85.4165,26.7,13.9,1022.6,1.5,,4.0
2017-03-09 14:00:00,88.33699999999999,27.2,13.9,1021.4,2.6,350.0,4.0
2017-03-09 15:00:00,81.2157,27.2,12.8,1020.6,2.6,30.0,4.0
2017-03-09 16:00:00,90.6975,29.4,12.2,1019.8,2.6,350.0,4.0
2017-03-09 17:00:00,91.5776,29.4,12.2,1019.5,3.1,340.0,4.0
2017-03-09 18:00:00,92.01769999999999,25.6,17.8,1020.0,5.7,80.0,2.0
2017-03-09 19:00:00,92.0977,23.3,17.8,1020.6,5.7,80.0,2.0
2017-03-09 20:00:00,86.2967,22.2,17.8,1020.9,4.6,90.0,2.0
2017-03-09 21:00:00,89.7773,21.1,17.8,1021.0,3.1,100.0,2.0
2017-03-09 22:00:00,84.6564,21.7,18.3,1021.6,3.1,240.0,
2017-03-09 23:00:00,85.4965,21.1,18.3,1021.6,1.5,230.0,
2017-03-10 00:00:00,89.2172,19.4,17.8,1021.1,1.5,180.0,4.0
2017-03-10 01:00:00,90.3374,18.9,17.2,1020.6,0.0,0.0,4.0
2017-03-10 02:00:00,81.25569999999999,19.4,17.2,1019.8,1.5,150.0,2.0
2017-03-10 03:00:00,83.016,18.3,16.7,1019.0,1.5,170.0,2.0
2017-03-10 04:00:00,96.9387,17.2,16.1,1018.5,0.0,0.0,2.0
2017-03-10 05:00:00,97.2587,16.7,15.6,1018.7,0.0,0.0,2.0
2017-03-10 06:00:00,96.0586,16.7,15.0,1019.4,0.0,0.0,2.0
2017-03-10 07:00:00,89.9773,16.1,15.0,1020.1,0.0,0.0,4.0
2017-03-10 08:00:00,91.2976,18.9,16.1,1020.3,0.0,0.0,4.0
2017-03-10 09:00:00,83.17609999999999,21.7,15.6,1020.3,0.0,0.0,4.0
2017-03-10 10:00:00,79.1353,23.9,15.0,1020.7,4.6,260.0,2.0
2017-03-10 11:00:00,76.5748,25.6,13.9,1020.8,5.7,250.0,4.0
2017-03-10 12:00:00,79.4153,26.1,11.7,1020.5,4.1,270.0,4.0
2017-03-10 13:00:00,77.3749,28.3,8.9,1019.3,7.2,290.0,4.0
2017-03-10 14:00:00,79.77539999999999,28.3,11.1,1017.9,7.2,290.0,
2017-03-10 15:00:00,79.0952,29.4,9.4,1016.6,6.7,270.0,4.0
2017-03-10 16:00:00,81.53569999999999,28.9,10.6,1016.1,6.2,260.0,4.0
2017-03-10 17:00:00,80.97569999999999,28.3,11.7,1015.7,5.7,290.0,4.0
2017-03-10 18:00:00,80.2955,27.2,12.2,1015.8,7.2,280.0,4.0
2017-03-10 19:00:00,77.775,25.6,12.2,1016.3,5.1,280.0,4.0
2017-03-10 20:00:00,79.6953,24.4,12.8,1016.9,4.6,280.0,2.0
2017-03-10 21:00:00,80.1354,22.2,13.9,1017.7,6.7,290.0,2.0
2017-03-10 22:00:00,86.8167,21.1,15.0,1018.4,5.1,300.0,0.0
2017-03-10 23:00:00,84.85640000000001,20.0,15.6,1018.9,4.6,290.0,4.0
2017-03-11 00:00:00,90.2174,19.4,16.7,1019.1,4.6,310.0,
2017-03-11 01:00:00,87.937,18.9,16.7,1019.2,4.6,310.0,6.0
2017-03-11 02:00:00,89.7373,18.9,16.7,1019.1,3.1,320.0,4.0
2017-03-11 03:00:00,87.897,17.8,15.0,1018.6,2.1,310.0,4.0
2017-03-11 04:00:00,95.17840000000001,17.8,13.9,1018.4,4.6,350.0,4.0
2017-03-11 05:00:00,94.4182,16.7,12.2,1019.1,4.6,360.0,2.0
2017-03-11 06:00:00,76.6948,16.1,11.7,1019.7,4.1,10.0,
2017-03-11 07:00:00,70.2135,15.0,11.1,1020.3,2.6,360.0,6.0
2017-03-11 08:00:00,82.4959,18.3,11.7,1020.7,3.6,20.0,
2017-03-11 09:00:00,79.4553,21.7,12.8,1020.9,4.6,30.0,
2017-03-11 10:00:00,76.9348,23.9,11.1,1021.1,3.1,60.0,
2017-03-11 11:00:00,76.0946,26.7,5.6,1021.2,3.1,20.0,4.0
2017-03-11 12:00:00,76.0547,27.2,6.1,1020.9,3.6,30.0,2.0
2017-03-11 13:00:00,77.17490000000001,28.9,11.1,1020.5,6.2,50.0,2.0
2017-03-11 14:00:00,78.8552,28.3,9.4,1019.8,3.6,60.0,4.0
2017-03-11 15:00:00,76.6948,28.9,11.1,1018.9,5.1,20.0,4.0
2017-03-11 16:00:00,77.41499999999999,27.8,12.8,1019.0,6.2,90.0,4.0
2017-03-11 17:00:00,76.4947,26.7,12.2,1018.9,6.7,70.0,4.0
2017-03-11 18:00:00,77.2148,24.4,12.8,1018.8,6.7,70.0,2.0
2017-03-11 19:00:00,83.7361,23.3,12.2,1019.3,5.1,70.0,4.0
2017-03-11 20:00:00,86.5366,21.7,12.8,1019.4,5.1,70.0,4.0
2017-03-11 21:00:00,82.1759,21.1,13.9,1020.1,3.6,60.0,2.0
2017-03-11 22:00:00,85.5765,20.6,15.0,1019.8,3.1,80.0,
2017-03-11 23:00:00,89.7373,19.4,15.0,1019.4,2.6,90.0,4.0
2017-03-12 00:00:00,94.37819999999999,18.9,15.0,1019.2,2.1,80.0,
2017-03-12 01:00:00,92.2578,18.9,15.0,1019.3,0.0,0.0,6.0
2017-03-12 03:00:00,87.1368,17.2,14.4,1018.2,0.0,0.0,
2017-03-12 04:00:00,90.1374,16.7,14.4,1017.8,1.5,110.0,
2017-03-12 05:00:00,91.4576,17.8,15.0,1017.6,1.5,70.0,
2017-03-12 06:00:00,95.8584,16.7,14.4,1018.1,0.0,0.0,
2017-03-12 07:00:00,95.85849999999999,16.7,13.9,1018.5,0.0,0.0,6.0
2017-03-12 08:00:00,94.09809999999999,19.4,16.1,1019.2,1.5,60.0,
2017-03-12 09:00:00,92.89789999999999,21.1,16.7,1019.4,2.1,100.0,
2017-03-12 10:00:00,85.8166,23.3,16.7,1019.4,1.5,110.0,
2017-03-12 11:00:00,82.4559,24.4,15.0,1019.5,4.1,180.0,
2017-03-12 12:00:00,79.33529999999999,24.4,14.4,1019.1,4.1,230.0,
2017-03-12 13:00:00,78.0151,24.4,14.4,1018.5,3.1,240.0,8.0
2017-03-12 14:00:00,78.2551,24.4,14.4,1017.5,0.0,0.0,
2017-03-12 15:00:00,78.3751,25.0,13.9,1016.8,2.1,320.0,
2017-03-12 16:00:00,76.9348,25.6,13.3,1016.8,0.0,0.0,
2017-03-12 17:00:00,78.6151,23.9,13.3,1016.8,7.2,50.0,
2017-03-12 18:00:00,82.4559,21.7,15.6,1017.6,7.2,30.0,
2017-03-12 19:00:00,87.0168,20.0,15.0,1018.0,6.7,30.0,6.0
2017-03-12 20:00:00,79.33529999999999,19.4,15.0,1018.7,4.6,20.0,
2017-03-12 21:00:00,81.9358,18.3,15.0,1019.0,5.7,10.0,
2017-03-12 22:00:00,92.53790000000001,18.3,15.0,1019.0,4.1,10.0,
2017-03-12 23:00:00,90.0573,17.8,15.0,1019.2,4.6,10.0,
2017-03-13 00:00:00,91.5777,18.3,15.0,1018.9,5.1,10.0,
2017-03-13 01:00:00,91.57770000000001,18.3,15.0,1018.9,5.1,10.0,6.0
2017-03-13 02:00:00,92.8179,17.8,15.6,1018.0,7.2,10.0,
2017-03-13 03:00:00,91.8977,17.2,15.0,1017.5,6.2,10.0,
2017-03-13 04:00:00,93.53800000000001,17.2,15.0,1016.9,4.6,10.0,
2017-03-13 05:00:00,93.618,17.2,15.6,1017.2,3.6,360.0,
2017-03-13 06:00:00,91.4577,17.8,15.6,1017.3,3.6,10.0,
2017-03-13 07:00:00,93.25800000000001,17.8,16.1,1017.4,2.6,10.0,6.0
2017-03-13 08:00:00,94.1782,19.4,17.2,1017.4,3.1,50.0,
2017-03-13 09:00:00,93.618,21.7,17.2,1017.1,4.1,80.0,
2017-03-13 10:00:00,86.4167,23.9,17.2,1016.9,3.1,90.0,
2017-03-13 11:00:00,91.8577,25.0,16.7,1016.2,5.1,100.0,
2017-03-13 12:00:00,85.2965,25.0,16.1,1015.3,4.1,180.0,
2017-03-13 13:00:00,87.81700000000001,26.1,16.7,1014.2,5.1,200.0,8.0
2017-03-13 14:00:00,85.8565,26.1,16.1,1013.4,6.7,190.0,
2017-03-13 15:00:00,84.1363,25.0,16.7,1012.3,4.1,200.0,
2017-03-13 16:00:00,83.8162,25.0,15.6,1011.9,3.6,240.0,
2017-03-13 17:00:00,88.257,22.8,15.6,1011.5,3.1,230.0,
2017-03-13 18:00:00,86.4167,22.2,15.0,1010.9,3.6,310.0,
2017-03-13 19:00:00,88.69709999999999,20.0,17.8,1011.1,2.1,340.0,8.0
2017-03-13 20:00:00,93.05799999999999,19.4,17.2,1010.9,0.0,0.0,
2017-03-13 21:00:00,93.098,18.9,17.2,1010.5,3.1,160.0,
2017-03-13 22:00:00,95.2984,18.9,17.2,1010.4,3.1,150.0,
2017-03-13 23:00:00,88.6171,19.4,17.2,1008.6,8.8,180.0,
2017-03-14 00:00:00,93.13799999999999,20.0,17.8,1008.7,7.2,220.0,
2017-03-14 01:00:00,92.8979,20.0,17.8,1007.7,7.2,230.0,8.0
2017-03-14 02:00:00,94.37830000000001,20.0,17.8,1007.7,6.2,240.0,
2017-03-14 03:00:00,91.2176,18.9,16.7,1008.6,4.1,270.0,
2017-03-14 04:00:00,94.25819999999999,16.1,13.9,1010.1,10.8,320.0,
2017-03-14 05:00:00,91.2576,15.6,12.8,1011.1,7.7,310.0,
2017-03-14 06:00:00,84.0162,13.9,11.1,1012.4,5.7,300.0,4.0
2017-03-14 07:00:00,65.3726,13.9,10.6,1013.4,3.6,290.0,4.0
2017-03-14 08:00:00,69.01339999999999,14.4,9.4,,7.2,300.0,
2017-03-14 09:00:00,70.4136,15.0,9.4,1015.3,9.3,310.0,
2017-03-14 10:00:00,82.05590000000001,15.0,8.9,1016.5,7.2,300.0,
2017-03-14 11:00:00,77.575,16.1,7.8,1016.5,8.2,310.0,
2017-03-14 12:00:00,82.6959,17.8,7.8,1016.1,7.7,290.0,
2017-03-14 13:00:00,84.9364,17.8,7.2,1015.6,7.2,300.0,6.0
2017-03-14 14:00:00,84.5763,20.0,7.2,1014.8,9.3,290.0,4.0
2017-03-14 15:00:00,71.49380000000001,20.0,6.7,1014.2,9.3,290.0,4.0
2017-03-14 16:00:00,71.8939,20.0,6.7,1014.2,8.2,300.0,4.0
2017-03-14 17:00:00,76.7748,18.9,6.1,1014.2,7.7,290.0,4.0
2017-03-14 18:00:00,83.5362,16.7,6.7,1015.2,6.2,270.0,4.0
2017-03-14 19:00:00,85.4965,15.0,6.7,1016.2,7.7,280.0,6.0
2017-03-14 20:00:00,77.0149,13.3,5.6,1017.5,8.2,290.0,4.0
2017-03-14 21:00:00,64.33239999999999,13.3,6.1,1018.3,5.7,280.0,4.0
2017-03-14 22:00:00,65.0925,12.8,5.0,1018.7,7.2,290.0,4.0
2017-03-14 23:00:00,64.9725,12.8,5.0,1018.7,4.6,310.0,2.0
2017-03-15 00:00:00,67.7331,12.2,5.0,1018.5,5.1,330.0,2.0
2017-03-15 01:00:00,69.7334,11.7,5.0,1018.9,4.1,320.0,2.0
2017-03-15 02:00:00,74.0543,10.6,4.4,1018.8,3.1,320.0,0.0
2017-03-15 03:00:00,76.5747,10.6,4.4,1018.9,4.6,320.0,0.0
2017-03-15 04:00:00,76.9349,10.0,2.2,1019.1,6.7,320.0,0.0
2017-03-15 05:00:00,80.49549999999999,8.9,1.7,1019.7,6.2,330.0,2.0
2017-03-15 06:00:00,83.8161,8.3,1.7,1020.4,7.2,350.0,0.0
2017-03-15 07:00:00,87.6169,7.8,1.7,1021.6,5.1,320.0,2.0
2017-03-15 08:00:00,89.13719999999999,8.3,1.1,1022.4,8.2,350.0,2.0
2017-03-15 09:00:00,93.458,9.4,1.1,1023.3,4.1,320.0,2.0
2017-03-15 10:00:00,82.6159,10.0,0.0,1023.6,4.1,340.0,2.0
2017-03-15 11:00:00,67.57310000000001,11.7,0.0,1023.8,6.2,330.0,2.0
2017-03-15 12:00:00,62.6921,12.8,-1.1,1023.6,5.1,340.0,2.0
2017-03-15 13:00:00,64.4525,13.9,-3.9,1022.9,4.6,340.0,0.0
2017-03-15 14:00:00,72.494,14.4,-3.9,1022.5,3.6,340.0,0.0
2017-03-15 15:00:00,80.4956,15.0,-2.2,1022.6,2.1,,0.0
2017-03-15 16:00:00,81.2156,15.0,-2.2,1022.3,3.1,310.0,2.0
2017-03-15 17:00:00,79.49539999999999,15.0,-3.3,1022.3,5.1,300.0,0.0
2017-03-15 18:00:00,79.6554,14.4,-5.6,1023.0,3.6,300.0,0.0
2017-03-15 19:00:00,63.052099999999996,12.2,-5.0,1023.5,3.1,310.0,0.0
2017-03-15 20:00:00,74.8945,11.1,-4.4,1023.8,3.1,330.0,0.0
2017-03-15 21:00:00,84.1362,9.4,-3.9,1024.8,3.6,30.0,0.0
2017-03-15 22:00:00,91.2176,9.4,0.6,1025.6,2.6,20.0,0.0
2017-03-15 23:00:00,94.0981,8.3,1.1,1026.3,2.1,320.0,0.0
2017-03-16 00:00:00,94.8983,8.9,-3.3,1026.1,4.1,330.0,0.0
2017-03-16 01:00:00,91.6577,7.8,-3.9,1026.3,5.1,340.0,0.0
2017-03-16 02:00:00,94.01809999999999,7.2,-3.9,1026.3,6.2,360.0,0.0
2017-03-16 03:00:00,93.25800000000001,5.6,-2.8,1026.1,3.6,360.0,0.0
2017-03-16 04:00:00,93.018,5.0,-2.2,1026.2,3.1,360.0,0.0
2017-03-16 05:00:00,94.09809999999999,4.4,-4.4,1026.7,3.6,360.0,0.0
2017-03-16 06:00:00,97.33879999999999,3.9,-4.4,1026.7,3.6,360.0,0.0
2017-03-16 07:00:00,98.139,5.0,-4.4,1027.1,4.1,350.0,2.0
2017-03-16 08:00:00,97.8589,8.3,-5.6,1027.7,5.1,340.0,2.0
2017-03-16 09:00:00,91.2176,10.0,-7.8,1028.4,6.2,340.0,0.0
2017-03-16 10:00:00,75.8147,12.2,-6.1,1028.9,6.2,340.0,0.0
2017-03-16 11:00:00,68.8533,13.3,-7.2,1028.9,2.6,,0.0
2017-03-16 12:00:00,83.3361,14.4,-10.6,1028.4,3.1,,0.0
2017-03-16 13:00:00,83.81620000000001,16.1,-10.0,1027.7,3.6,350.0,0.0
2017-03-16 14:00:00,89.7774,17.2,-8.3,1027.1,4.6,320.0,0.0
2017-03-16 15:00:00,91.5776,18.3,-8.3,1026.3,4.6,360.0,0.0
2017-03-16 16:00:00,81.45580000000001,18.3,-8.3,1025.8,2.6,30.0,0.0
2017-03-16 17:00:00,81.61580000000001,17.8,-8.9,1025.7,3.1,320.0,0.0
2017-03-16 18:00:00,84.2963,17.2,-8.3,1025.8,3.1,320.0,0.0
2017-03-16 19:00:00,76.0547,13.0,1.0,1026.4,4.1,90.0,2.0
2017-03-16 20:00:00,67.093,11.1,1.7,1027.2,3.6,100.0,2.0
2017-03-16 21:00:00,80.4556,10.6,1.7,1028.0,2.1,70.0,0.0
2017-03-16 22:00:00,87.6969,10.0,1.7,1028.4,2.6,50.0,2.0
2017-03-16 23:00:00,92.2978,8.3,1.7,1028.4,0.0,0.0,2.0
2017-03-17 00:00:00,95.57839999999999,6.7,1.7,1028.2,1.5,50.0,0.0
2017-03-17 01:00:00,96.0185,6.7,2.2,1028.6,0.0,0.0,0.0
2017-03-17 02:00:00,96.73870000000001,6.7,2.2,1028.4,0.0,0.0,2.0
2017-03-17 03:00:00,98.499,7.2,2.8,1028.0,0.0,0.0,
2017-03-17 04:00:00,98.0589,6.7,2.8,1028.1,0.0,0.0,
2017-03-17 05:00:00,99.33919999999999,6.7,3.9,1027.9,2.6,360.0,
2017-03-17 06:00:00,102.2998,7.2,3.9,1028.2,2.6,10.0,4.0
2017-03-17 07:00:00,102.4598,7.8,4.4,1028.6,3.1,360.0,4.0
2017-03-17 08:00:00,95.5784,11.1,5.0,1029.2,3.6,360.0,4.0
2017-03-17 09:00:00,74.45439999999999,15.6,1.7,1029.7,5.1,20.0,4.0
2017-03-17 10:00:00,87.0569,17.8,1.7,1030.1,4.1,40.0,2.0
2017-03-17 11:00:00,88.8972,19.4,1.1,1030.2,4.6,50.0,2.0
2017-03-17 12:00:00,90.5375,20.6,-0.6,1029.7,0.0,0.0,2.0
2017-03-17 13:00:00,80.1355,22.2,1.1,1028.6,3.1,20.0,2.0
2017-03-17 14:00:00,68.4932,22.8,1.7,1027.5,4.1,50.0,2.0
2017-03-17 15:00:00,69.3734,22.8,2.8,1026.5,3.6,90.0,2.0
2017-03-17 16:00:00,66.3729,22.2,2.8,1026.4,2.6,120.0,2.0
2017-03-17 17:00:00,70.0135,21.7,4.4,1026.3,4.6,110.0,2.0
2017-03-17 18:00:00,78.1751,20.6,5.6,1026.9,5.7,80.0,2.0
2017-03-17 19:00:00,91.8578,18.3,7.8,1027.5,5.1,70.0,0.0
2017-03-17 20:00:00,79.4554,16.1,8.3,1028.0,4.1,80.0,0.0
2017-03-17 21:00:00,66.4529,15.0,8.3,1028.3,3.1,90.0,0.0
2017-03-17 22:00:00,65.2926,14.4,8.9,1028.4,2.1,90.0,0.0
2017-03-17 23:00:00,71.3338,12.8,8.9,1028.2,1.5,100.0,0.0
2017-03-18 00:00:00,74.0943,12.2,8.3,1027.5,1.5,70.0,0.0
2017-03-18 01:00:00,78.5352,10.6,8.3,1026.9,1.5,80.0,0.0
2017-03-18 02:00:00,79.0153,12.2,8.9,1026.4,0.0,0.0,0.0
2017-03-18 03:00:00,82.13589999999999,10.0,8.9,1025.9,0.0,0.0,0.0
2017-03-18 04:00:00,83.1761,10.0,7.8,1026.2,0.0,0.0,0.0
2017-03-18 05:00:00,84.8564,10.6,8.3,1026.5,1.5,340.0,2.0
2017-03-18 06:00:00,86.57669999999999,10.0,8.3,1026.9,1.5,360.0,0.0
2017-03-18 07:00:00,87.01679999999999,9.4,7.2,1027.1,0.0,0.0,2.0
2017-03-18 08:00:00,80.2155,14.4,10.6,1027.5,0.0,0.0,2.0
2017-03-18 09:00:00,78.4152,18.9,8.9,1027.6,0.0,0.0,0.0
2017-03-18 10:00:00,82.17580000000001,21.1,7.2,1027.4,3.1,240.0,0.0
2017-03-18 11:00:00,71.8539,22.2,6.1,1027.0,0.0,0.0,0.0
2017-03-18 12:00:00,65.3326,22.8,5.6,1026.3,2.1,160.0,0.0
2017-03-18 13:00:00,70.8537,24.4,5.6,1025.4,3.6,290.0,0.0
2017-03-18 14:00:00,74.21430000000001,24.4,5.0,1024.2,0.0,0.0,0.0
2017-03-18 15:00:00,71.4538,25.0,5.6,1022.7,4.1,190.0,0.0
2017-03-18 16:00:00,74.21430000000001,25.6,5.6,1022.0,4.6,310.0,0.0
2017-03-18 17:00:00,73.2141,25.6,6.1,1021.5,2.6,260.0,0.0
2017-03-18 18:00:00,75.2145,25.0,6.1,1021.4,4.6,260.0,0.0
2017-03-18 19:00:00,72.0139,22.8,7.2,1021.7,6.7,290.0,0.0
2017-03-18 20:00:00,68.45320000000001,20.6,7.2,1022.2,6.2,290.0,0.0
2017-03-18 21:00:00,87.4969,18.9,6.7,1022.6,6.2,280.0,0.0
2017-03-18 22:00:00,91.1776,17.8,7.8,1022.9,4.6,280.0,0.0
2017-03-18 23:00:00,83.056,16.7,9.4,1022.7,5.1,280.0,0.0
2017-03-19 00:00:00,87.2168,16.1,10.6,1022.3,4.6,280.0,0.0
2017-03-19 01:00:00,88.6571,16.1,11.1,1022.1,4.6,280.0,0.0
2017-03-19 02:00:00,91.77770000000001,16.1,11.1,1021.8,3.6,270.0,0.0
2017-03-19 03:00:00,90.0574,15.6,11.1,1021.3,2.6,270.0,0.0
2017-03-19 04:00:00,88.8972,16.1,11.7,1020.7,5.1,260.0,2.0
2017-03-19 05:00:00,90.2574,16.1,12.2,1020.6,4.6,270.0,2.0
2017-03-19 06:00:00,88.4571,16.1,12.8,1020.7,4.1,260.0,2.0
2017-03-19 07:00:00,90.8975,15.6,13.3,1020.8,3.6,270.0,0.0
2017-03-19 08:00:00,91.57770000000001,18.9,15.0,1021.1,6.2,280.0,2.0
2017-03-19 09:00:00,101.81960000000001,20.6,15.6,1021.2,6.7,300.0,
2017-03-19 10:00:00,93.6181,22.2,15.0,1021.3,6.2,320.0,4.0
2017-03-19 11:00:00,95.29830000000001,23.3,11.7,1021.3,5.1,290.0,2.0
2017-03-19 12:00:00,92.2979,25.0,6.7,1020.8,6.7,320.0,2.0
2017-03-19 13:00:00,87.937,26.1,5.0,1020.0,6.2,280.0,2.0
2017-03-19 14:00:00,77.2949,26.1,2.8,1019.1,4.6,300.0,2.0
2017-03-19 15:00:00,76.57480000000001,26.7,1.1,1018.4,4.1,300.0,2.0
2017-03-19 16:00:00,75.2945,27.2,-0.6,1018.0,5.7,10.0,2.0
2017-03-19 17:00:00,70.1335,23.3,7.8,1018.8,7.7,50.0,0.0
2017-03-19 18:00:00,70.1335,20.0,8.3,1019.9,7.2,50.0,0.0
2017-03-19 19:00:00,86.69669999999999,17.8,7.8,1020.8,6.7,30.0,0.0
2017-03-19 20:00:00,75.6146,16.1,7.8,1021.7,5.1,30.0,0.0
2017-03-19 21:00:00,66.2128,15.0,7.8,1022.3,4.1,20.0,0.0
2017-03-19 22:00:00,64.9325,14.4,7.8,1022.8,4.6,20.0,0.0
2017-03-19 23:00:00,66.97290000000001,12.8,7.8,1023.2,2.6,360.0,0.0
2017-03-20 00:00:00,71.9738,12.8,7.8,1023.1,2.1,350.0,0.0
2017-03-20 01:00:00,76.5347,12.2,7.8,1022.8,2.6,350.0,0.0
2017-03-20 02:00:00,77.615,11.7,8.3,1022.3,2.6,340.0,0.0
2017-03-20 03:00:00,80.8956,11.7,7.8,1022.0,1.5,300.0,0.0
2017-03-20 04:00:00,81.2557,10.6,7.2,1021.7,0.0,0.0,0.0
2017-03-20 05:00:00,81.7358,10.0,7.2,1021.8,0.0,0.0,0.0
2017-03-20 06:00:00,83.2961,10.0,7.2,1022.3,0.0,0.0,0.0
2017-03-20 07:00:00,84.5763,9.4,7.2,1022.7,0.0,0.0,0.0
2017-03-20 08:00:00,80.2555,14.4,8.9,1023.1,2.1,360.0,0.0
2017-03-20 09:00:00,80.4555,19.4,8.3,1023.3,2.1,360.0,0.0
2017-03-20 10:00:00,82.616,20.6,7.8,1023.4,0.0,0.0,2.0
2017-03-20 11:00:00,73.2542,20.6,7.8,1023.5,1.5,90.0,4.0
2017-03-20 12:00:00,66.4928,22.8,7.8,1023.0,1.5,80.0,4.0
2017-03-20 13:00:00,70.5736,23.3,7.2,1022.4,1.5,290.0,4.0
2017-03-20 14:00:00,73.2142,24.4,6.7,1021.5,0.0,0.0,4.0
2017-03-20 15:00:00,74.6144,26.1,6.1,1020.7,3.1,40.0,2.0
2017-03-20 16:00:00,77.815,25.6,6.1,1020.3,2.6,250.0,2.0
2017-03-20 17:00:00,77.01480000000001,25.6,6.1,1020.2,3.1,330.0,2.0
2017-03-20 18:00:00,78.93520000000001,23.3,8.3,1020.4,4.6,90.0,2.0
2017-03-20 19:00:00,75.93469999999999,20.6,8.9,1021.0,3.6,90.0,0.0
2017-03-20 20:00:00,87.8569,18.3,9.4,1021.5,2.6,90.0,0.0
2017-03-20 21:00:00,77.9751,16.7,9.4,1021.8,2.6,90.0,0.0
2017-03-20 22:00:00,66.49289999999999,16.1,10.0,1022.1,0.0,0.0,0.0
2017-03-20 23:00:00,65.1726,16.1,10.0,1022.1,0.0,0.0,0.0
2017-03-21 00:00:00,66.5328,14.4,10.0,1021.9,0.0,0.0,0.0
2017-03-21 01:00:00,66.1728,13.9,9.4,1021.7,0.0,0.0,0.0
2017-03-21 02:00:00,68.0531,11.7,9.4,1021.5,0.0,0.0,0.0
2017-03-21 03:00:00,69.1334,11.7,9.4,1021.1,0.0,0.0,0.0
2017-03-21 04:00:00,73.3341,12.2,10.0,1021.1,0.0,0.0,0.0
2017-03-21 05:00:00,74.0543,11.1,9.4,1021.3,0.0,0.0,0.0
2017-03-21 06:00:00,74.6945,10.0,8.3,1021.3,0.0,0.0,0.0
2017-03-21 07:00:00,77.8551,11.1,10.0,1021.7,0.0,0.0,0.0
2017-03-21 08:00:00,77.895,16.1,12.2,1022.1,1.5,230.0,0.0
2017-03-21 09:00:00,109.74109999999999,20.0,10.6,1022.2,3.6,250.0,0.0
2017-03-21 10:00:00,91.6977,22.2,10.6,1022.4,3.6,230.0,0.0
2017-03-21 11:00:00,83.4962,23.3,9.4,1022.4,3.1,240.0,0.0
2017-03-21 12:00:00,75.5746,25.6,8.3,1021.9,3.6,290.0,0.0
2017-03-21 13:00:00,75.4945,26.1,7.2,1021.0,0.0,0.0,0.0
2017-03-21 14:00:00,79.8154,27.2,8.3,1019.9,3.6,250.0,0.0
2017-03-21 15:00:00,79.53540000000001,27.8,8.3,1018.9,2.6,220.0,0.0
2017-03-21 16:00:00,80.6156,27.8,8.9,1018.3,2.6,220.0,0.0
2017-03-21 17:00:00,80.2555,27.8,8.9,1018.1,2.6,260.0,0.0
2017-03-21 18:00:00,79.9354,27.2,8.9,1018.0,3.1,260.0,0.0
2017-03-21 19:00:00,81.5357,23.9,10.0,1018.0,2.6,200.0,0.0
2017-03-21 20:00:00,80.2555,24.4,8.9,1018.5,4.1,280.0,0.0
2017-03-21 21:00:00,85.1765,22.2,9.4,1019.0,2.6,290.0,0.0
2017-03-21 22:00:00,85.5364,20.6,11.1,1018.6,4.1,280.0,0.0
2017-03-21 23:00:00,79.2552,18.9,12.2,1019.0,2.1,280.0,0.0
2017-03-22 00:00:00,77.7349,18.3,12.2,1019.5,1.5,260.0,0.0
2017-03-22 01:00:00,92.5779,17.8,12.2,1019.5,1.5,,6.0
2017-03-22 02:00:00,92.89789999999999,17.2,12.8,1019.4,2.1,310.0,4.0
2017-03-22 03:00:00,83.0161,15.6,12.2,1018.8,1.5,230.0,2.0
2017-03-22 04:00:00,96.4186,13.9,12.2,1018.5,1.5,220.0,2.0
2017-03-22 05:00:00,93.93809999999999,13.9,12.2,1018.4,2.1,210.0,2.0
2017-03-22 06:00:00,89.1772,13.9,12.8,1018.4,1.5,210.0,2.0
2017-03-22 07:00:00,97.5789,15.0,13.9,1018.6,3.1,250.0,6.0
2017-03-22 08:00:00,94.1782,17.8,16.1,1019.4,2.6,270.0,4.0
2017-03-22 09:00:00,92.0178,21.7,16.1,1019.4,4.1,290.0,2.0
2017-03-22 10:00:00,81.8558,23.3,15.6,1019.5,6.7,300.0,2.0
2017-03-22 11:00:00,79.0552,24.4,15.6,1019.7,4.1,300.0,2.0
2017-03-22 12:00:00,82.33590000000001,25.6,15.6,1019.0,4.1,290.0,2.0
2017-03-22 13:00:00,89.37719999999999,27.2,16.1,1018.0,4.1,300.0,0.0
2017-03-22 14:00:00,93.178,28.3,16.1,1017.0,3.1,,0.0
2017-03-22 15:00:00,92.37780000000001,30.0,15.6,1016.0,3.1,,2.0
2017-03-22 16:00:00,90.7775,30.6,14.4,1015.8,1.5,,2.0
2017-03-22 17:00:00,91.4576,30.6,13.3,1016.1,3.1,320.0,4.0
2017-03-22 18:00:00,89.3372,29.4,11.7,1016.5,1.5,,2.0
2017-03-22 19:00:00,93.7781,26.1,17.2,1017.7,7.2,50.0,6.0
2017-03-22 20:00:00,92.898,23.3,17.8,1018.8,6.7,70.0,
2017-03-22 21:00:00,84.77629999999999,22.2,16.7,1020.0,4.1,20.0,
2017-03-22 22:00:00,87.33680000000001,22.2,17.2,1020.6,5.1,10.0,
2017-03-22 23:00:00,88.6571,22.2,17.2,1020.9,3.6,20.0,
2017-03-23 00:00:00,91.13759999999999,21.1,17.2,1020.9,3.1,20.0,
2017-03-23 01:00:00,94.5782,20.6,17.2,1021.0,3.6,360.0,8.0
2017-03-23 02:00:00,92.1778,20.6,17.8,1020.9,2.6,10.0,
2017-03-23 03:00:00,94.4982,20.6,17.2,1020.6,2.1,10.0,
2017-03-23 04:00:00,93.178,19.4,17.2,1020.7,2.6,350.0,
2017-03-23 05:00:00,85.37650000000001,20.0,17.2,1020.9,3.1,20.0,4.0
2017-03-23 06:00:00,84.5763,20.0,16.7,1021.7,3.6,40.0,2.0
2017-03-23 07:00:00,97.7788,19.4,16.1,1022.6,4.1,50.0,4.0
2017-03-23 08:00:00,97.05879999999999,20.6,16.1,1022.9,6.2,90.0,2.0
2017-03-23 09:00:00,95.93849999999999,23.3,16.7,1023.7,6.7,70.0,4.0
2017-03-23 10:00:00,87.6969,24.4,16.7,1024.7,9.3,70.0,4.0
2017-03-23 11:00:00,90.0574,23.9,16.7,1025.0,9.3,70.0,
2017-03-23 12:00:00,88.257,23.9,16.1,1024.9,9.3,70.0,
2017-03-23 13:00:00,83.5361,26.7,16.1,1024.4,9.3,80.0,6.0
2017-03-23 14:00:00,82.5359,26.1,15.0,1024.3,9.8,90.0,
2017-03-23 15:00:00,82.4959,25.0,16.1,1024.4,9.8,70.0,
2017-03-23 16:00:00,82.1358,23.9,15.0,1024.7,8.8,60.0,
2017-03-23 17:00:00,84.4163,22.2,15.0,1024.9,11.3,60.0,
2017-03-23 18:00:00,85.2965,22.2,14.4,1025.3,8.8,60.0,
2017-03-23 19:00:00,87.5769,21.7,13.9,1025.9,6.7,50.0,6.0
2017-03-23 20:00:00,85.4564,20.6,13.9,1026.5,5.1,60.0,4.0
2017-03-23 21:00:00,90.2974,20.0,13.9,1027.0,5.7,60.0,2.0
2017-03-23 22:00:00,81.8158,19.4,13.9,1027.4,4.6,60.0,2.0
2017-03-23 23:00:00,76.9348,18.3,13.3,1027.3,3.1,50.0,2.0
2017-03-24 00:00:00,82.1758,18.3,13.3,1027.1,3.6,60.0,2.0
2017-03-24 01:00:00,85.9365,18.3,12.8,1026.9,4.1,60.0,0.0
2017-03-24 02:00:00,95.85849999999999,17.8,12.2,1026.4,3.6,60.0,0.0
2017-03-24 03:00:00,95.6584,18.3,12.8,1026.0,4.6,70.0,
2017-03-24 04:00:00,95.9385,18.3,13.3,1025.6,1.5,80.0,
2017-03-24 05:00:00,94.01820000000001,18.3,12.8,1026.2,2.6,50.0,
2017-03-24 06:00:00,81.89580000000001,17.8,12.8,1026.9,3.6,50.0,4.0
2017-03-24 07:00:00,96.01849999999999,17.8,12.8,1027.2,3.6,60.0,2.0
2017-03-24 08:00:00,91.49770000000001,20.0,12.2,1027.5,4.6,70.0,2.0
2017-03-24 09:00:00,75.8146,22.8,12.2,1027.6,7.2,80.0,2.0
2017-03-24 10:00:00,82.57590000000002,23.9,11.1,1027.7,8.2,80.0,
2017-03-24 11:00:00,81.3357,23.9,10.0,1027.8,7.2,80.0,
2017-03-24 12:00:00,76.89489999999999,25.0,12.2,1027.3,7.7,70.0,
2017-03-24 13:00:00,76.3747,26.1,11.1,1026.3,8.2,80.0,6.0
2017-03-24 14:00:00,74.65440000000001,25.6,11.7,1025.9,8.2,100.0,
2017-03-24 15:00:00,77.0148,25.6,12.8,1025.2,8.8,110.0,
2017-03-24 16:00:00,76.8948,24.4,12.8,1024.8,7.7,90.0,
2017-03-24 17:00:00,79.2553,24.4,12.2,1024.4,8.2,90.0,
2017-03-24 18:00:00,81.1356,22.8,11.7,1024.7,7.7,90.0,
2017-03-24 19:00:00,85.2564,21.7,13.9,1024.9,6.7,90.0,6.0
2017-03-24 20:00:00,83.7362,21.1,13.9,1025.3,5.1,80.0,
2017-03-24 21:00:00,88.17699999999999,20.6,13.3,1025.9,4.6,90.0,
2017-03-24 22:00:00,84.4563,19.4,13.3,1026.1,3.1,90.0,
2017-03-24 23:00:00,82.6159,18.3,13.3,1026.0,2.6,80.0,
2017-03-25 00:00:00,94.5783,17.2,13.3,1025.4,2.6,70.0,
2017-03-25 01:00:00,94.2982,17.2,13.3,1024.5,3.1,60.0,6.0
2017-03-25 02:00:00,92.1378,16.7,12.8,1023.8,2.6,70.0,4.0
2017-03-25 03:00:00,75.3346,17.2,13.3,1023.5,2.1,40.0,2.0
2017-03-25 04:00:00,65.5726,16.7,13.3,1022.9,2.1,60.0,
2017-03-25 05:00:00,63.4923,16.1,13.3,1022.7,2.6,60.0,
2017-03-25 06:00:00,65.0926,14.4,12.8,1022.7,2.6,130.0,
2017-03-25 07:00:00,68.3332,17.2,15.0,1023.0,3.1,100.0,6.0
2017-03-25 08:00:00,82.2959,20.0,15.6,1023.5,3.6,120.0,
2017-03-25 09:00:00,89.3373,22.8,13.9,1023.9,5.1,110.0,
2017-03-25 10:00:00,85.2964,25.0,13.9,1024.4,4.6,110.0,
2017-03-25 11:00:00,82.6159,25.0,12.8,1024.4,4.1,90.0,
2017-03-25 12:00:00,75.4546,26.7,13.3,1023.8,5.1,100.0,
2017-03-25 13:00:00,73.8543,26.1,13.3,1023.0,5.7,90.0,6.0
2017-03-25 14:00:00,77.0149,26.1,13.3,1022.2,5.7,120.0,
2017-03-25 15:00:00,73.9742,28.3,12.8,1021.4,6.7,80.0,
2017-03-25 16:00:00,76.2547,26.1,11.7,1020.6,5.1,100.0,
2017-03-25 17:00:00,77.3349,26.1,11.7,1020.2,6.7,90.0,
2017-03-25 18:00:00,77.9351,24.4,11.7,1020.4,6.7,100.0,2.0
2017-03-25 19:00:00,82.3358,22.2,12.2,1020.5,5.1,100.0,2.0
2017-03-25 20:00:00,82.736,20.6,12.8,1021.0,2.6,80.0,0.0
2017-03-25 21:00:00,80.69550000000001,19.4,12.8,1021.3,3.1,80.0,0.0
2017-03-25 22:00:00,93.218,18.9,13.3,1021.5,2.6,90.0,2.0
2017-03-25 23:00:00,81.2957,17.8,13.9,1021.0,3.1,80.0,4.0
2017-03-26 00:00:00,86.7367,17.8,13.9,1020.8,1.5,100.0,4.0
2017-03-26 01:00:00,92.93799999999999,17.8,14.4,1020.9,0.0,0.0,2.0
2017-03-26 02:00:00,89.81739999999999,17.2,14.4,1020.3,1.5,80.0,2.0
2017-03-26 03:00:00,72.2139,15.6,13.9,1019.8,1.5,80.0,4.0
2017-03-26 04:00:00,69.33330000000001,15.6,13.9,1019.5,1.5,90.0,2.0
2017-03-26 05:00:00,63.692299999999996,16.7,14.4,1019.9,0.0,0.0,2.0
2017-03-26 06:00:00,63.252199999999995,16.1,14.4,1020.2,1.5,70.0,2.0
2017-03-26 07:00:00,65.2526,16.1,15.0,1020.5,0.0,0.0,2.0
2017-03-26 08:00:00,74.21430000000001,20.0,16.7,1020.9,0.0,0.0,2.0
2017-03-26 09:00:00,79.37530000000001,23.3,16.7,1021.2,2.6,130.0,2.0
2017-03-26 10:00:00,81.6958,25.0,16.1,1021.1,4.6,130.0,4.0
2017-03-26 11:00:00,75.8546,25.0,13.3,1021.1,3.1,,4.0
2017-03-26 12:00:00,74.5744,27.2,12.8,1020.5,0.0,0.0,
2017-03-26 13:00:00,77.3349,28.3,12.8,1019.6,2.6,30.0,6.0
2017-03-26 14:00:00,77.4949,27.8,12.2,1018.8,2.6,40.0,
2017-03-26 15:00:00,75.4145,28.9,13.9,1018.4,0.0,0.0,
2017-03-26 16:00:00,78.4151,27.2,14.4,1018.4,7.7,70.0,
2017-03-26 17:00:00,76.0147,26.7,13.9,1018.5,6.7,100.0,4.0
2017-03-26 18:00:00,77.855,25.0,13.3,1018.8,5.7,100.0,2.0
2017-03-26 19:00:00,76.6948,22.8,12.8,1019.2,4.1,100.0,2.0
2017-03-26 20:00:00,80.8956,21.7,13.3,1019.7,2.1,120.0,2.0
2017-03-26 21:00:00,87.6969,20.0,13.9,1020.2,2.1,100.0,2.0
2017-03-26 22:00:00,82.41590000000001,20.0,15.0,1020.3,3.1,130.0,2.0
2017-03-26 23:00:00,91.0976,19.4,15.0,1020.0,2.1,130.0,2.0
2017-03-27 00:00:00,94.2581,18.3,15.0,1019.7,2.1,130.0,2.0
2017-03-27 01:00:00,95.4985,18.3,15.0,1019.4,1.5,100.0,2.0
2017-03-27 02:00:00,94.5782,17.8,15.0,1018.9,0.0,0.0,2.0
2017-03-27 03:00:00,95.9384,16.7,14.4,1018.4,0.0,0.0,2.0
2017-03-27 04:00:00,95.3784,16.1,14.4,1018.1,1.5,10.0,2.0
2017-03-27 05:00:00,90.0573,16.1,14.4,1018.0,0.0,0.0,2.0
2017-03-27 06:00:00,65.2526,16.1,14.4,1018.9,2.1,340.0,2.0
2017-03-27 07:00:00,65.7327,17.0,15.0,1019.7,2.1,350.0,2.0
2017-03-27 08:00:00,72.614,20.6,16.7,1019.9,1.5,350.0,0.0
2017-03-27 09:00:00,83.2161,23.9,14.4,1020.4,3.1,,2.0
2017-03-27 10:00:00,80.8556,25.0,13.9,1020.5,1.5,140.0,2.0
2017-03-27 11:00:00,76.9349,25.0,12.8,1020.2,0.0,0.0,4.0
2017-03-27 12:00:00,77.0949,27.8,12.2,1019.8,4.1,90.0,
2017-03-27 13:00:00,76.3347,27.2,12.2,1019.0,2.6,90.0,6.0
2017-03-27 14:00:00,77.775,27.8,12.8,1017.9,1.5,,
2017-03-27 15:00:00,77.1748,28.3,11.7,1017.2,3.1,90.0,
2017-03-27 16:00:00,77.815,28.9,12.8,1016.4,5.7,100.0,
2017-03-27 17:00:00,79.6953,27.2,13.3,1016.1,5.7,90.0,
2017-03-27 18:00:00,76.73479999999999,25.0,13.3,1016.2,6.2,90.0,
2017-03-27 19:00:00,80.7355,23.3,14.4,1016.4,5.7,80.0,6.0
2017-03-27 20:00:00,79.4153,21.7,15.0,1016.9,3.6,80.0,4.0
2017-03-27 21:00:00,70.5736,20.6,15.0,1017.4,2.1,90.0,2.0
2017-03-27 22:00:00,78.7351,19.4,15.6,1017.7,2.1,130.0,2.0
2017-03-27 23:00:00,81.2156,18.9,15.6,1017.8,0.0,0.0,0.0
2017-03-28 00:00:00,93.9782,17.2,15.0,1017.5,1.5,140.0,0.0
2017-03-28 01:00:00,93.498,17.2,15.0,1017.2,0.0,0.0,0.0
2017-03-28 02:00:00,95.09830000000001,17.2,15.6,1016.9,0.0,0.0,0.0
2017-03-28 03:00:00,81.0957,17.2,16.1,1016.5,0.0,0.0,0.0
2017-03-28 04:00:00,70.8137,16.7,15.6,1016.4,0.0,0.0,0.0
2017-03-28 05:00:00,68.9333,16.7,15.0,1016.9,0.0,0.0,0.0
2017-03-28 06:00:00,65.3326,16.7,15.6,1017.5,0.0,0.0,0.0
2017-03-28 07:00:00,62.8121,17.2,15.6,1018.0,0.0,0.0,2.0
2017-03-28 08:00:00,84.0162,20.6,17.2,1018.4,0.0,0.0,2.0
2017-03-28 09:00:00,74.3743,22.8,16.7,1018.7,2.1,200.0,2.0
2017-03-28 10:00:00,86.69669999999999,25.0,15.6,1018.7,2.6,,2.0
2017-03-28 11:00:00,79.6953,26.1,15.0,1018.5,2.1,,2.0
2017-03-28 12:00:00,75.5746,27.8,14.4,1017.8,1.5,,4.0
2017-03-28 13:00:00,77.41499999999999,28.3,13.3,1016.8,3.1,30.0,4.0
2017-03-28 14:00:00,78.6552,30.0,12.8,1016.1,2.1,,4.0
2017-03-28 15:00:00,78.4952,30.0,11.7,1015.2,2.1,,4.0
2017-03-28 16:00:00,79.7754,30.6,11.1,1014.5,0.0,0.0,4.0
2017-03-28 17:00:00,79.0552,30.6,11.7,1014.3,2.1,10.0,4.0
2017-03-28 18:00:00,78.295,29.4,11.7,1014.5,2.1,,4.0
2017-03-28 19:00:00,79.3353,26.1,14.4,1015.4,4.6,120.0,4.0
2017-03-28 20:00:00,77.0548,25.0,13.9,1015.8,4.1,120.0,
2017-03-28 21:00:00,76.7748,23.9,12.8,1016.5,3.1,150.0,
2017-03-28 22:00:00,79.0952,23.3,12.8,1017.5,1.5,120.0,2.0
2017-03-28 23:00:00,75.1345,20.0,13.3,1017.4,2.6,150.0,2.0
2017-03-29 00:00:00,82.1759,19.4,13.9,1017.3,2.6,150.0,2.0
2017-03-29 01:00:00,87.65690000000001,18.3,14.4,1016.8,2.6,170.0,0.0
2017-03-29 02:00:00,85.5765,18.3,15.0,1016.3,3.1,200.0,0.0
2017-03-29 03:00:00,85.69659999999999,18.9,15.0,1015.8,0.0,0.0,0.0
2017-03-29 04:00:00,85.0164,18.3,15.0,1015.8,0.0,0.0,0.0
2017-03-29 05:00:00,88.137,16.7,15.0,1015.9,0.0,0.0,0.0
2017-03-29 06:00:00,93.9382,16.7,15.0,1016.4,0.0,0.0,0.0
2017-03-29 07:00:00,87.65690000000001,18.3,15.6,1016.9,0.0,0.0,0.0
2017-03-29 08:00:00,80.8556,22.2,16.7,1017.4,1.5,300.0,0.0
2017-03-29 09:00:00,74.3343,23.9,17.8,1017.8,1.5,260.0,0.0
2017-03-29 10:00:00,79.8554,25.6,16.1,1018.2,0.0,0.0,2.0
2017-03-29 11:00:00,86.7767,27.2,15.6,1018.1,0.0,0.0,2.0
2017-03-29 12:00:00,83.096,28.9,15.0,1017.1,1.5,,2.0
2017-03-29 13:00:00,88.297,29.4,14.4,1016.4,2.1,20.0,6.0
2017-03-29 14:00:00,87.3768,30.6,12.8,1015.6,2.1,,
2017-03-29 15:00:00,87.8569,31.1,12.2,1014.9,2.1,,
2017-03-29 16:00:00,87.977,31.7,12.8,1014.5,2.6,,
2017-03-29 17:00:00,89.57730000000001,31.7,12.8,1014.4,3.6,70.0,
2017-03-29 18:00:00,86.45660000000001,29.4,13.9,1015.0,4.6,120.0,
2017-03-29 19:00:00,88.4571,27.8,14.4,1015.5,4.6,110.0,6.0
2017-03-29 20:00:00,77.655,25.6,15.0,1016.1,3.6,100.0,
2017-03-29 21:00:00,75.5746,24.4,15.0,1016.7,3.6,130.0,
2017-03-29 22:00:00,74.21430000000001,23.3,14.4,1017.3,1.5,180.0,
2017-03-29 23:00:00,79.0952,23.3,14.4,1017.1,2.1,160.0,
2017-03-30 00:00:00,67.0929,22.8,14.4,1016.8,2.1,130.0,
2017-03-30 01:00:00,70.6936,21.1,14.4,1016.3,2.6,120.0,2.0
2017-03-30 02:00:00,75.1345,20.0,15.0,1015.8,0.0,0.0,0.0
2017-03-30 03:00:00,81.4957,19.4,15.6,1015.6,1.5,160.0,0.0
2017-03-30 04:00:00,77.3749,18.9,15.6,1015.5,1.5,170.0,0.0
2017-03-30 05:00:00,88.8172,18.3,16.1,1015.2,2.1,130.0,0.0
2017-03-30 06:00:00,92.7379,18.3,16.1,1015.5,2.6,130.0,2.0
2017-03-30 07:00:00,89.3372,18.9,17.2,1015.9,2.6,140.0,2.0
2017-03-30 08:00:00,78.9352,22.2,17.8,1016.1,5.1,150.0,2.0
2017-03-30 09:00:00,78.2551,25.0,17.2,1016.4,6.2,150.0,4.0
2017-03-30 10:00:00,76.4947,27.2,16.7,1016.1,6.2,150.0,2.0
2017-03-30 11:00:00,76.7348,28.3,15.0,1016.1,5.1,180.0,4.0
2017-03-30 12:00:00,78.5351,30.0,12.2,1015.8,6.2,160.0,4.0
2017-03-30 13:00:00,78.1752,30.6,12.2,1015.4,5.1,190.0,6.0
2017-03-30 14:00:00,78.215,30.0,13.9,1014.6,2.1,,
2017-03-30 15:00:00,82.4559,31.7,13.9,1013.4,8.2,180.0,4.0
2017-03-30 16:00:00,88.017,30.6,12.2,1012.7,6.7,200.0,4.0
2017-03-30 17:00:00,87.4169,30.6,11.1,1012.3,5.7,200.0,4.0
2017-03-30 18:00:00,85.97659999999999,28.3,15.6,1012.0,6.7,100.0,4.0
2017-03-30 19:00:00,85.53649999999999,26.1,15.0,1012.3,5.1,120.0,4.0
2017-03-30 20:00:00,75.8946,25.0,15.0,1012.9,5.1,140.0,2.0
2017-03-30 21:00:00,75.4546,23.3,15.0,1013.6,4.1,160.0,2.0
2017-03-30 22:00:00,78.4152,22.2,15.6,1014.0,2.6,170.0,2.0
2017-03-30 23:00:00,80.2955,22.2,16.1,1014.0,3.6,160.0,2.0
2017-03-31 00:00:00,66.33279999999999,20.6,16.1,1013.8,2.6,180.0,2.0
2017-03-31 01:00:00,64.4125,20.0,16.1,1013.7,2.6,170.0,2.0
2017-03-31 02:00:00,83.4561,19.4,15.6,1013.5,2.6,210.0,4.0
2017-03-31 03:00:00,87.1768,18.9,16.1,1013.0,2.1,160.0,
2017-03-31 04:00:00,88.017,18.9,16.7,1012.8,2.6,160.0,
2017-03-31 05:00:00,87.4169,18.9,16.7,1013.4,2.1,190.0,
2017-03-31 06:00:00,87.1368,20.6,17.2,1013.6,3.6,190.0,
2017-03-31 07:00:00,85.1765,21.1,17.8,1013.5,6.2,190.0,8.0
2017-03-31 08:00:00,87.3769,21.1,18.3,1010.5,11.8,160.0,
2017-03-31 09:00:00,89.0572,23.3,19.4,1012.2,5.7,200.0,
2017-03-31 10:00:00,104.0601,25.6,18.9,1012.6,9.3,180.0,
2017-03-31 11:00:00,87.65690000000001,28.3,17.8,1012.5,8.2,200.0,
2017-03-31 12:00:00,93.338,29.4,17.2,1012.3,8.2,210.0,
2017-03-31 13:00:00,88.137,29.0,17.0,,7.2,240.0,6.0
2017-03-31 14:00:00,89.2972,31.1,16.1,1011.0,9.8,210.0,
2017-03-31 15:00:00,87.977,30.6,16.7,1010.3,7.7,200.0,
2017-03-31 16:00:00,89.0972,31.1,17.2,1009.9,8.2,240.0,
2017-03-31 17:00:00,87.617,30.0,16.1,1009.9,7.7,230.0,
2017-03-31 18:00:00,88.17699999999999,28.9,16.1,1010.3,8.2,230.0,
2017-03-31 19:00:00,88.577,26.0,16.0,,7.7,270.0,6.0
2017-03-31 20:00:00,90.2575,25.6,15.6,1011.8,5.1,240.0,4.0
2017-03-31 21:00:00,87.65700000000001,24.4,17.2,1012.6,6.7,250.0,2.0
2017-03-31 22:00:00,85.53649999999999,22.8,17.8,1013.6,5.7,270.0,2.0
2017-03-31 23:00:00,86.2967,21.7,17.8,1013.8,4.6,270.0,2.0
2017-04-01 00:00:00,87.1768,21.7,17.8,1014.1,4.6,280.0,4.0
2017-04-01 01:00:00,88.09700000000001,21.0,18.0,,4.6,270.0,4.0
2017-04-01 02:00:00,84.8564,18.9,16.7,1014.6,2.6,220.0,4.0
2017-04-01 03:00:00,85.3365,20.6,17.8,1014.5,2.1,270.0,
2017-04-01 04:00:00,84.2562,21.0,20.0,,5.1,300.0,4.0
2017-04-01 05:00:00,87.2168,20.0,19.0,,3.1,310.0,2.0
2017-04-01 06:00:00,86.5366,17.2,16.1,,0.0,0.0,2.0
2017-04-01 07:00:00,85.8966,19.0,16.0,,1.5,280.0,2.0
2017-04-01 08:00:00,50.8899,24.0,18.0,,4.6,330.0,2.0
2017-04-01 09:00:00,41.2079,27.0,16.0,,3.1,330.0,4.0
2017-04-01 10:00:00,43.288399999999996,27.0,13.0,,3.6,330.0,4.0
2017-04-01 11:00:00,45.4088,28.0,13.0,,2.6,10.0,2.0
2017-04-01 12:00:00,47.4891,29.0,11.0,,2.6,330.0,4.0
2017-04-01 13:00:00,75.6546,30.0,9.0,,3.6,320.0,6.0
2017-04-01 14:00:00,76.57480000000001,31.0,10.0,,4.1,220.0,
2017-04-01 15:00:00,75.4145,31.0,8.0,,3.6,310.0,2.0
2017-04-01 16:00:00,79.05529999999999,31.0,10.0,,1.5,360.0,4.0
2017-04-01 17:00:00,76.4947,31.0,11.0,,0.0,0.0,
2017-04-01 18:00:00,82.4159,30.0,11.0,,2.1,270.0,
2017-04-01 19:00:00,86.2166,26.0,17.0,,5.7,100.0,6.0
2017-04-01 20:00:00,84.2563,24.0,16.0,,4.6,120.0,4.0
2017-04-01 21:00:00,75.6946,23.0,17.0,,2.6,200.0,4.0
2017-04-01 22:00:00,71.9739,22.0,18.0,,2.1,150.0,
2017-04-01 23:00:00,74.7744,21.7,17.2,1018.3,0.0,0.0,
2017-04-02 00:00:00,82.696,21.0,18.0,,1.5,140.0,4.0
2017-04-02 01:00:00,86.2167,20.0,17.0,,0.0,0.0,2.0
2017-04-02 02:00:00,88.4971,20.0,17.0,,0.0,0.0,4.0
2017-04-02 03:00:00,91.6977,19.0,17.0,,0.0,0.0,4.0
2017-04-02 04:00:00,90.25739999999999,17.2,16.1,1016.8,0.0,0.0,
2017-04-02 05:00:00,93.098,17.2,15.6,1017.0,0.0,0.0,4.0
2017-04-02 06:00:00,93.4181,19.0,19.0,,2.1,100.0,4.0
2017-04-02 07:00:00,93.378,20.0,17.0,,2.1,100.0,6.0
2017-04-02 08:00:00,89.1372,24.0,19.0,,0.0,0.0,
2017-04-02 09:00:00,78.6952,24.0,20.0,,3.1,100.0,
2017-04-02 10:00:00,86.8968,28.0,20.0,,2.6,100.0,
2017-04-02 11:00:00,88.217,30.0,19.0,,4.6,100.0,
2017-04-02 12:00:00,89.09710000000001,30.0,19.0,,3.6,130.0,
2017-04-02 13:00:00,89.81729999999999,32.0,17.0,,3.6,110.0,8.0
2017-04-02 14:00:00,89.81729999999999,31.1,19.4,1016.3,4.1,110.0,
2017-04-02 15:00:00,89.0172,30.6,20.6,1016.0,7.7,90.0,
2017-04-02 16:00:00,88.33709999999999,30.6,20.0,1015.5,8.2,110.0,
2017-04-02 17:00:00,88.6971,28.9,18.9,1016.0,9.3,110.0,
2017-04-02 18:00:00,89.4172,27.0,19.0,,8.2,120.0,
2017-04-02 19:00:00,88.5371,25.0,18.0,,8.2,110.0,6.0
2017-04-02 20:00:00,77.57499999999999,25.0,16.0,,7.7,130.0,
2017-04-02 21:00:00,78.095,24.0,16.0,,2.6,130.0,
2017-04-02 22:00:00,79.2553,24.0,17.0,,5.7,130.0,
2017-04-02 23:00:00,80.0954,23.3,17.2,1016.7,2.6,140.0,
2017-04-03 00:00:00,82.3359,24.0,18.0,,2.1,100.0,
2017-04-03 01:00:00,82.2959,23.0,18.0,,3.6,110.0,6.0
2017-04-03 02:00:00,84.4963,22.0,18.0,,5.1,130.0,
2017-04-03 03:00:00,84.9764,22.0,19.0,,5.1,140.0,
2017-04-03 04:00:00,84.85640000000001,22.0,19.0,,4.1,140.0,4.0
2017-04-03 05:00:00,85.29650000000001,22.0,20.0,,4.6,140.0,4.0
2017-04-03 06:00:00,85.8965,21.7,19.4,1015.7,2.6,140.0,
2017-04-03 07:00:00,88.417,23.0,21.0,,5.1,140.0,6.0
2017-04-03 08:00:00,91.8177,25.0,20.6,1016.0,5.1,150.0,
2017-04-03 09:00:00,104.5801,25.6,20.6,1016.1,6.7,150.0,
2017-04-03 10:00:00,89.5373,28.9,20.6,1016.0,6.7,150.0,4.0
2017-04-03 11:00:00,88.4171,30.0,20.0,1015.7,7.2,140.0,4.0
2017-04-03 12:00:00,89.2972,31.0,19.0,,6.7,180.0,4.0
2017-04-03 13:00:00,90.13740000000001,32.0,19.0,,7.2,190.0,6.0
2017-04-03 14:00:00,100.4194,32.0,18.0,,7.7,190.0,
2017-04-03 15:00:00,91.3776,33.0,18.0,,6.7,180.0,
2017-04-03 16:00:00,92.89789999999999,32.0,19.0,,5.7,170.0,4.0
2017-04-03 17:00:00,93.378,31.0,18.0,,4.6,180.0,4.0
2017-04-03 18:00:00,91.6577,31.0,19.0,,7.2,170.0,
2017-04-03 19:00:00,92.2578,30.0,20.0,,4.1,180.0,6.0
2017-04-03 20:00:00,91.05760000000001,28.0,20.0,,5.1,180.0,
2017-04-03 21:00:00,91.5777,27.0,20.0,,6.2,200.0,
2017-04-03 22:00:00,90.69749999999999,26.0,21.0,,3.6,210.0,2.0
2017-04-03 23:00:00,92.4179,26.0,16.0,,5.7,250.0,
2017-04-04 00:00:00,92.0577,26.0,19.0,,4.1,200.0,4.0
2017-04-04 01:00:00,90.9776,24.0,18.0,,2.6,50.0,4.0
2017-04-04 02:00:00,91.2576,22.8,19.4,1013.7,2.6,160.0,2.0
2017-04-04 03:00:00,91.77770000000001,21.7,18.9,1013.2,2.1,180.0,2.0
2017-04-04 04:00:00,90.29740000000001,23.0,21.0,,5.7,190.0,0.0
2017-04-04 05:00:00,90.4574,22.0,21.0,,4.1,200.0,2.0
2017-04-04 06:00:00,89.3373,22.0,21.0,,5.7,190.0,
2017-04-04 07:00:00,87.73689999999999,23.0,21.0,,4.6,180.0,4.0
2017-04-04 08:00:00,90.5375,23.9,20.6,1014.0,5.1,180.0,
2017-04-04 09:00:00,94.8183,26.0,21.0,,6.7,190.0,
2017-04-04 10:00:00,101.1395,27.0,21.0,,6.2,200.0,
2017-04-04 11:00:00,86.4967,28.3,20.0,1015.6,2.6,170.0,
2017-04-04 12:00:00,86.5367,30.6,20.6,1015.1,4.6,140.0,
2017-04-04 13:00:00,92.2579,26.0,21.0,,9.8,70.0,6.0
2017-04-04 14:00:00,96.1386,23.9,18.3,1015.2,8.8,40.0,
2017-04-04 15:00:00,86.5767,22.8,18.3,1014.7,6.2,70.0,
2017-04-04 16:00:00,92.33780000000002,24.6,17.8,1014.0,5.1,80.0,
2017-04-04 17:00:00,90.3774,24.0,18.0,,5.1,110.0,
2017-04-04 18:00:00,92.5779,23.0,19.0,,3.6,60.0,
2017-04-04 19:00:00,91.77770000000001,22.0,19.0,,3.6,350.0,6.0
2017-04-04 20:00:00,93.4581,22.0,19.0,,0.0,0.0,
2017-04-04 21:00:00,95.8584,21.0,18.0,,0.0,0.0,
2017-04-04 22:00:00,94.45830000000001,21.0,19.0,,1.5,230.0,4.0
2017-04-04 23:00:00,94.57820000000001,20.0,18.0,,1.5,220.0,
2017-04-05 00:00:00,95.7784,21.0,19.0,,1.5,270.0,4.0
2017-04-05 01:00:00,96.2986,21.0,19.0,,0.0,0.0,4.0
2017-04-05 02:00:00,97.8989,19.0,18.0,,0.0,0.0,2.0
2017-04-05 03:00:00,97.9789,18.0,17.0,,1.5,180.0,2.0
2017-04-05 04:00:00,96.5786,19.0,19.0,,2.1,210.0,4.0
2017-04-05 05:00:00,98.0189,19.4,18.9,1014.0,3.1,170.0,
2017-04-05 06:00:00,97.1387,20.6,19.4,1013.9,4.1,190.0,
2017-04-05 07:00:00,86.9368,21.7,20.6,1014.8,3.6,200.0,6.0
2017-04-05 08:00:00,96.21860000000001,22.8,21.1,1015.4,3.1,210.0,
2017-04-05 09:00:00,92.49780000000001,25.0,20.6,1015.4,6.2,180.0,
2017-04-05 10:00:00,90.6975,27.8,19.4,1015.6,5.7,200.0,
2017-04-05 11:00:00,90.7375,29.4,19.4,1015.5,6.2,190.0,4.0
2017-04-05 12:00:00,91.5776,31.7,19.4,1014.4,5.1,190.0,4.0
2017-04-05 13:00:00,91.0176,32.8,18.9,1013.5,6.7,190.0,6.0
2017-04-05 14:00:00,91.6177,34.4,18.9,1012.8,5.1,170.0,
2017-04-05 15:00:00,89.97739999999999,33.9,18.3,1011.8,6.2,190.0,
2017-04-05 16:00:00,91.4576,35.0,16.7,1011.6,5.7,210.0,
2017-04-05 17:00:00,92.2178,33.9,15.6,1012.0,7.7,240.0,
2017-04-05 18:00:00,91.8977,32.8,16.7,1012.4,6.7,240.0,
2017-04-05 19:00:00,89.3373,30.6,17.8,1012.7,6.7,240.0,4.0
2017-04-05 20:00:00,89.81729999999999,28.9,18.3,1014.1,4.1,240.0,2.0
2017-04-05 21:00:00,91.05760000000001,27.8,17.8,1014.8,5.1,250.0,2.0
2017-04-05 22:00:00,90.6175,26.1,18.3,1015.1,3.6,250.0,0.0
2017-04-05 23:00:00,89.0571,23.9,18.3,1014.3,3.1,190.0,2.0
2017-04-06 00:00:00,90.1774,23.3,19.4,1013.8,3.6,170.0,2.0
2017-04-06 01:00:00,91.6177,23.3,20.6,1013.2,4.6,200.0,4.0
2017-04-06 02:00:00,91.0175,23.3,21.1,1012.6,5.1,200.0,
2017-04-06 03:00:00,90.5374,23.3,21.1,1011.7,7.2,190.0,
2017-04-06 04:00:00,90.6575,23.9,21.1,1012.0,5.1,210.0,
2017-04-06 05:00:00,92.1378,24.4,21.1,1013.1,5.7,220.0,
2017-04-06 06:00:00,91.2976,23.9,21.7,1011.1,10.3,160.0,
2017-04-06 07:00:00,90.1774,23.9,21.1,1012.7,8.2,210.0,8.0
2017-04-06 08:00:00,88.6171,23.9,21.1,1013.4,5.1,240.0,
2017-04-06 09:00:00,91.7377,23.3,19.4,1013.5,4.1,240.0,
2017-04-06 10:00:00,89.7773,23.9,17.2,1014.2,7.2,260.0,
2017-04-06 11:00:00,88.8571,25.6,16.7,1014.1,6.7,260.0,4.0
2017-04-06 12:00:00,80.0954,27.2,10.0,1013.8,7.7,300.0,4.0
2017-04-06 13:00:00,76.4948,28.3,7.2,1013.4,7.7,290.0,4.0
2017-04-06 14:00:00,76.3347,28.3,2.8,1013.1,9.8,260.0,2.0
2017-04-06 15:00:00,77.655,27.2,1.1,1012.6,7.7,270.0,2.0
2017-04-06 16:00:00,76.2547,27.2,2.2,1012.2,7.2,270.0,0.0
2017-04-06 17:00:00,77.135,25.6,2.8,1012.1,9.3,280.0,0.0
2017-04-06 18:00:00,74.8544,23.3,3.9,1012.8,7.7,260.0,0.0
2017-04-06 19:00:00,69.5335,20.6,4.4,1013.8,7.2,280.0,0.0
2017-04-06 20:00:00,75.9746,19.4,5.6,1014.8,6.7,280.0,0.0
2017-04-06 21:00:00,82.41590000000001,18.3,7.2,1015.5,6.2,290.0,0.0
2017-04-06 22:00:00,79.2952,17.8,8.3,1016.1,4.6,280.0,0.0
2017-04-06 23:00:00,84.6563,17.2,8.9,1016.5,4.1,280.0,0.0
2017-04-07 00:00:00,86.4567,16.1,8.9,1016.7,3.1,270.0,0.0
2017-04-07 01:00:00,88.137,15.0,9.4,1016.9,2.1,250.0,0.0
2017-04-07 02:00:00,89.9374,16.1,7.8,1017.1,5.7,320.0,0.0
2017-04-07 03:00:00,89.2173,15.6,3.9,1017.0,7.7,340.0,0.0
2017-04-07 04:00:00,78.8552,15.0,3.9,1017.4,5.7,350.0,0.0
2017-04-07 05:00:00,66.973,13.3,3.9,1017.9,4.1,350.0,0.0
2017-04-07 06:00:00,64.9726,12.8,3.3,1018.5,4.1,320.0,0.0
2017-04-07 07:00:00,65.3326,14.4,3.3,1019.0,3.6,320.0,2.0
2017-04-07 08:00:00,65.4526,16.7,2.2,1019.3,4.6,330.0,2.0
2017-04-07 09:00:00,83.4161,18.3,-0.6,1019.6,8.8,330.0,2.0
2017-04-07 10:00:00,89.0572,20.0,-2.2,1019.5,8.2,330.0,2.0
2017-04-07 11:00:00,85.5765,21.1,-1.1,1019.3,7.7,300.0,2.0
2017-04-07 12:00:00,75.5746,21.7,-1.1,1018.5,9.3,310.0,2.0
2017-04-07 13:00:00,67.6931,23.0,-2.0,1017.5,6.2,300.0,2.0
2017-04-07 14:00:00,69.0933,23.9,-2.8,1016.8,7.2,270.0,2.0
2017-04-07 15:00:00,68.3732,23.3,-2.8,1015.7,7.7,290.0,4.0
2017-04-07 16:00:00,67.333,23.3,-1.7,1015.3,7.2,290.0,2.0
2017-04-07 17:00:00,68.1331,22.8,-1.1,1015.5,7.2,290.0,2.0
2017-04-07 18:00:00,68.0531,21.1,0.0,1015.7,6.7,270.0,2.0
2017-04-07 19:00:00,80.2154,19.4,1.7,1016.3,5.7,280.0,2.0
2017-04-07 20:00:00,79.0152,18.3,1.7,1016.9,4.6,280.0,2.0
2017-04-07 21:00:00,83.6562,17.2,2.2,1018.0,3.6,270.0,0.0
2017-04-07 22:00:00,88.6571,16.1,2.8,1018.5,3.1,280.0,0.0
2017-04-07 23:00:00,87.777,15.6,2.2,1018.5,2.6,280.0,0.0
2017-04-08 00:00:00,70.5736,14.4,2.8,1018.6,0.0,0.0,0.0
2017-04-08 01:00:00,66.0927,11.7,4.4,1018.5,0.0,0.0,0.0
2017-04-08 02:00:00,64.8926,12.8,5.0,1018.2,1.5,300.0,0.0
2017-04-08 03:00:00,75.05449999999999,10.0,5.0,1018.1,0.0,0.0,0.0
2017-04-08 04:00:00,79.9354,12.2,6.1,1017.9,0.0,0.0,0.0
2017-04-08 05:00:00,81.5758,9.4,5.6,1018.2,0.0,0.0,0.0
2017-04-08 06:00:00,81.4957,9.4,5.6,1018.7,0.0,0.0,0.0
2017-04-08 07:00:00,82.41590000000001,12.8,6.7,1019.2,0.0,0.0,2.0
2017-04-08 08:00:00,67.493,16.7,2.2,1019.2,4.1,350.0,2.0
2017-04-08 09:00:00,84.3363,19.4,0.6,1019.4,4.6,350.0,2.0
2017-04-08 10:00:00,87.73689999999999,21.1,-0.6,1020.0,3.1,30.0,2.0
2017-04-08 11:00:00,81.0957,22.8,-2.8,1019.8,3.6,40.0,2.0
2017-04-08 12:00:00,68.6532,22.8,-2.8,1019.3,3.6,50.0,2.0
2017-04-08 13:00:00,64.5724,23.9,-2.8,1018.6,4.6,340.0,2.0
2017-04-08 14:00:00,60.5717,23.9,-2.8,1017.9,3.1,,2.0
2017-04-08 15:00:00,68.2132,25.0,-3.3,1017.3,3.6,330.0,2.0
2017-04-08 16:00:00,68.4132,25.0,-2.2,1016.9,3.6,340.0,2.0
2017-04-08 17:00:00,70.0535,24.4,-2.2,1016.5,1.5,,2.0
2017-04-08 18:00:00,69.6934,23.3,-1.1,1016.5,5.1,310.0,2.0
2017-04-08 19:00:00,76.2947,20.0,5.0,1017.4,6.2,60.0,2.0
2017-04-08 20:00:00,81.7358,18.3,5.6,1018.0,4.1,60.0,2.0
2017-04-08 21:00:00,65.8127,16.7,6.1,1018.6,3.1,80.0,2.0
2017-04-08 22:00:00,63.6923,16.1,5.6,1019.2,3.1,80.0,2.0
2017-04-08 23:00:00,63.8524,15.6,5.6,1019.4,2.1,50.0,2.0
2017-04-09 00:00:00,67.8531,15.0,6.1,1019.5,0.0,0.0,2.0
2017-04-09 01:00:00,71.8138,13.0,6.0,1019.4,0.0,0.0,2.0
2017-04-09 02:00:00,75.5745,12.2,6.7,1018.8,0.0,0.0,2.0
2017-04-09 03:00:00,77.1748,12.2,7.8,1018.9,2.1,360.0,2.0
2017-04-09 04:00:00,74.01430000000002,11.7,7.8,1019.2,3.1,350.0,0.0
2017-04-09 05:00:00,76.4947,12.2,7.8,1019.3,0.0,0.0,0.0
2017-04-09 06:00:00,79.2553,10.6,6.1,1019.7,2.1,360.0,2.0
2017-04-09 07:00:00,81.2557,13.0,9.0,1020.4,3.6,350.0,2.0
2017-04-09 08:00:00,70.6536,18.3,8.3,1020.7,3.1,360.0,2.0
2017-04-09 09:00:00,90.8975,22.2,6.1,1021.5,4.6,40.0,0.0
2017-04-09 10:00:00,80.85560000000001,23.3,4.4,1022.0,4.1,60.0,0.0
2017-04-09 11:00:00,67.653,25.0,3.9,1021.6,3.6,40.0,2.0
2017-04-09 12:00:00,66.8929,25.0,3.3,1021.1,0.0,0.0,2.0
2017-04-09 13:00:00,69.3334,26.1,3.3,1020.7,3.1,120.0,2.0
2017-04-09 14:00:00,73.2942,26.7,3.3,1020.1,0.0,0.0,4.0
2017-04-09 15:00:00,74.4544,27.8,2.8,1019.6,0.0,0.0,
2017-04-09 16:00:00,73.5341,27.8,3.3,1019.3,0.0,0.0,4.0
2017-04-09 17:00:00,74.0543,26.7,5.6,1019.5,7.2,40.0,2.0
2017-04-09 18:00:00,72.1339,25.0,6.1,1020.0,6.7,60.0,
2017-04-09 19:00:00,73.41420000000001,23.0,9.0,1020.6,5.7,60.0,2.0
2017-04-09 20:00:00,78.8952,21.1,11.1,1021.5,4.1,60.0,
2017-04-09 21:00:00,85.8965,20.0,11.1,1022.3,4.1,60.0,
2017-04-09 22:00:00,90.3775,20.0,11.1,1022.4,4.6,60.0,
2017-04-09 23:00:00,75.4945,18.9,12.2,1022.3,3.1,60.0,
2017-04-10 00:00:00,64.8925,18.9,13.3,1021.9,3.6,60.0,0.0
2017-04-10 01:00:00,62.251999999999995,16.7,12.8,1021.5,2.1,90.0,0.0
2017-04-10 02:00:00,62.8121,16.7,12.8,1021.1,2.1,70.0,
2017-04-10 03:00:00,64.1323,17.2,13.9,1020.9,0.0,0.0,
2017-04-10 04:00:00,62.012,16.7,13.3,1021.1,1.5,20.0,
2017-04-10 05:00:00,72.0139,16.1,13.3,1021.7,0.0,0.0,
2017-04-10 06:00:00,63.8923,15.6,12.8,1022.3,1.5,20.0,
2017-04-10 07:00:00,62.4521,17.8,14.4,1023.1,1.5,20.0,2.0
2017-04-10 08:00:00,90.4975,21.7,14.4,1023.9,2.6,60.0,
2017-04-10 09:00:00,74.21430000000001,23.3,13.9,1024.2,4.6,80.0,
2017-04-10 10:00:00,73.0541,25.6,13.3,1024.7,6.2,80.0,
2017-04-10 11:00:00,64.7325,26.1,12.8,1024.7,5.1,40.0,
2017-04-10 12:00:00,73.0541,26.7,12.8,1024.2,5.7,50.0,
2017-04-10 13:00:00,91.05760000000001,26.1,12.2,1023.9,6.2,70.0,6.0
2017-04-10 14:00:00,100.0594,26.7,12.2,1023.0,6.2,80.0,
2017-04-10 15:00:00,108.18079999999999,27.8,11.7,1022.1,6.2,50.0,
2017-04-10 16:00:00,110.1812,26.7,11.1,1021.9,6.2,80.0,
2017-04-10 17:00:00,101.6996,26.1,10.6,1021.9,7.2,50.0,
2017-04-10 18:00:00,95.2984,24.4,10.6,1022.1,7.7,50.0,
2017-04-10 19:00:00,93.6181,22.2,11.1,1022.6,6.2,70.0,2.0
2017-04-10 20:00:00,97.8189,20.6,12.2,1023.0,4.6,70.0,0.0
2017-04-10 21:00:00,93.85820000000001,19.4,11.7,1023.9,4.1,70.0,
2017-04-10 22:00:00,92.37780000000001,18.9,11.7,1024.0,3.6,60.0,
2017-04-10 23:00:00,82.0559,18.9,11.7,1023.8,2.6,70.0,0.0
2017-04-11 00:00:00,72.1739,17.8,12.2,1023.2,2.6,80.0,
2017-04-11 01:00:00,74.8144,16.7,12.2,1022.6,3.1,70.0,2.0
2017-04-11 02:00:00,64.4525,17.2,12.8,1022.6,2.1,80.0,
2017-04-11 03:00:00,65.0926,16.7,12.8,1022.4,2.1,90.0,
2017-04-11 04:00:00,64.5724,16.7,13.3,1022.3,1.5,70.0,
2017-04-11 05:00:00,66.5328,15.0,12.2,1022.8,2.1,360.0,
2017-04-11 06:00:00,65.3326,15.0,11.7,1023.1,1.5,80.0,
2017-04-11 07:00:00,66.09270000000001,17.8,13.3,1023.4,1.5,70.0,2.0
2017-04-11 08:00:00,86.5368,20.6,13.3,1023.8,2.6,90.0,
2017-04-11 09:00:00,87.81700000000001,23.9,12.2,1024.0,5.7,80.0,
2017-04-11 10:00:00,114.102,25.6,11.1,1024.4,4.6,100.0,
2017-04-11 11:00:00,109.06110000000001,26.1,11.7,1024.4,3.1,120.0,
2017-04-11 12:00:00,109.4211,27.8,11.7,1023.9,5.7,90.0,
2017-04-11 13:00:00,110.9014,27.8,11.7,1023.0,5.1,110.0,6.0
2017-04-11 14:00:00,108.10080000000002,26.7,11.7,1022.3,1.5,70.0,
2017-04-11 15:00:00,110.9814,28.9,12.8,1021.5,6.7,80.0,
2017-04-11 16:00:00,109.101,27.8,12.2,1021.1,6.2,70.0,
2017-04-11 17:00:00,113.1819,25.6,12.8,1021.1,7.2,90.0,
2017-04-11 18:00:00,104.1801,24.4,11.7,1021.4,6.7,90.0,2.0
2017-04-11 19:00:00,99.6993,22.8,12.8,1021.7,4.6,80.0,4.0
2017-04-11 20:00:00,100.37939999999999,21.7,13.9,1022.3,3.6,80.0,2.0
2017-04-11 21:00:00,97.8588,20.6,14.4,1022.5,2.6,90.0,2.0
2017-04-11 22:00:00,97.8989,20.6,15.0,1022.9,2.1,80.0,
2017-04-11 23:00:00,93.5381,20.0,15.6,1022.9,1.5,30.0,2.0
2017-04-12 00:00:00,93.018,19.4,15.6,1022.8,2.6,30.0,2.0
2017-04-12 01:00:00,94.9383,18.9,16.7,1022.4,3.1,30.0,2.0
2017-04-12 02:00:00,94.3782,17.2,16.1,1021.7,2.1,20.0,2.0
2017-04-12 03:00:00,94.6983,17.8,16.7,1021.3,1.5,360.0,2.0
2017-04-12 04:00:00,94.9784,16.7,15.6,1021.0,2.6,10.0,2.0
2017-04-12 05:00:00,93.77810000000001,17.2,16.1,1021.0,0.0,0.0,2.0
2017-04-12 06:00:00,95.0583,16.7,15.6,1021.4,2.1,350.0,
2017-04-12 07:00:00,94.21820000000001,18.3,16.7,1022.3,0.0,0.0,6.0
2017-04-12 08:00:00,103.2599,22.2,13.9,1022.7,2.6,60.0,4.0
2017-04-12 09:00:00,101.6996,24.4,13.3,1022.6,3.6,40.0,4.0
2017-04-12 10:00:00,109.82119999999999,26.7,10.0,1022.7,3.6,80.0,4.0
2017-04-12 11:00:00,114.22200000000001,27.2,9.4,1022.5,4.6,50.0,4.0
2017-04-12 12:00:00,90.9776,28.3,10.6,1021.8,2.6,,4.0
2017-04-12 13:00:00,103.1799,28.9,11.1,1021.1,5.7,60.0,6.0
2017-04-12 14:00:00,105.1803,28.9,11.7,1020.4,6.7,60.0,
2017-04-12 15:00:00,104.6602,28.9,12.2,1020.3,6.2,50.0,
2017-04-12 16:00:00,108.50090000000003,28.3,11.7,1019.9,6.2,40.0,
2017-04-12 17:00:00,106.1404,26.1,14.4,1020.3,7.7,60.0,
2017-04-12 18:00:00,104.1801,25.0,15.0,1020.7,7.7,70.0,
2017-04-12 19:00:00,90.2174,23.9,15.6,1021.5,5.7,70.0,6.0
2017-04-12 20:00:00,94.29820000000001,23.3,15.0,1022.2,5.1,60.0,
2017-04-12 21:00:00,91.8178,22.8,15.0,1022.7,5.1,60.0,
2017-04-12 22:00:00,92.9379,21.7,15.0,1022.8,4.6,40.0,2.0
2017-04-12 23:00:00,87.93690000000001,20.6,15.0,1022.2,3.6,70.0,2.0
2017-04-13 00:00:00,90.0573,19.4,15.0,1022.2,2.1,70.0,2.0
2017-04-13 01:00:00,89.3772,19.4,15.6,1021.7,3.1,30.0,0.0
2017-04-13 02:00:00,91.6177,18.9,15.0,1021.3,3.6,30.0,2.0
2017-04-13 03:00:00,91.5377,18.9,15.0,1020.9,3.1,30.0,2.0
2017-04-13 04:00:00,91.4977,17.2,15.0,1020.7,1.5,360.0,2.0
2017-04-13 05:00:00,88.257,17.2,15.0,1020.9,2.1,10.0,4.0
2017-04-13 06:00:00,82.33590000000001,16.7,14.4,1021.3,2.1,360.0,4.0
2017-04-13 07:00:00,91.1776,20.0,15.6,1022.0,3.6,30.0,4.0
2017-04-13 08:00:00,93.178,22.8,15.6,1022.2,3.6,40.0,2.0
2017-04-13 09:00:00,104.2201,24.4,15.0,1022.1,4.1,60.0,4.0
2017-04-13 10:00:00,123.22380000000001,26.1,13.9,1022.2,4.6,80.0,4.0
2017-04-13 11:00:00,106.70060000000001,27.2,12.2,1022.0,6.7,50.0,4.0
2017-04-13 12:00:00,105.8605,26.1,13.3,1021.6,6.7,20.0,4.0
2017-04-13 13:00:00,104.3001,28.3,12.2,1021.4,5.7,60.0,6.0
2017-04-13 14:00:00,96.9787,26.7,11.7,1020.8,5.1,60.0,
2017-04-13 15:00:00,99.9393,26.7,11.1,1020.4,6.2,50.0,
2017-04-13 16:00:00,93.25800000000001,26.7,12.2,1020.2,6.7,70.0,4.0
2017-04-13 17:00:00,95.9385,26.7,11.7,1020.2,6.2,50.0,4.0
2017-04-13 18:00:00,91.9778,25.0,11.1,1020.4,5.7,60.0,4.0
2017-04-13 19:00:00,93.6981,22.8,13.9,1021.0,8.2,50.0,2.0
2017-04-13 20:00:00,93.73819999999999,22.2,13.3,1021.8,5.1,60.0,2.0
2017-04-13 21:00:00,87.897,21.1,14.4,1022.5,3.6,40.0,2.0
2017-04-13 22:00:00,89.93730000000001,21.1,14.4,1022.5,3.6,40.0,4.0
2017-04-13 23:00:00,86.4567,20.6,14.4,1022.4,3.1,40.0,2.0
2017-04-14 00:00:00,89.2972,19.4,14.4,1022.4,3.1,60.0,2.0
2017-04-14 01:00:00,91.0976,18.3,13.9,1021.8,3.1,30.0,2.0
2017-04-14 02:00:00,85.2165,18.3,14.4,1021.5,3.6,40.0,2.0
2017-04-14 03:00:00,72.4139,18.9,13.9,1021.1,3.1,50.0,2.0
2017-04-14 04:00:00,61.891999999999996,17.8,13.9,1021.0,2.6,60.0,2.0
2017-04-14 05:00:00,62.7321,17.2,13.9,1021.1,3.1,30.0,2.0
2017-04-14 06:00:00,60.6517,17.2,13.3,1021.4,0.0,0.0,2.0
2017-04-14 07:00:00,63.692299999999996,18.3,14.4,1021.9,2.6,350.0,2.0
2017-04-14 08:00:00,87.6969,22.8,14.4,1022.3,3.6,50.0,2.0
2017-04-14 09:00:00,107.50070000000001,25.0,15.6,1022.5,5.7,50.0,4.0
2017-04-14 10:00:00,132.1054,25.0,15.6,1022.8,4.1,80.0,
2017-04-14 11:00:00,115.7823,26.7,15.0,1022.8,5.1,40.0,
2017-04-14 12:00:00,110.7413,27.2,14.4,1022.4,6.2,60.0,4.0
2017-04-14 13:00:00,108.58090000000001,28.9,12.2,1021.9,7.7,50.0,4.0
2017-04-14 14:00:00,104.7002,28.9,12.8,1021.1,8.8,60.0,4.0
2017-04-14 15:00:00,108.0609,28.9,13.3,1020.8,8.2,60.0,
2017-04-14 16:00:00,107.1807,27.8,14.4,1021.0,8.8,60.0,
2017-04-14 17:00:00,103.4199,26.7,13.9,1021.3,9.3,50.0,
2017-04-14 18:00:00,109.101,25.6,15.0,1021.6,7.2,70.0,
2017-04-14 19:00:00,99.6592,23.9,14.4,1022.1,5.1,70.0,6.0
2017-04-14 20:00:00,96.57860000000001,22.2,15.0,1022.8,3.6,60.0,
2017-04-14 21:00:00,95.4184,21.7,15.6,1023.2,4.1,60.0,4.0
2017-04-14 22:00:00,88.5771,21.1,15.6,1023.5,3.1,70.0,4.0
2017-04-14 23:00:00,90.5375,20.6,15.6,1023.2,2.6,70.0,
2017-04-15 00:00:00,92.1778,20.6,16.1,1022.9,3.1,70.0,
2017-04-15 01:00:00,93.378,20.0,16.1,1022.6,3.1,70.0,8.0
2017-04-15 02:00:00,94.0582,19.4,15.6,1022.4,2.6,70.0,
2017-04-15 03:00:00,92.6179,18.3,15.6,1022.3,2.6,60.0,
2017-04-15 04:00:00,93.538,18.3,15.6,1022.4,3.1,60.0,
2017-04-15 05:00:00,92.8579,18.3,15.6,1022.8,2.6,80.0,
2017-04-15 06:00:00,95.4184,17.8,15.6,1023.4,2.1,70.0,
2017-04-15 07:00:00,95.33840000000001,20.0,16.7,1023.8,3.1,80.0,6.0
2017-04-15 08:00:00,101.4196,23.9,16.1,1024.2,5.7,80.0,
2017-04-15 09:00:00,112.54169999999999,25.0,16.1,1024.5,7.2,100.0,
2017-04-15 10:00:00,108.26089999999999,27.2,13.3,1024.9,8.8,110.0,
2017-04-15 11:00:00,111.5015,27.8,14.4,1025.0,6.7,80.0,
2017-04-15 12:00:00,108.3409,28.9,13.3,1024.5,7.7,110.0,
2017-04-15 13:00:00,111.2615,28.9,14.4,1024.0,8.8,120.0,8.0
2017-04-15 14:00:00,107.5007,27.8,13.9,1023.9,8.8,110.0,
2017-04-15 15:00:00,108.3009,27.8,13.9,1023.5,8.2,100.0,
2017-04-15 16:00:00,105.9805,26.7,13.9,1023.3,8.2,110.0,
2017-04-15 17:00:00,108.9411,26.1,14.4,1023.3,9.3,100.0,
2017-04-15 18:00:00,105.38029999999999,24.4,15.0,1023.6,6.7,90.0,
2017-04-15 19:00:00,92.6578,23.3,14.4,1023.7,4.6,90.0,8.0
2017-04-15 20:00:00,96.3386,22.2,15.0,1023.8,4.6,100.0,
2017-04-15 21:00:00,94.81830000000001,21.7,14.4,1024.3,3.6,90.0,4.0
2017-04-15 22:00:00,95.7785,20.6,14.4,1024.6,2.6,80.0,
2017-04-15 23:00:00,92.778,19.4,14.4,1024.5,2.6,90.0,
2017-04-16 00:00:00,91.2176,18.9,14.4,1024.5,2.6,70.0,
2017-04-16 01:00:00,95.1384,18.3,14.4,1024.1,2.1,70.0,4.0
2017-04-16 02:00:00,92.938,17.8,15.0,1023.4,2.6,80.0,2.0
2017-04-16 03:00:00,94.0982,17.2,14.4,1022.8,2.1,80.0,2.0
2017-04-16 04:00:00,77.375,17.2,14.4,1022.6,2.6,80.0,2.0
2017-04-16 05:00:00,65.7327,16.7,14.4,1022.7,2.1,100.0,2.0
2017-04-16 06:00:00,64.5325,16.7,14.4,1023.1,3.1,60.0,2.0
2017-04-16 07:00:00,65.2926,17.8,15.6,1023.6,2.6,70.0,2.0
2017-04-16 08:00:00,83.6961,22.8,15.0,1023.6,3.1,110.0,2.0
2017-04-16 09:00:00,107.5808,25.0,13.9,1023.7,6.2,120.0,2.0
2017-04-16 10:00:00,111.86160000000001,27.2,12.8,1023.9,6.2,110.0,2.0
2017-04-16 11:00:00,104.5401,28.3,11.7,1023.7,5.7,100.0,4.0
2017-04-16 12:00:00,104.6602,29.4,11.1,1022.7,6.7,110.0,4.0
2017-04-16 13:00:00,108.941,28.9,10.6,1022.4,2.1,,6.0
2017-04-16 14:00:00,106.9807,30.0,11.7,1021.7,5.1,90.0,
2017-04-16 15:00:00,107.0607,29.4,12.8,1021.2,6.2,100.0,
2017-04-16 16:00:00,109.1811,28.3,13.3,1020.8,7.7,100.0,
2017-04-16 17:00:00,106.7005,27.2,13.9,1020.6,6.7,120.0,
2017-04-16 18:00:00,109.58120000000001,25.6,14.4,1020.9,6.2,110.0,
2017-04-16 19:00:00,106.2205,23.3,15.6,1021.1,5.7,100.0,6.0
2017-04-16 20:00:00,94.6982,22.2,16.1,1021.5,4.1,100.0,4.0
2017-04-16 21:00:00,97.0587,21.7,16.7,1021.9,4.1,110.0,0.0
2017-04-16 22:00:00,92.0178,20.6,15.6,1022.2,2.6,110.0,0.0
2017-04-16 23:00:00,92.938,19.4,16.1,1022.0,2.1,90.0,0.0
2017-04-17 00:00:00,91.6177,19.4,16.1,1021.8,1.5,70.0,0.0
2017-04-17 01:00:00,93.09800000000001,17.2,15.6,1021.3,0.0,0.0,4.0
2017-04-17 02:00:00,93.178,17.8,15.6,1020.6,0.0,0.0,2.0
2017-04-17 03:00:00,95.0584,17.2,15.6,1020.4,1.5,360.0,2.0
2017-04-17 04:00:00,91.8178,16.7,15.0,1020.1,0.0,0.0,4.0
2017-04-17 05:00:00,80.1355,17.2,15.6,1020.2,0.0,0.0,
2017-04-17 06:00:00,74.4143,17.8,15.6,1020.6,0.0,0.0,4.0
2017-04-17 07:00:00,66.97290000000001,18.3,16.1,1021.2,0.0,0.0,2.0
2017-04-17 08:00:00,89.4973,22.8,16.1,1021.4,2.1,90.0,2.0
2017-04-17 09:00:00,118.90299999999999,24.4,16.1,1021.5,1.5,,4.0
2017-04-17 10:00:00,113.2219,24.4,15.6,1021.8,2.6,210.0,
2017-04-17 11:00:00,119.023,27.2,13.3,1021.3,0.0,0.0,4.0
2017-04-17 12:00:00,108.821,28.9,11.7,1020.3,1.5,,
2017-04-17 13:00:00,108.2609,29.4,12.8,1019.3,4.1,40.0,6.0
2017-04-17 14:00:00,107.3407,29.4,12.8,1019.0,2.1,,
2017-04-17 15:00:00,105.98049999999999,28.9,12.8,1018.4,4.1,10.0,
2017-04-17 16:00:00,109.301,28.9,13.3,1017.8,4.6,90.0,
2017-04-17 17:00:00,108.26089999999999,27.8,15.0,1017.7,5.7,110.0,
2017-04-17 18:00:00,108.9811,25.6,15.0,1018.0,6.7,80.0,
2017-04-17 19:00:00,111.82159999999999,23.9,16.1,1018.3,5.1,100.0,6.0
2017-04-17 20:00:00,103.0599,22.8,16.1,1018.9,5.1,100.0,4.0
2017-04-17 21:00:00,95.4984,22.2,16.1,1019.6,2.6,80.0,
2017-04-17 22:00:00,88.6571,21.1,15.6,1019.5,2.6,140.0,
2017-04-17 23:00:00,89.57730000000001,20.6,15.6,1019.7,2.1,120.0,2.0
2017-04-18 00:00:00,92.6579,19.4,15.6,1019.5,1.5,110.0,0.0
2017-04-18 01:00:00,93.5781,17.8,15.6,1019.2,0.0,0.0,4.0
2017-04-18 02:00:00,93.7781,17.8,16.1,1019.0,0.0,0.0,4.0
2017-04-18 03:00:00,94.4582,18.3,15.6,1018.9,0.0,0.0,4.0
2017-04-18 04:00:00,93.9782,17.2,16.1,1019.1,0.0,0.0,
2017-04-18 05:00:00,89.65729999999999,17.8,16.1,1019.4,1.5,50.0,4.0
2017-04-18 06:00:00,80.21549999999999,17.8,16.1,1019.6,0.0,0.0,4.0
2017-04-18 07:00:00,87.857,19.4,17.2,1020.7,0.0,0.0,2.0
2017-04-18 08:00:00,103.42,22.8,17.8,1021.1,3.1,80.0,2.0
2017-04-18 09:00:00,114.9022,25.6,17.2,1021.0,4.6,110.0,4.0
2017-04-18 10:00:00,112.8618,26.7,16.1,1021.3,3.6,150.0,4.0
2017-04-18 11:00:00,129.905,27.8,15.0,1021.3,3.1,,4.0
2017-04-18 12:00:00,111.5015,28.9,13.3,1020.6,2.6,130.0,4.0
2017-04-18 13:00:00,105.66040000000001,29.4,12.8,1020.0,4.1,110.0,6.0
2017-04-18 14:00:00,112.1816,30.6,12.8,1019.4,2.1,,
2017-04-18 15:00:00,112.5817,28.9,14.4,1018.9,5.7,120.0,
2017-04-18 16:00:00,115.8224,28.9,15.0,1018.8,6.2,80.0,
2017-04-18 17:00:00,118.4228,28.3,13.9,1018.9,5.7,110.0,
2017-04-18 18:00:00,112.7818,26.7,14.4,1019.4,6.7,100.0,
2017-04-18 19:00:00,105.74040000000001,24.4,17.2,1019.8,7.2,100.0,4.0
2017-04-18 20:00:00,111.10149999999999,23.3,17.8,1020.9,4.6,100.0,4.0
2017-04-18 21:00:00,110.4613,22.8,17.2,1021.9,3.1,100.0,0.0
2017-04-18 22:00:00,103.90010000000001,21.7,17.8,1022.3,2.6,100.0,2.0
2017-04-18 23:00:00,104.58019999999999,21.1,17.8,1022.2,2.1,90.0,2.0
2017-04-19 00:00:00,94.3382,20.6,17.8,1022.1,2.1,80.0,2.0
2017-04-19 01:00:00,92.4978,20.6,17.8,1021.7,2.6,80.0,2.0
2017-04-19 02:00:00,91.2576,19.4,17.2,1021.0,0.0,0.0,0.0
2017-04-19 03:00:00,92.6979,18.9,17.2,1020.8,2.6,100.0,0.0
2017-04-19 04:00:00,93.8981,18.9,17.2,1020.8,2.6,100.0,0.0
2017-04-19 05:00:00,93.4981,18.3,16.7,1021.2,2.6,70.0,0.0
2017-04-19 06:00:00,92.29780000000001,17.8,16.1,1021.7,2.1,70.0,2.0
2017-04-19 07:00:00,94.9383,20.0,17.2,1022.4,1.5,80.0,2.0
2017-04-19 08:00:00,106.0204,23.3,16.7,1022.7,2.6,80.0,2.0
2017-04-19 09:00:00,112.3817,25.6,15.6,1022.8,5.1,100.0,4.0
2017-04-19 10:00:00,122.2236,26.1,15.6,1022.9,4.1,100.0,
2017-04-19 11:00:00,108.26089999999999,28.9,13.9,1022.6,5.7,100.0,4.0
2017-04-19 12:00:00,106.4606,29.4,14.4,1021.9,6.2,80.0,4.0
2017-04-19 13:00:00,106.9007,30.0,12.8,1021.5,5.1,100.0,6.0
2017-04-19 14:00:00,105.54039999999999,29.4,12.8,1021.1,7.2,110.0,4.0
2017-04-19 15:00:00,107.9809,28.9,14.4,1020.5,5.1,110.0,
2017-04-19 16:00:00,112.1816,28.9,15.6,1020.6,7.7,120.0,
2017-04-19 17:00:00,111.3415,27.2,16.7,1021.0,4.6,80.0,
2017-04-19 18:00:00,113.94200000000001,26.1,17.2,1021.2,6.2,100.0,
2017-04-19 19:00:00,115.06219999999999,24.4,17.2,1021.5,6.2,80.0,6.0
2017-04-19 20:00:00,115.8224,22.8,18.3,1021.9,4.1,80.0,2.0
2017-04-19 21:00:00,119.98310000000001,22.2,18.3,1022.3,3.6,100.0,2.0
2017-04-19 22:00:00,108.501,21.7,17.8,1022.5,3.6,100.0,0.0
2017-04-19 23:00:00,97.17869999999999,21.1,17.8,1022.5,3.1,100.0,0.0
2017-04-20 00:00:00,89.6173,20.0,17.2,1022.2,2.6,80.0,2.0
2017-04-20 01:00:00,91.3777,19.4,16.7,1021.9,1.5,90.0,0.0
2017-04-20 02:00:00,72.73400000000001,18.9,16.7,1021.3,2.1,70.0,0.0
2017-04-20 03:00:00,91.0176,18.3,16.1,1021.2,2.1,60.0,2.0
2017-04-20 04:00:00,94.65820000000001,18.3,16.1,1021.2,2.1,80.0,4.0
2017-04-20 05:00:00,84.0562,17.2,15.6,1021.1,1.5,90.0,
2017-04-20 06:00:00,77.495,17.8,15.0,1021.3,2.6,70.0,4.0
2017-04-20 07:00:00,64.0924,18.9,16.1,1021.9,1.5,90.0,6.0
2017-04-20 08:00:00,98.41900000000001,22.2,16.7,1022.1,3.1,90.0,
2017-04-20 09:00:00,113.1018,25.6,16.7,1021.8,5.1,100.0,
2017-04-20 10:00:00,110.6613,26.7,15.6,1021.6,5.1,100.0,
2017-04-20 11:00:00,109.82119999999999,27.8,15.6,1021.3,2.1,,
2017-04-20 12:00:00,111.0214,27.8,13.9,1020.9,4.1,100.0,
2017-04-20 13:00:00,109.4611,28.9,13.3,1020.1,2.1,90.0,6.0
2017-04-20 14:00:00,105.98049999999999,28.9,12.8,1019.3,3.6,130.0,
2017-04-20 15:00:00,108.0208,29.4,13.3,1018.5,6.2,110.0,
2017-04-20 16:00:00,103.7801,28.9,12.8,1018.0,4.1,110.0,
2017-04-20 17:00:00,108.701,28.3,13.9,1017.8,6.2,80.0,4.0
2017-04-20 18:00:00,107.7007,26.7,15.0,1018.1,6.2,110.0,2.0
2017-04-20 19:00:00,106.22049999999999,23.9,16.1,1018.5,6.7,110.0,2.0
2017-04-20 20:00:00,109.06099999999999,22.8,16.1,1019.3,4.1,100.0,2.0
2017-04-20 21:00:00,91.85770000000001,21.1,16.1,1019.9,4.1,90.0,0.0
2017-04-20 22:00:00,94.0581,20.0,15.6,1019.9,2.6,80.0,0.0
2017-04-20 23:00:00,88.6171,18.9,15.0,1019.8,2.6,80.0,0.0
2017-04-21 00:00:00,94.2582,18.9,15.0,1019.6,1.5,110.0,0.0
2017-04-21 01:00:00,92.7779,18.3,15.0,1019.0,0.0,0.0,0.0
2017-04-21 02:00:00,83.61619999999999,18.3,15.0,1018.5,2.1,70.0,2.0
2017-04-21 03:00:00,74.0943,17.2,14.4,1018.2,2.1,90.0,2.0
2017-04-21 04:00:00,63.8923,16.1,14.4,1018.1,2.1,80.0,0.0
2017-04-21 05:00:00,63.372299999999996,16.1,13.9,1018.1,1.5,80.0,0.0
2017-04-21 06:00:00,63.0522,15.6,13.9,1018.4,0.0,0.0,2.0
2017-04-21 07:00:00,64.1324,18.3,16.1,1018.9,1.5,100.0,2.0
2017-04-21 08:00:00,93.618,22.2,16.1,1018.6,3.1,130.0,2.0
2017-04-21 09:00:00,124.504,25.0,16.1,1018.3,3.1,120.0,2.0
2017-04-21 10:00:00,110.78139999999999,26.7,15.0,1018.4,6.2,130.0,4.0
2017-04-21 11:00:00,108.26089999999999,27.8,14.4,1017.9,5.1,130.0,4.0
2017-04-21 12:00:00,108.0209,28.9,13.3,1016.9,4.6,80.0,2.0
2017-04-21 13:00:00,104.8602,30.0,13.3,1016.1,4.1,80.0,4.0
2017-04-21 14:00:00,106.5806,30.6,12.8,1015.1,3.1,70.0,4.0
2017-04-21 15:00:00,105.7404,30.6,14.4,1014.2,6.7,110.0,4.0
2017-04-21 16:00:00,108.3409,30.6,14.4,1014.0,6.2,110.0,4.0
2017-04-21 17:00:00,107.9008,28.3,16.1,1014.1,6.7,110.0,4.0
2017-04-21 18:00:00,104.6602,27.2,15.6,1014.6,7.2,100.0,2.0
2017-04-21 19:00:00,108.941,25.6,16.1,1014.8,6.2,100.0,2.0
2017-04-21 20:00:00,108.42090000000002,23.9,16.7,1015.3,5.7,100.0,2.0
2017-04-21 21:00:00,111.3015,22.8,17.2,1015.9,4.6,120.0,2.0
2017-04-21 22:00:00,111.78160000000001,21.7,17.2,1016.2,4.6,130.0,4.0
2017-04-21 23:00:00,108.9811,21.1,17.8,1016.1,3.1,130.0,2.0
2017-04-22 00:00:00,104.8603,20.0,17.8,1015.7,2.6,140.0,2.0
2017-04-22 01:00:00,95.0583,20.0,17.8,1015.0,2.1,120.0,2.0
2017-04-22 02:00:00,92.89789999999999,19.4,18.3,1014.4,0.0,0.0,2.0
2017-04-22 03:00:00,90.9375,18.3,17.2,1014.0,1.5,100.0,4.0
2017-04-22 04:00:00,93.1379,18.9,17.8,1014.1,2.1,100.0,4.0
2017-04-22 05:00:00,93.7381,18.3,17.8,1014.2,0.0,0.0,
2017-04-22 06:00:00,93.7381,18.3,17.8,1014.5,2.1,110.0,2.0
2017-04-22 07:00:00,93.57809999999999,20.6,19.4,1015.0,1.5,120.0,2.0
2017-04-22 08:00:00,106.7807,23.9,18.3,1015.3,3.1,140.0,2.0
2017-04-22 09:00:00,110.6613,25.6,17.8,1015.5,5.1,170.0,
2017-04-22 10:00:00,107.70079999999999,26.7,17.2,1015.7,4.6,150.0,
2017-04-22 11:00:00,108.0208,27.8,16.7,1015.4,1.5,,
2017-04-22 12:00:00,107.7408,28.9,16.1,1014.9,4.6,200.0,
2017-04-22 13:00:00,113.5019,30.0,14.4,1013.9,2.1,,6.0
2017-04-22 14:00:00,109.7812,31.7,13.9,1013.0,1.5,,
2017-04-22 15:00:00,110.4213,29.4,17.8,1012.3,5.7,110.0,
2017-04-22 16:00:00,109.9812,29.4,17.8,1011.9,5.7,100.0,
2017-04-22 17:00:00,113.1018,27.8,18.9,1012.0,5.7,140.0,
2017-04-22 18:00:00,113.78200000000001,27.2,18.9,1012.2,6.7,120.0,
2017-04-22 19:00:00,115.9024,25.6,18.9,1012.0,5.7,130.0,6.0
2017-04-22 20:00:00,116.5425,24.4,19.4,1012.3,5.1,130.0,4.0
2017-04-22 21:00:00,116.70259999999999,23.9,20.0,1012.7,4.1,130.0,4.0
2017-04-22 22:00:00,119.18299999999999,23.3,20.0,1012.7,4.6,140.0,
2017-04-22 23:00:00,118.90299999999999,22.8,19.4,1013.1,3.1,150.0,
2017-04-23 00:00:00,121.46340000000001,22.2,19.4,1013.0,3.1,150.0,
2017-04-23 01:00:00,119.94319999999999,21.7,18.9,1012.7,2.6,180.0,8.0
2017-04-23 02:00:00,123.5838,20.6,18.9,1012.0,2.1,170.0,
2017-04-23 03:00:00,124.7441,21.7,18.9,1011.7,0.0,0.0,
2017-04-23 04:00:00,124.82409999999999,22.2,18.9,1011.5,0.0,0.0,
2017-04-23 05:00:00,122.90379999999999,22.2,18.9,1011.5,0.0,0.0,
2017-04-23 06:00:00,123.54390000000001,21.7,18.9,1011.4,0.0,0.0,
2017-04-23 07:00:00,122.9838,22.2,19.4,1011.8,0.0,0.0,6.0
2017-04-23 08:00:00,122.46360000000001,23.9,19.4,1011.8,2.1,130.0,
2017-04-23 09:00:00,118.8629,25.6,20.0,1012.0,3.6,150.0,
2017-04-23 10:00:00,113.4219,26.1,19.4,1011.9,3.1,160.0,
2017-04-23 11:00:00,112.3817,27.2,19.4,1011.6,5.1,120.0,
2017-04-23 12:00:00,111.38149999999999,28.3,18.3,1011.0,3.1,150.0,
2017-04-23 13:00:00,111.3415,28.3,17.8,1010.2,4.6,110.0,8.0
2017-04-23 14:00:00,109.8612,28.9,16.7,1009.4,4.6,100.0,
2017-04-23 15:00:00,113.1818,28.9,16.1,1008.3,5.1,110.0,
2017-04-23 16:00:00,109.7412,28.9,17.2,1008.0,4.6,140.0,
2017-04-23 17:00:00,109.2211,28.9,17.8,1007.9,5.1,120.0,
2017-04-23 18:00:00,114.3821,27.8,17.8,1007.7,6.2,110.0,
2017-04-23 19:00:00,112.26159999999999,25.6,18.9,1008.2,3.6,130.0,4.0
2017-04-23 20:00:00,116.0224,24.4,19.4,1008.7,4.1,140.0,2.0
2017-04-23 21:00:00,118.3028,22.8,18.9,1009.4,3.6,140.0,0.0
2017-04-23 22:00:00,116.5425,22.2,19.4,1009.8,3.1,150.0,2.0
2017-04-23 23:00:00,121.6234,20.6,18.9,1009.5,1.5,190.0,4.0
2017-04-24 00:00:00,121.8235,21.1,19.4,1009.3,2.1,250.0,4.0
2017-04-24 01:00:00,121.10340000000001,21.7,19.4,1008.5,0.0,0.0,6.0
2017-04-24 02:00:00,123.4238,21.1,19.4,1007.6,1.5,230.0,2.0
2017-04-24 03:00:00,122.2236,19.4,18.9,1007.0,1.5,180.0,4.0
2017-04-24 04:00:00,123.5838,19.4,18.9,1006.7,1.5,200.0,2.0
2017-04-24 05:00:00,123.1038,18.9,18.9,1006.6,2.1,170.0,
2017-04-24 06:00:00,124.0239,20.0,19.4,1007.2,2.1,220.0,
2017-04-24 07:00:00,121.70349999999999,20.6,20.0,1007.2,2.1,180.0,2.0
2017-04-24 08:00:00,123.2637,23.3,19.4,1007.5,3.6,240.0,4.0
2017-04-24 09:00:00,127.06450000000001,23.9,18.9,1007.4,4.1,260.0,
2017-04-24 10:00:00,118.34289999999999,24.4,18.3,1007.8,5.1,270.0,
2017-04-24 11:00:00,115.4623,26.1,17.8,1007.5,4.6,230.0,
2017-04-24 12:00:00,113.2219,27.8,17.2,1006.7,8.2,260.0,
2017-04-24 13:00:00,115.4223,27.8,16.1,1005.8,8.8,230.0,6.0
2017-04-24 14:00:00,113.5019,28.3,15.6,1005.6,10.3,250.0,
2017-04-24 15:00:00,115.4622,26.7,14.4,1005.3,8.2,270.0,
2017-04-24 16:00:00,112.5017,26.7,13.9,1005.1,8.8,270.0,4.0
2017-04-24 17:00:00,110.1413,26.7,11.7,1005.3,8.2,260.0,4.0
2017-04-24 18:00:00,94.9383,23.9,12.8,1005.6,8.8,280.0,4.0
2017-04-24 19:00:00,93.7381,22.2,13.3,1006.1,7.2,280.0,4.0
2017-04-24 20:00:00,97.0188,21.1,13.9,1006.7,5.1,280.0,4.0
2017-04-24 21:00:00,94.29820000000001,20.0,13.9,1007.4,4.1,290.0,4.0
2017-04-24 22:00:00,93.69810000000001,19.4,13.9,1007.8,5.1,280.0,
2017-04-24 23:00:00,88.6571,18.9,13.9,1008.3,4.6,280.0,2.0
2017-04-25 00:00:00,95.5384,18.3,13.9,1008.2,4.6,270.0,
2017-04-25 01:00:00,91.21759999999999,18.3,12.8,1007.8,3.6,270.0,6.0
2017-04-25 02:00:00,87.1768,18.3,12.2,1007.5,3.1,260.0,
2017-04-25 03:00:00,91.1776,17.8,11.7,1007.8,4.1,310.0,
2017-04-25 04:00:00,94.21820000000001,16.1,11.7,1008.3,2.6,290.0,2.0
2017-04-25 05:00:00,89.0572,15.6,11.1,1008.9,1.5,270.0,0.0
2017-04-25 06:00:00,68.4932,12.2,10.6,1009.2,2.1,220.0,2.0
2017-04-25 07:00:00,63.9723,16.1,12.2,1010.0,3.6,240.0,2.0
2017-04-25 08:00:00,91.4176,18.9,11.7,1010.3,3.1,310.0,2.0
2017-04-25 09:00:00,84.29629999999999,21.1,11.7,1010.5,4.6,300.0,2.0
2017-04-25 10:00:00,100.2194,22.8,11.7,1011.2,5.1,280.0,
2017-04-25 11:00:00,96.7387,23.3,11.7,1011.2,6.2,270.0,
2017-04-25 12:00:00,115.0222,23.9,12.2,1010.8,5.1,300.0,
2017-04-25 13:00:00,104.7002,25.6,11.1,1010.1,5.1,270.0,6.0
2017-04-25 14:00:00,105.46029999999999,25.6,11.1,1009.4,2.1,200.0,
2017-04-25 15:00:00,107.98089999999999,27.8,10.6,1008.6,5.1,230.0,
2017-04-25 16:00:00,106.4606,27.8,11.1,1008.1,5.1,230.0,
2017-04-25 17:00:00,103.94,27.8,10.6,1008.1,4.1,270.0,
2017-04-25 18:00:00,108.0209,26.7,10.6,1008.4,4.1,240.0,
2017-04-25 19:00:00,103.53999999999999,25.0,11.7,1008.9,4.6,280.0,4.0
2017-04-25 20:00:00,101.1395,23.3,11.7,1009.5,5.7,260.0,2.0
2017-04-25 21:00:00,98.459,21.7,10.6,1010.4,4.1,270.0,0.0
2017-04-25 22:00:00,98.6591,20.0,11.1,1011.1,2.6,280.0,0.0
2017-04-25 23:00:00,94.13820000000001,19.4,12.8,1011.2,2.6,270.0,0.0
2017-04-26 00:00:00,90.4974,17.8,12.8,1011.5,0.0,0.0,0.0
2017-04-26 01:00:00,92.01769999999999,17.2,13.3,1011.5,0.0,0.0,0.0
2017-04-26 02:00:00,68.8132,16.7,13.3,1011.2,2.1,250.0,0.0
2017-04-26 03:00:00,67.333,12.8,12.2,1010.9,2.6,170.0,0.0
2017-04-26 04:00:00,64.3324,14.4,12.8,1010.9,0.0,0.0,0.0
2017-04-26 05:00:00,64.6525,13.3,12.2,1011.1,0.0,0.0,0.0
2017-04-26 06:00:00,63.8523,12.8,12.2,1011.4,2.1,140.0,2.0
2017-04-26 07:00:00,65.2526,15.6,14.4,1012.1,1.5,180.0,2.0
2017-04-26 08:00:00,88.2171,19.4,15.0,1012.5,2.1,190.0,2.0
2017-04-26 09:00:00,97.8988,22.8,12.2,1012.8,2.6,210.0,
2017-04-26 10:00:00,98.619,23.9,10.6,1013.0,4.6,210.0,
2017-04-26 11:00:00,99.0592,24.4,11.7,1013.0,3.6,210.0,
2017-04-26 12:00:00,99.2191,27.2,11.7,1012.6,4.1,260.0,4.0
2017-04-26 13:00:00,105.3003,27.2,11.1,1012.2,4.1,260.0,4.0
2017-04-26 14:00:00,109.06100000000002,28.3,11.7,1011.6,4.6,240.0,4.0
2017-04-26 15:00:00,107.3808,29.4,11.1,1010.5,6.7,230.0,2.0
2017-04-26 16:00:00,108.981,29.4,11.7,1009.9,5.7,220.0,4.0
2017-04-26 17:00:00,111.1014,30.0,11.7,1010.0,7.2,250.0,4.0
2017-04-26 18:00:00,110.3013,29.4,10.6,1010.3,5.1,240.0,2.0
2017-04-26 19:00:00,111.42150000000001,27.8,10.6,1010.9,4.1,270.0,2.0
2017-04-26 20:00:00,107.4208,23.9,16.1,1011.5,4.1,100.0,2.0
2017-04-26 21:00:00,113.2618,22.8,17.2,1012.5,3.6,120.0,2.0
2017-04-26 22:00:00,99.09909999999999,21.7,17.2,1013.0,2.6,120.0,2.0
2017-04-26 23:00:00,95.9786,21.1,17.8,1013.1,2.1,90.0,2.0
2017-04-27 00:00:00,92.4178,19.4,17.8,1013.1,0.0,0.0,2.0
2017-04-27 01:00:00,98.499,18.9,17.8,1012.8,3.1,170.0,2.0
2017-04-27 02:00:00,112.5417,18.9,18.3,1012.4,2.6,170.0,0.0
2017-04-27 03:00:00,98.0989,19.4,19.4,1012.3,0.0,0.0,0.0
2017-04-27 04:00:00,92.858,18.9,18.9,1012.5,0.0,0.0,0.0
2017-04-27 05:00:00,95.0584,18.3,18.3,1012.6,0.0,0.0,0.0
2017-04-27 06:00:00,95.69839999999999,18.9,18.9,1013.2,0.0,0.0,2.0
2017-04-27 07:00:00,104.94030000000001,20.6,20.6,1013.8,2.6,180.0,0.0
2017-04-27 08:00:00,117.62270000000001,23.3,21.7,1014.6,4.6,190.0,2.0
2017-04-27 09:00:00,115.2622,25.0,21.1,1014.8,5.1,170.0,2.0
2017-04-27 10:00:00,115.6223,27.8,20.0,1015.1,4.6,170.0,
2017-04-27 11:00:00,116.1024,30.0,19.4,1014.9,5.7,160.0,4.0
2017-04-27 12:00:00,111.82159999999999,30.6,17.2,1014.3,4.1,180.0,2.0
2017-04-27 13:00:00,112.4217,32.2,15.6,1013.5,3.1,170.0,4.0
2017-04-27 14:00:00,98.179,32.8,15.6,1012.9,5.1,210.0,2.0
2017-04-27 15:00:00,91.33760000000001,33.9,15.6,1011.8,5.7,190.0,2.0
2017-04-27 16:00:00,92.01769999999999,33.9,14.4,1011.3,6.2,180.0,2.0
2017-04-27 17:00:00,92.3378,33.9,13.3,1011.4,4.1,200.0,2.0
2017-04-27 18:00:00,93.538,32.8,13.9,1011.7,0.0,0.0,2.0
2017-04-27 19:00:00,94.37819999999999,28.9,21.7,1012.3,5.1,90.0,2.0
2017-04-27 20:00:00,110.18119999999999,27.2,21.7,1013.1,4.6,100.0,2.0
2017-04-27 21:00:00,111.3014,26.1,21.7,1013.6,5.1,120.0,2.0
2017-04-27 22:00:00,110.02120000000001,25.6,21.7,1014.0,4.1,130.0,0.0
2017-04-27 23:00:00,111.7815,24.4,22.2,1014.3,4.1,150.0,0.0
2017-04-28 00:00:00,113.9019,24.4,22.2,1014.7,4.1,170.0,0.0
2017-04-28 01:00:00,116.6225,23.3,20.6,1015.1,2.6,210.0,0.0
2017-04-28 02:00:00,117.8227,22.8,20.0,1014.9,0.0,0.0,0.0
2017-04-28 03:00:00,119.2631,22.8,20.0,1015.0,1.5,230.0,0.0
2017-04-28 04:00:00,119.023,21.7,20.0,1015.2,0.0,0.0,0.0
2017-04-28 05:00:00,120.7033,20.6,19.4,1015.9,1.5,180.0,0.0
2017-04-28 06:00:00,119.9832,20.0,19.4,1016.8,2.1,160.0,2.0
2017-04-28 07:00:00,117.1427,22.2,22.2,1017.9,1.5,140.0,4.0
2017-04-28 08:00:00,118.4629,25.6,22.8,1018.5,2.6,170.0,2.0
2017-04-28 09:00:00,112.10159999999999,27.2,22.8,1018.6,5.7,170.0,4.0
2017-04-28 10:00:00,110.4213,28.9,22.2,1019.0,5.1,180.0,4.0
2017-04-28 11:00:00,111.3014,30.0,21.1,1018.7,5.7,150.0,4.0
2017-04-28 12:00:00,93.338,32.8,20.0,1018.1,5.1,160.0,4.0
2017-04-28 13:00:00,93.4981,33.9,18.3,1017.7,6.7,140.0,6.0
2017-04-28 14:00:00,92.7378,33.9,17.2,1017.3,3.1,,
2017-04-28 15:00:00,94.21809999999999,33.3,20.0,1016.8,7.2,90.0,
2017-04-28 16:00:00,97.05869999999999,32.8,20.0,1016.8,8.2,120.0,
2017-04-28 17:00:00,95.85849999999999,30.6,20.6,1017.2,8.2,100.0,
2017-04-28 18:00:00,94.5783,29.4,20.0,1017.4,7.2,120.0,
2017-04-28 19:00:00,91.93780000000001,28.3,20.0,1017.9,6.2,110.0,6.0
2017-04-28 20:00:00,91.6177,26.1,21.1,1018.5,5.7,120.0,
2017-04-28 21:00:00,93.338,25.0,21.7,1019.5,4.1,120.0,4.0
2017-04-28 22:00:00,93.5381,23.9,21.7,1019.9,3.6,120.0,4.0
2017-04-28 23:00:00,91.9378,22.8,22.2,1020.1,3.6,120.0,
2017-04-29 00:00:00,93.9781,22.8,22.2,1020.3,2.6,130.0,
2017-04-29 01:00:00,94.37819999999999,22.8,22.8,1020.1,3.1,120.0,6.0
2017-04-29 02:00:00,92.49780000000001,22.8,22.8,1019.9,2.6,110.0,
2017-04-29 03:00:00,92.6579,22.8,22.8,1019.5,3.1,110.0,2.0
2017-04-29 04:00:00,93.21799999999999,22.8,22.8,1019.7,3.1,120.0,4.0
2017-04-29 05:00:00,93.09790000000001,22.2,22.2,1019.8,4.1,120.0,4.0
2017-04-29 06:00:00,93.2579,21.7,21.7,1020.5,3.6,120.0,4.0
2017-04-29 07:00:00,94.4182,22.8,22.8,1020.9,4.1,120.0,6.0
2017-04-29 08:00:00,98.85900000000001,25.6,22.2,1021.0,6.7,130.0,
2017-04-29 09:00:00,98.8991,26.1,20.6,1021.2,7.2,130.0,
2017-04-29 10:00:00,102.8598,28.9,19.4,1021.4,4.1,130.0,
2017-04-29 11:00:00,91.4976,30.0,18.9,1021.2,5.7,130.0,
2017-04-29 12:00:00,91.13759999999999,31.7,20.0,1020.7,6.7,80.0,
2017-04-29 13:00:00,90.9776,32.2,18.9,1020.3,6.7,100.0,6.0
2017-04-29 14:00:00,93.09790000000001,32.2,17.2,1019.7,8.8,100.0,4.0
2017-04-29 15:00:00,92.7779,31.7,17.2,1019.1,8.2,90.0,4.0
2017-04-29 16:00:00,92.2978,31.1,17.8,1019.1,8.2,100.0,2.0
2017-04-29 17:00:00,91.57759999999999,30.0,18.3,1019.2,6.2,100.0,2.0
2017-04-29 18:00:00,91.77770000000001,28.3,19.4,1019.2,6.7,90.0,4.0
2017-04-29 19:00:00,90.3374,26.1,20.0,1019.4,6.7,110.0,6.0
2017-04-29 20:00:00,92.5778,24.4,21.1,1020.0,5.7,110.0,2.0
2017-04-29 21:00:00,93.178,23.9,21.7,1020.3,5.7,110.0,2.0
2017-04-29 22:00:00,92.97800000000001,23.3,21.7,1020.6,4.6,110.0,
2017-04-29 23:00:00,93.578,22.8,21.7,1020.6,4.1,120.0,
2017-04-30 00:00:00,93.338,22.8,21.7,1020.1,3.6,120.0,
2017-04-30 01:00:00,94.4982,24.0,22.0,,3.6,120.0,8.0
2017-04-30 02:00:00,93.458,22.8,22.2,1019.3,4.1,120.0,
2017-04-30 03:00:00,94.3382,22.2,21.7,1019.0,3.6,120.0,
2017-04-30 04:00:00,93.538,22.2,21.7,1019.5,3.1,130.0,
2017-04-30 05:00:00,94.1382,21.7,21.7,1019.5,3.1,130.0,
2017-04-30 06:00:00,92.4178,21.7,21.7,1020.2,2.6,120.0,
2017-04-30 07:00:00,97.8588,21.7,21.7,1020.7,2.1,130.0,8.0
2017-04-30 08:00:00,108.30090000000001,24.4,21.7,1020.2,4.6,130.0,
2017-04-30 09:00:00,100.49950000000001,25.6,20.6,1019.8,7.7,140.0,
2017-04-30 10:00:00,87.977,26.1,20.6,1020.2,5.7,140.0,
2017-04-30 11:00:00,89.2972,26.7,20.6,1020.3,4.6,130.0,
2017-04-30 12:00:00,88.97720000000001,29.4,20.6,1019.9,5.1,140.0,
2017-04-30 13:00:00,90.2974,30.0,19.4,,5.7,120.0,6.0
2017-04-30 14:00:00,90.0574,31.1,20.6,1018.2,7.7,110.0,
2017-04-30 15:00:00,88.417,30.6,20.6,1017.9,8.2,120.0,
2017-04-30 16:00:00,89.1772,29.4,21.1,1017.6,9.8,110.0,
2017-04-30 17:00:00,90.1774,28.9,20.6,1017.8,7.7,110.0,
2017-04-30 18:00:00,89.0972,26.7,20.6,1018.2,6.7,110.0,4.0
2017-04-30 19:00:00,90.6575,25.6,20.0,1018.6,6.7,110.0,4.0
2017-04-30 20:00:00,93.8181,24.4,20.6,1019.1,7.2,120.0,4.0
2017-04-30 21:00:00,93.0179,23.3,20.6,1019.3,6.2,120.0,4.0
2017-04-30 22:00:00,92.8579,22.8,21.1,1019.5,5.1,120.0,4.0
2017-04-30 23:00:00,91.4976,22.2,21.7,1019.2,4.1,130.0,
2017-05-01 00:00:00,93.578,22.2,21.7,1018.8,5.7,130.0,
2017-05-01 01:00:00,93.378,21.7,21.7,1018.6,5.7,140.0,4.0
2017-05-01 02:00:00,91.77770000000001,21.7,21.7,1018.3,2.6,140.0,
2017-05-01 03:00:00,93.258,21.1,21.1,1017.8,3.6,120.0,2.0
2017-05-01 04:00:00,91.93780000000001,20.6,20.6,1017.7,3.1,130.0,0.0
2017-05-01 05:00:00,93.138,20.6,20.6,1017.6,3.6,140.0,4.0
2017-05-01 06:00:00,92.0178,20.6,20.6,1017.9,3.1,130.0,2.0
2017-05-01 07:00:00,91.6576,21.7,21.7,1018.5,3.6,130.0,2.0
2017-05-01 08:00:00,92.6579,23.9,21.7,1019.0,5.1,150.0,
2017-05-01 09:00:00,91.6177,26.7,21.1,1018.7,7.7,150.0,
2017-05-01 10:00:00,90.89760000000001,27.8,20.0,1018.8,8.2,170.0,
2017-05-01 11:00:00,91.8577,29.4,19.4,1018.5,6.7,200.0,4.0
2017-05-01 12:00:00,92.5378,30.6,18.9,1017.7,6.2,190.0,4.0
2017-05-01 13:00:00,93.338,30.6,18.3,1017.0,2.6,190.0,4.0
2017-05-01 14:00:00,93.338,31.7,17.8,1015.9,5.1,220.0,4.0
2017-05-01 15:00:00,93.69810000000001,30.0,18.9,1015.7,11.3,230.0,
2017-05-01 16:00:00,94.8583,25.0,22.2,1015.0,3.1,310.0,
2017-05-01 17:00:00,91.33760000000001,27.8,21.1,1014.6,4.6,210.0,
2017-05-01 18:00:00,92.2978,27.8,20.0,1014.0,1.5,150.0,
2017-05-01 19:00:00,91.73769999999999,25.0,21.1,1013.8,6.7,160.0,6.0
2017-05-01 20:00:00,92.37780000000001,22.8,21.1,1014.7,5.7,170.0,
2017-05-01 21:00:00,92.7379,22.8,21.7,1015.1,3.6,170.0,
2017-05-01 22:00:00,91.4976,22.8,21.7,1015.7,3.6,170.0,
2017-05-01 23:00:00,90.3374,22.8,21.1,1016.1,2.6,210.0,
2017-05-02 00:00:00,93.09790000000001,22.8,21.7,1016.1,3.6,170.0,
2017-05-02 01:00:00,91.0976,22.8,22.2,1016.1,3.6,180.0,8.0
2017-05-02 02:00:00,92.0178,22.2,22.2,1015.9,2.6,180.0,
2017-05-02 03:00:00,92.7379,22.2,22.2,1015.7,2.1,210.0,
2017-05-02 04:00:00,91.0976,21.7,21.7,1015.4,3.1,200.0,
2017-05-02 05:00:00,92.3379,21.7,21.7,1015.5,3.6,200.0,
2017-05-02 06:00:00,91.3776,21.7,21.7,1015.9,2.1,220.0,
2017-05-02 07:00:00,92.1778,22.2,22.2,1016.9,2.6,230.0,6.0
2017-05-02 08:00:00,92.9379,23.9,22.2,1017.1,3.1,250.0,
2017-05-02 09:00:00,93.378,25.0,22.2,1016.7,3.6,240.0,
2017-05-02 10:00:00,91.6177,23.9,22.8,,5.1,290.0,
2017-05-02 11:00:00,92.7779,23.9,22.0,1017.0,4.1,330.0,
2017-05-02 12:00:00,92.0978,23.9,22.8,1017.0,3.6,50.0,
2017-05-02 13:00:00,92.01769999999999,24.4,22.2,1016.9,4.1,20.0,6.0
2017-05-02 14:00:00,95.6985,26.1,19.4,1016.3,7.2,50.0,
2017-05-02 15:00:00,98.3389,27.2,17.8,1015.5,4.6,70.0,4.0
2017-05-02 16:00:00,90.5375,27.8,17.2,1015.3,6.7,70.0,2.0
2017-05-02 17:00:00,88.9372,27.2,16.7,1015.2,5.1,80.0,2.0
2017-05-02 18:00:00,88.33709999999999,25.6,17.2,1015.1,5.1,60.0,2.0
2017-05-02 19:00:00,87.0968,23.9,18.3,1015.5,5.1,80.0,2.0
2017-05-02 20:00:00,89.6174,22.2,19.4,1016.3,5.1,100.0,2.0
2017-05-02 21:00:00,90.57740000000001,21.1,19.4,1016.8,3.1,100.0,0.0
2017-05-02 22:00:00,86.3767,21.1,20.0,1017.4,2.1,120.0,2.0
2017-05-02 23:00:00,81.89580000000001,20.6,20.6,1017.3,1.5,100.0,0.0
2017-05-03 00:00:00,90.29740000000001,20.0,20.0,1016.9,0.0,0.0,2.0
2017-05-03 01:00:00,94.2182,18.9,18.9,1016.5,0.0,0.0,2.0
2017-05-03 02:00:00,87.1769,18.9,18.9,1016.0,0.0,0.0,2.0
2017-05-03 03:00:00,89.8573,18.9,18.9,,0.0,0.0,
2017-05-03 04:00:00,84.1763,18.9,18.9,1016.1,1.5,40.0,
2017-05-03 05:00:00,78.4952,18.3,18.3,1016.5,2.6,10.0,2.0
2017-05-03 06:00:00,78.055,18.3,17.8,1017.0,2.1,30.0,4.0
2017-05-03 07:00:00,82.976,20.6,19.4,1017.2,2.1,60.0,2.0
2017-05-03 08:00:00,77.295,22.8,21.1,1017.5,3.6,40.0,2.0
2017-05-03 09:00:00,85.81649999999999,25.0,20.6,1017.8,3.1,60.0,4.0
2017-05-03 10:00:00,90.9375,26.7,18.3,1017.5,4.6,60.0,4.0
2017-05-03 11:00:00,90.5375,28.3,16.7,1017.1,5.7,100.0,4.0
2017-05-03 12:00:00,88.7371,29.4,16.1,1016.5,6.7,80.0,4.0
2017-05-03 13:00:00,80.85560000000001,30.0,12.2,1015.6,5.7,70.0,4.0
2017-05-03 14:00:00,78.29509999999999,30.0,12.2,1015.0,7.2,80.0,4.0
2017-05-03 15:00:00,79.9755,30.0,13.3,1014.7,7.7,110.0,4.0
2017-05-03 16:00:00,86.4567,28.9,15.0,1015.0,6.2,100.0,2.0
2017-05-03 17:00:00,88.4571,27.8,14.4,1015.2,6.7,120.0,2.0
2017-05-03 18:00:00,83.4161,26.7,12.8,1015.1,5.7,90.0,2.0
2017-05-03 19:00:00,76.0147,24.4,13.9,1015.7,5.1,100.0,4.0
2017-05-03 20:00:00,75.6546,23.3,14.4,1016.4,3.6,90.0,2.0
2017-05-03 21:00:00,75.05449999999999,22.2,15.6,1016.8,3.6,100.0,2.0
2017-05-03 22:00:00,72.174,21.1,16.1,1016.7,3.1,110.0,2.0
2017-05-03 23:00:00,71.9339,20.6,16.7,1016.6,2.1,80.0,
2017-05-04 00:00:00,83.5361,20.0,16.7,1016.0,2.1,80.0,
2017-05-04 01:00:00,83.5361,19.4,17.2,1015.1,3.1,80.0,6.0
2017-05-04 02:00:00,87.697,20.0,17.2,1014.8,1.5,70.0,
2017-05-04 03:00:00,85.6565,18.9,17.2,1013.9,2.6,100.0,2.0
2017-05-04 04:00:00,88.3371,19.4,18.9,1013.2,2.6,120.0,0.0
2017-05-04 05:00:00,85.13640000000001,19.4,19.4,1012.9,3.1,120.0,2.0
2017-05-04 06:00:00,84.8564,18.3,18.3,1013.7,2.1,140.0,2.0
2017-05-04 07:00:00,83.1361,20.6,20.6,1013.7,2.6,120.0,2.0
2017-05-04 08:00:00,85.7765,24.4,21.7,1013.3,4.1,140.0,2.0
2017-05-04 09:00:00,91.5377,25.0,20.6,1013.3,7.7,170.0,4.0
2017-05-04 10:00:00,97.2587,27.2,20.0,1012.9,6.7,160.0,
2017-05-04 11:00:00,89.8173,29.4,18.9,1012.5,4.6,160.0,
2017-05-04 12:00:00,90.0974,30.6,18.3,1011.6,7.2,140.0,
2017-05-04 13:00:00,90.5775,30.0,17.8,1010.7,4.1,190.0,6.0
2017-05-04 14:00:00,90.7375,33.3,16.1,1009.9,5.7,190.0,
2017-05-04 15:00:00,92.6979,31.7,16.7,1009.1,6.2,180.0,
2017-05-04 16:00:00,92.65780000000001,31.7,16.1,1008.3,6.2,170.0,
2017-05-04 17:00:00,92.81790000000001,30.6,16.7,1007.6,4.6,190.0,
2017-05-04 18:00:00,91.3776,29.4,17.8,1008.2,8.2,230.0,
2017-05-04 19:00:00,89.21719999999999,27.8,16.7,1008.9,9.3,270.0,6.0
2017-05-04 20:00:00,91.13759999999999,25.0,17.8,1008.9,3.6,200.0,
2017-05-04 21:00:00,90.85749999999999,23.9,18.3,1008.7,3.1,200.0,
2017-05-04 22:00:00,89.6973,23.9,18.3,1008.6,3.1,190.0,
2017-05-04 23:00:00,91.4977,23.3,18.9,1008.5,4.1,170.0,
2017-05-05 00:00:00,91.0575,22.8,19.4,1008.5,3.6,190.0,
2017-05-05 01:00:00,90.7375,22.8,20.6,1007.9,3.6,200.0,8.0
2017-05-05 02:00:00,90.69749999999999,22.8,21.1,1007.2,5.1,200.0,
2017-05-05 03:00:00,91.9778,22.8,21.7,,3.6,200.0,
2017-05-05 04:00:00,91.73769999999999,22.2,22.2,1006.1,4.1,190.0,
2017-05-05 05:00:00,90.3375,22.2,22.2,,4.1,220.0,
2017-05-05 06:00:00,86.53659999999999,19.4,19.4,1007.0,4.1,270.0,
2017-05-05 07:00:00,91.8177,19.4,19.4,1007.6,3.1,260.0,8.0
2017-05-05 08:00:00,96.8587,20.0,19.4,1007.8,4.1,240.0,
2017-05-05 09:00:00,88.5371,21.1,16.7,1008.3,7.7,270.0,
2017-05-05 10:00:00,88.297,23.3,16.1,1008.6,7.7,270.0,
2017-05-05 11:00:00,78.4551,21.7,15.6,1008.7,6.2,270.0,
2017-05-05 12:00:00,77.41499999999999,23.3,14.4,1008.3,7.2,250.0,
2017-05-05 13:00:00,76.3748,25.0,13.9,1007.8,8.2,240.0,4.0
2017-05-05 14:00:00,73.2941,25.0,11.7,1007.3,8.8,250.0,4.0
2017-05-05 15:00:00,76.2947,25.6,9.4,1007.2,8.2,270.0,4.0
2017-05-05 16:00:00,73.1741,24.4,8.9,1007.0,8.8,270.0,4.0
2017-05-05 17:00:00,74.7745,23.9,7.8,1007.1,9.3,250.0,2.0
2017-05-05 18:00:00,73.4942,22.2,8.3,1007.4,8.2,260.0,2.0
2017-05-05 19:00:00,74.2144,21.1,8.9,1007.8,5.7,250.0,2.0
2017-05-05 20:00:00,82.4959,20.0,8.9,1008.1,5.1,250.0,2.0
2017-05-05 21:00:00,82.0158,19.4,10.0,1008.7,6.7,240.0,
2017-05-05 22:00:00,83.5761,18.9,12.2,1009.2,5.1,240.0,2.0
2017-05-05 23:00:00,83.37610000000001,17.8,12.2,1009.0,5.1,220.0,2.0
2017-05-06 00:00:00,88.017,18.3,11.7,1009.0,5.7,240.0,
2017-05-06 01:00:00,84.4963,17.2,13.3,1008.9,5.7,260.0,6.0
2017-05-06 02:00:00,89.0971,16.7,11.1,1008.8,9.8,270.0,2.0
2017-05-06 03:00:00,87.2968,15.6,8.9,1009.2,7.7,270.0,2.0
2017-05-06 04:00:00,90.5775,15.0,7.2,1009.8,8.2,280.0,0.0
2017-05-06 05:00:00,82.4559,14.4,6.1,1011.2,8.8,290.0,0.0
2017-05-06 06:00:00,81.4958,13.3,6.1,1012.4,4.6,290.0,0.0
2017-05-06 07:00:00,66.0527,14.4,6.1,1013.0,3.1,,0.0
2017-05-06 08:00:00,82.9359,16.1,7.2,1013.3,5.1,290.0,0.0
2017-05-06 09:00:00,88.8972,18.3,6.7,1013.2,7.7,300.0,0.0
2017-05-06 10:00:00,90.69749999999999,20.0,6.7,1013.1,8.2,320.0,2.0
2017-05-06 11:00:00,68.6932,22.2,7.8,1012.7,7.2,270.0,2.0
2017-05-06 12:00:00,64.5725,23.3,7.8,1012.4,7.2,260.0,2.0
2017-05-06 13:00:00,73.4142,25.6,5.6,1012.0,8.2,300.0,0.0
2017-05-06 14:00:00,71.13380000000001,25.6,6.1,1011.4,6.2,270.0,0.0
2017-05-06 15:00:00,73.93430000000001,25.6,5.0,1011.0,6.7,280.0,0.0
2017-05-06 16:00:00,73.4542,25.6,4.4,1010.8,6.7,260.0,0.0
2017-05-06 17:00:00,73.17410000000001,24.4,5.6,1011.0,6.7,270.0,0.0
2017-05-06 18:00:00,73.5342,23.3,5.0,1011.3,6.7,270.0,0.0
2017-05-06 19:00:00,69.8935,21.1,4.4,1011.8,5.7,270.0,2.0
2017-05-06 20:00:00,79.9755,19.4,6.1,1012.7,5.7,270.0,0.0
2017-05-06 21:00:00,85.7366,18.3,7.8,1013.7,4.6,270.0,0.0
2017-05-06 22:00:00,81.5758,17.2,8.3,1014.3,3.6,260.0,0.0
2017-05-06 23:00:00,84.5363,15.6,8.9,1014.9,2.6,240.0,0.0
2017-05-07 00:00:00,82.5359,15.0,9.4,1014.9,3.1,260.0,0.0
2017-05-07 01:00:00,82.896,14.4,9.4,1014.7,3.1,260.0,0.0
2017-05-07 02:00:00,65.9327,13.3,10.0,1014.7,2.6,250.0,0.0
2017-05-07 03:00:00,62.452,13.3,10.0,1014.6,1.5,270.0,0.0
2017-05-07 04:00:00,65.1325,11.1,10.0,1014.9,0.0,0.0,0.0
2017-05-07 05:00:00,64.0124,10.0,10.0,1015.3,2.1,190.0,0.0
2017-05-07 06:00:00,65.9327,11.7,10.6,1015.9,2.1,220.0,0.0
2017-05-07 07:00:00,67.0929,13.9,12.2,1016.3,2.6,240.0,0.0
2017-05-07 08:00:00,82.2159,17.8,12.2,1016.5,2.6,270.0,0.0
2017-05-07 09:00:00,89.81729999999999,21.7,12.8,1016.8,3.6,310.0,0.0
2017-05-07 10:00:00,76.2547,23.3,11.1,1016.8,4.6,330.0,0.0
2017-05-07 11:00:00,72.7341,25.0,8.9,1016.6,4.6,310.0,0.0
2017-05-07 12:00:00,68.1332,26.1,8.9,1016.1,2.6,,2.0
2017-05-07 13:00:00,75.9747,27.2,8.3,1015.5,3.1,,2.0
2017-05-07 14:00:00,74.5744,27.8,7.8,1014.9,4.6,290.0,2.0
2017-05-07 15:00:00,77.0549,28.3,8.3,1014.2,2.1,,2.0
2017-05-07 16:00:00,72.89410000000001,28.3,8.3,1013.4,3.6,240.0,2.0
2017-05-07 17:00:00,76.3348,28.9,8.3,1013.1,4.1,240.0,2.0
2017-05-07 18:00:00,77.375,27.8,8.9,1012.9,2.1,230.0,2.0
2017-05-07 19:00:00,75.8946,25.6,10.0,1013.1,3.1,160.0,2.0
2017-05-07 20:00:00,77.2149,22.8,11.1,1014.2,3.1,140.0,0.0
2017-05-07 21:00:00,68.6933,21.1,11.1,1015.2,2.1,190.0,0.0
2017-05-07 22:00:00,74.89439999999999,21.7,13.9,1016.2,3.1,280.0,0.0
2017-05-07 23:00:00,80.69550000000001,20.0,13.9,1016.3,2.6,270.0,4.0
2017-05-08 00:00:00,88.8572,19.4,15.0,1016.5,1.5,280.0,4.0
2017-05-08 01:00:00,87.81700000000001,17.2,15.0,1016.3,0.0,0.0,4.0
2017-05-08 02:00:00,89.7773,17.2,16.1,1016.1,1.5,250.0,2.0
2017-05-08 03:00:00,91.05760000000001,16.7,15.6,1016.0,2.1,220.0,4.0
2017-05-08 04:00:00,93.6981,16.1,15.6,1016.3,2.1,250.0,4.0
2017-05-08 05:00:00,93.25789999999999,15.0,15.0,1016.7,1.5,220.0,4.0
2017-05-08 06:00:00,87.3368,15.0,15.0,1017.2,1.5,240.0,4.0
2017-05-08 07:00:00,86.0966,18.0,17.0,1017.7,1.5,280.0,2.0
2017-05-08 08:00:00,78.215,21.1,16.7,1017.7,3.6,310.0,2.0
2017-05-08 09:00:00,67.493,23.3,15.6,1017.8,2.6,360.0,2.0
2017-05-08 10:00:00,78.21509999999999,25.6,12.8,1017.8,2.6,320.0,2.0
2017-05-08 11:00:00,71.7338,27.8,11.1,1017.7,3.6,310.0,2.0
2017-05-08 12:00:00,82.5759,28.3,11.1,1017.0,1.5,,2.0
2017-05-08 13:00:00,81.4157,29.4,10.0,1016.3,3.6,340.0,2.0
2017-05-08 14:00:00,83.6162,30.6,7.8,1015.8,5.1,300.0,2.0
2017-05-08 15:00:00,83.4161,30.0,5.6,1014.9,2.6,350.0,2.0
2017-05-08 16:00:00,82.6959,30.0,9.4,1014.2,1.5,,2.0
2017-05-08 17:00:00,84.8964,30.6,7.8,1013.8,3.6,290.0,2.0
2017-05-08 18:00:00,88.5371,30.0,6.1,1014.2,2.1,,2.0
2017-05-08 19:00:00,80.13550000000001,25.0,15.0,1015.1,5.7,90.0,2.0
2017-05-08 20:00:00,74.9745,23.3,14.4,1015.9,4.6,80.0,0.0
2017-05-08 21:00:00,75.9346,21.7,16.1,1017.2,2.6,40.0,0.0
2017-05-08 22:00:00,73.5341,20.6,16.1,1017.6,1.5,80.0,0.0
2017-05-08 23:00:00,80.2154,20.0,16.7,1017.6,1.5,90.0,0.0
2017-05-09 00:00:00,86.41669999999999,19.4,16.7,1017.2,1.5,70.0,0.0
2017-05-09 01:00:00,87.3368,19.4,16.7,1016.7,2.1,60.0,0.0
2017-05-09 02:00:00,89.2972,18.3,16.7,1016.2,0.0,0.0,0.0
2017-05-09 03:00:00,91.5376,18.3,17.2,1016.4,2.1,70.0,0.0
2017-05-09 04:00:00,93.4981,17.2,16.7,1016.7,0.0,0.0,0.0
2017-05-09 05:00:00,92.89789999999999,17.8,16.7,1017.0,0.0,0.0,0.0
2017-05-09 06:00:00,77.3349,17.8,16.7,1017.5,0.0,0.0,
2017-05-09 07:00:00,73.3742,20.0,16.1,1018.3,2.1,70.0,2.0
2017-05-09 08:00:00,79.8154,23.3,13.3,1018.7,2.6,60.0,0.0
2017-05-09 09:00:00,48.6094,25.0,11.7,1018.9,2.6,100.0,
2017-05-09 10:00:00,74.7344,26.7,6.7,1018.9,2.1,,
2017-05-09 11:00:00,81.6557,27.8,7.8,1018.4,4.1,120.0,
2017-05-09 12:00:00,84.1362,28.9,7.8,1018.1,1.5,,
2017-05-09 13:00:00,82.0558,31.7,7.8,1017.8,4.6,20.0,2.0
2017-05-09 14:00:00,83.21600000000001,32.2,7.8,1017.3,5.1,10.0,
2017-05-09 15:00:00,87.4969,31.7,7.8,1016.7,1.5,,
2017-05-09 16:00:00,82.2558,31.1,8.9,1016.1,1.5,,
2017-05-09 17:00:00,103.4999,31.7,8.9,1015.7,0.0,0.0,
2017-05-09 18:00:00,109.46110000000002,28.3,14.4,1015.8,6.7,120.0,0.0
2017-05-09 19:00:00,107.3007,25.6,13.9,1016.6,5.7,110.0,0.0
2017-05-09 20:00:00,89.65729999999999,23.9,13.3,1017.0,4.6,120.0,0.0
2017-05-09 21:00:00,90.3374,21.7,13.9,1017.5,3.1,130.0,2.0
2017-05-09 22:00:00,92.3377,20.0,15.0,1017.9,2.1,140.0,0.0
2017-05-09 23:00:00,90.5775,19.4,15.6,1018.2,2.1,260.0,2.0
2017-05-10 00:00:00,96.2986,19.4,15.6,1018.5,0.0,0.0,0.0
2017-05-10 01:00:00,87.81700000000001,18.9,16.1,1018.5,0.0,0.0,0.0
2017-05-10 02:00:00,90.5775,18.3,16.1,1018.0,0.0,0.0,0.0
2017-05-10 03:00:00,90.2174,16.1,15.0,1017.5,0.0,0.0,0.0
2017-05-10 04:00:00,90.1374,16.7,15.6,1017.3,0.0,0.0,0.0
2017-05-10 05:00:00,93.338,16.1,15.6,1017.7,0.0,0.0,0.0
2017-05-10 06:00:00,92.4179,16.7,15.6,1018.2,0.0,0.0,2.0
2017-05-10 07:00:00,93.338,20.0,17.2,1018.8,0.0,0.0,2.0
2017-05-10 08:00:00,113.0618,22.8,18.3,1019.1,0.0,0.0,2.0
2017-05-10 09:00:00,116.70249999999999,25.0,18.3,1019.5,2.1,290.0,0.0
2017-05-10 10:00:00,114.062,27.2,17.2,1019.3,2.6,350.0,0.0
2017-05-10 11:00:00,122.90369999999999,28.9,16.7,1019.2,0.0,0.0,0.0
2017-05-10 12:00:00,114.8622,31.7,13.3,1018.4,4.6,10.0,2.0
2017-05-10 13:00:00,108.18090000000001,31.7,12.2,1017.9,2.1,,2.0
2017-05-10 14:00:00,92.6179,32.2,11.7,1017.3,0.0,0.0,2.0
2017-05-10 15:00:00,92.2578,33.9,11.1,1016.5,3.1,290.0,2.0
2017-05-10 16:00:00,92.37780000000001,33.9,11.7,1015.7,1.5,,2.0
2017-05-10 17:00:00,92.7779,33.3,11.1,1015.6,2.1,,4.0
2017-05-10 18:00:00,94.1782,31.1,13.9,1015.8,6.2,120.0,2.0
2017-05-10 19:00:00,91.0976,28.9,13.9,1016.2,4.1,110.0,4.0
2017-05-10 20:00:00,88.8172,26.7,13.9,1016.7,3.6,120.0,4.0
2017-05-10 21:00:00,87.937,24.4,15.6,1017.3,2.6,130.0,4.0
2017-05-10 22:00:00,90.1774,24.4,14.4,1018.3,2.1,200.0,4.0
2017-05-10 23:00:00,88.81710000000001,22.8,14.4,1018.1,1.5,180.0,4.0
2017-05-11 00:00:00,75.4546,23.3,13.9,1018.0,2.1,230.0,
2017-05-11 01:00:00,79.2953,22.2,13.9,1017.6,0.0,0.0,4.0
2017-05-11 02:00:00,80.9356,22.2,13.9,1017.1,1.5,320.0,4.0
2017-05-11 03:00:00,87.3369,21.7,14.4,1016.6,0.0,0.0,
2017-05-11 04:00:00,90.7375,19.4,13.9,1016.4,0.0,0.0,4.0
2017-05-11 05:00:00,91.33760000000001,20.0,13.9,1016.6,2.1,300.0,
2017-05-11 06:00:00,89.8973,18.9,15.0,1016.9,2.1,250.0,
2017-05-11 07:00:00,87.4169,20.6,16.7,1017.3,1.5,300.0,4.0
2017-05-11 08:00:00,72.1739,24.4,15.0,1017.3,3.1,310.0,
2017-05-11 09:00:00,62.692099999999996,26.7,13.3,1017.3,4.1,340.0,4.0
2017-05-11 10:00:00,69.45339999999999,28.9,12.8,1016.9,3.6,350.0,4.0
2017-05-11 11:00:00,83.8562,30.6,12.8,1016.7,3.1,,4.0
2017-05-11 12:00:00,91.2976,31.7,10.6,1016.5,5.7,290.0,4.0
2017-05-11 13:00:00,91.5777,32.2,11.1,1015.9,4.6,310.0,6.0
2017-05-11 14:00:00,91.4576,32.8,12.2,1015.1,2.1,,
2017-05-11 15:00:00,91.8177,33.9,12.8,1014.4,4.6,280.0,
2017-05-11 16:00:00,93.0179,33.3,12.8,1013.8,3.1,,
2017-05-11 17:00:00,92.5779,33.3,12.8,1013.3,3.6,310.0,
2017-05-11 18:00:00,92.7779,32.8,12.8,1013.2,2.6,340.0,
2017-05-11 19:00:00,90.5375,30.0,13.9,1013.8,7.7,310.0,6.0
2017-05-11 20:00:00,89.3372,28.3,15.0,1014.3,6.7,300.0,
2017-05-11 21:00:00,99.0591,26.7,14.4,1015.2,4.1,300.0,
2017-05-11 22:00:00,108.901,25.0,14.4,1015.2,2.6,270.0,
2017-05-11 23:00:00,113.3019,23.9,14.4,1014.9,2.1,270.0,
2017-05-12 00:00:00,116.1824,23.3,15.0,1014.2,2.6,270.0,
2017-05-12 01:00:00,109.7012,22.2,16.1,1013.4,2.1,240.0,8.0
2017-05-12 02:00:00,110.7414,21.7,16.7,1012.7,2.1,280.0,
2017-05-12 03:00:00,113.5819,21.1,17.8,1012.6,1.5,270.0,
2017-05-12 04:00:00,110.78139999999999,20.0,18.3,1013.0,2.1,260.0,2.0
2017-05-12 05:00:00,109.74119999999999,20.0,19.4,1013.4,1.5,270.0,4.0
2017-05-12 06:00:00,99.2991,19.4,19.4,1014.3,0.0,0.0,4.0
2017-05-12 07:00:00,101.8197,21.1,20.0,1014.7,0.0,0.0,4.0
2017-05-12 08:00:00,115.98240000000001,22.2,19.4,1014.8,4.1,320.0,
2017-05-12 09:00:00,113.2218,24.4,18.9,1014.7,2.6,310.0,
2017-05-12 10:00:00,113.90199999999999,27.2,17.8,1014.2,4.1,280.0,
2017-05-12 11:00:00,109.8212,27.8,16.7,1013.7,3.6,260.0,
2017-05-12 12:00:00,111.94160000000001,29.4,13.9,1013.1,5.7,260.0,
2017-05-12 13:00:00,111.58160000000001,31.7,13.3,1012.3,7.2,230.0,6.0
2017-05-12 14:00:00,94.8583,32.2,14.4,1011.9,4.6,240.0,
2017-05-12 15:00:00,91.73769999999999,33.3,13.3,1011.0,6.7,250.0,
2017-05-12 16:00:00,89.7773,32.8,12.2,1010.5,5.7,220.0,
2017-05-12 17:00:00,90.5775,32.2,12.8,1010.4,5.7,230.0,
2017-05-12 18:00:00,91.3776,30.6,14.4,1010.6,4.1,240.0,
2017-05-12 19:00:00,91.6177,28.3,16.1,1011.1,5.7,240.0,6.0
2017-05-12 20:00:00,87.937,26.7,15.0,1011.8,3.6,250.0,
2017-05-12 21:00:00,91.7777,25.6,15.6,1012.0,5.1,240.0,
2017-05-12 22:00:00,87.6969,23.9,16.7,1012.1,3.1,230.0,
2017-05-12 23:00:00,89.3372,22.8,17.8,1012.4,2.6,220.0,
2017-05-13 00:00:00,90.1374,22.2,18.9,1012.2,3.1,240.0,
2017-05-13 01:00:00,91.2576,21.7,18.9,1011.6,3.1,250.0,8.0
2017-05-13 02:00:00,89.7774,20.6,19.4,1011.0,2.6,240.0,
2017-05-13 03:00:00,91.1377,20.0,19.4,1010.6,2.1,260.0,
2017-05-13 04:00:00,90.0975,18.3,18.3,1010.8,2.6,200.0,
2017-05-13 05:00:00,91.4576,18.3,18.3,1011.0,2.1,200.0,
2017-05-13 06:00:00,91.0976,20.0,20.0,1011.1,2.1,190.0,
2017-05-13 07:00:00,88.4171,21.1,21.1,1011.4,3.1,180.0,8.0
2017-05-13 08:00:00,89.4973,22.8,22.2,1011.6,3.6,200.0,
2017-05-13 09:00:00,90.45750000000001,23.9,21.1,1011.5,6.2,190.0,
2017-05-13 10:00:00,94.2582,25.0,20.6,1011.7,5.1,200.0,
2017-05-13 11:00:00,100.05930000000001,27.2,20.0,1011.0,4.6,180.0,
2017-05-13 12:00:00,99.7793,28.3,18.9,1010.4,5.7,220.0,
2017-05-13 13:00:00,112.0616,27.8,18.3,1009.6,3.6,220.0,8.0
2017-05-13 14:00:00,104.1,22.8,20.0,1009.2,11.3,320.0,
2017-05-13 15:00:00,89.6173,20.0,20.0,1009.7,5.1,300.0,
2017-05-13 16:00:00,86.17660000000001,20.6,20.0,1009.4,4.6,320.0,
2017-05-13 17:00:00,89.5773,20.6,20.0,1009.2,4.1,310.0,
2017-05-13 18:00:00,89.1772,21.7,20.6,1009.1,4.6,250.0,
2017-05-13 19:00:00,89.4573,21.1,20.6,1008.6,3.1,220.0,4.0
2017-05-13 20:00:00,91.21770000000001,20.6,20.6,1008.8,3.1,190.0,2.0
2017-05-13 21:00:00,92.1377,20.0,20.0,1009.1,1.5,230.0,0.0
2017-05-13 22:00:00,92.2978,19.4,19.4,1009.3,0.0,0.0,0.0
2017-05-13 23:00:00,95.8985,18.9,18.9,1009.4,2.1,170.0,2.0
2017-05-14 00:00:00,81.97579999999999,19.4,19.4,1009.6,1.5,250.0,2.0
2017-05-14 01:00:00,88.297,19.4,19.4,1009.3,1.5,260.0,2.0
2017-05-14 02:00:00,89.3372,18.9,18.9,1009.5,2.1,220.0,2.0
2017-05-14 03:00:00,80.6155,17.8,17.8,1009.5,1.5,220.0,2.0
2017-05-14 04:00:00,92.6979,18.3,18.3,1009.3,2.1,290.0,2.0
2017-05-14 05:00:00,92.978,16.7,16.7,1009.8,0.0,0.0,2.0
2017-05-14 06:00:00,95.33840000000001,16.7,16.7,1010.6,0.0,0.0,2.0
2017-05-14 07:00:00,90.1774,19.4,19.4,1010.9,1.5,270.0,2.0
2017-05-14 08:00:00,87.5769,22.2,20.6,1011.7,3.6,280.0,2.0
2017-05-14 09:00:00,89.0172,27.0,17.0,,6.2,300.0,2.0
2017-05-14 10:00:00,86.5768,28.0,17.0,,3.1,280.0,4.0
2017-05-14 11:00:00,95.4585,28.0,18.0,,3.1,300.0,4.0
2017-05-14 12:00:00,89.6973,29.0,16.0,,3.6,340.0,
2017-05-14 13:00:00,87.2969,28.3,17.2,1011.6,4.6,330.0,6.0
2017-05-14 14:00:00,88.417,30.0,17.8,1011.2,5.1,350.0,
2017-05-14 15:00:00,87.5368,30.6,15.0,1010.7,3.6,300.0,
2017-05-14 16:00:00,87.4568,29.4,18.3,1010.7,8.2,40.0,
2017-05-14 17:00:00,88.37710000000001,28.9,18.9,1010.8,7.2,40.0,2.0
2017-05-14 18:00:00,87.6969,27.2,18.3,1011.1,6.2,50.0,2.0
2017-05-14 19:00:00,88.297,25.6,18.3,1011.8,4.6,50.0,2.0
2017-05-14 20:00:00,90.3375,23.9,19.4,1012.3,6.7,40.0,2.0
2017-05-14 21:00:00,91.8177,22.8,19.4,1012.7,5.1,20.0,0.0
2017-05-14 22:00:00,91.3377,22.2,20.0,1013.5,2.6,30.0,0.0
2017-05-14 23:00:00,90.89760000000001,21.7,20.0,1013.8,1.5,20.0,0.0
2017-05-15 00:00:00,91.4576,20.6,20.0,1013.8,2.6,360.0,0.0
2017-05-15 01:00:00,91.4576,20.0,20.0,1013.3,3.1,10.0,2.0
2017-05-15 02:00:00,95.8185,20.0,20.0,1013.2,2.1,360.0,2.0
2017-05-15 03:00:00,92.9379,19.4,19.4,,0.0,0.0,2.0
2017-05-15 04:00:00,90.9375,19.4,19.4,1013.1,0.0,0.0,
2017-05-15 05:00:00,88.3371,18.9,18.9,1013.1,1.5,350.0,2.0
2017-05-15 06:00:00,93.178,20.0,20.0,1014.0,1.5,40.0,4.0
2017-05-15 07:00:00,86.4567,22.2,21.7,1014.3,2.6,10.0,2.0
2017-05-15 08:00:00,87.2569,23.3,21.1,1014.9,2.6,80.0,2.0
2017-05-15 09:00:00,90.2174,25.6,20.0,1015.2,2.1,80.0,4.0
2017-05-15 10:00:00,90.6175,26.7,18.9,1015.2,3.1,10.0,4.0
2017-05-15 11:00:00,90.9375,28.9,18.3,1015.1,2.6,10.0,4.0
2017-05-15 12:00:00,90.6975,29.4,17.8,1014.6,3.1,,4.0
2017-05-15 13:00:00,91.2576,29.4,17.8,1014.1,4.1,50.0,6.0
2017-05-15 14:00:00,92.7379,31.7,16.1,1013.4,3.6,40.0,
2017-05-15 15:00:00,93.578,31.1,16.1,1012.7,5.1,60.0,4.0
2017-05-15 16:00:00,93.8181,30.6,17.2,1012.4,5.7,70.0,4.0
2017-05-15 17:00:00,93.0579,29.4,18.9,1012.6,7.2,50.0,2.0
2017-05-15 18:00:00,92.4179,27.8,20.0,1013.1,6.7,70.0,2.0
2017-05-15 19:00:00,89.8173,25.6,20.0,1013.9,5.7,70.0,2.0
2017-05-15 20:00:00,90.5775,24.4,20.6,1014.9,4.6,80.0,2.0
2017-05-15 21:00:00,91.13759999999999,22.8,20.6,1015.5,3.6,80.0,2.0
2017-05-15 22:00:00,91.6576,22.2,20.6,1016.1,3.1,80.0,0.0
2017-05-15 23:00:00,89.9774,21.1,20.6,1016.4,2.1,90.0,0.0
2017-05-16 00:00:00,93.7381,21.1,20.6,1016.2,2.1,70.0,2.0
2017-05-16 01:00:00,93.5781,20.6,20.6,1015.8,2.6,60.0,2.0
2017-05-16 02:00:00,96.7387,20.6,20.6,1015.5,1.5,70.0,2.0
2017-05-16 03:00:00,91.6577,19.4,19.4,1015.4,0.0,0.0,2.0
2017-05-16 04:00:00,88.37700000000001,20.6,20.6,1015.2,0.0,0.0,0.0
2017-05-16 05:00:00,91.9778,20.0,20.0,1015.6,0.0,0.0,0.0
2017-05-16 06:00:00,87.737,20.0,20.0,1016.1,1.5,40.0,0.0
2017-05-16 07:00:00,86.4967,22.2,21.7,1016.7,2.6,60.0,0.0
2017-05-16 08:00:00,91.6577,24.4,21.7,1017.4,4.6,80.0,2.0
2017-05-16 09:00:00,93.4581,26.7,21.1,1017.7,4.1,90.0,4.0
2017-05-16 10:00:00,91.6577,27.8,20.0,1017.4,3.6,120.0,4.0
2017-05-16 11:00:00,91.6977,29.4,18.3,1017.5,3.6,80.0,4.0
2017-05-16 12:00:00,92.7379,31.1,17.8,1017.2,5.7,100.0,0.0
2017-05-16 13:00:00,92.17779999999999,32.2,17.8,1016.8,6.2,110.0,4.0
2017-05-16 14:00:00,104.1001,32.2,17.2,1016.5,6.7,100.0,4.0
2017-05-16 15:00:00,94.2581,31.7,18.3,1015.9,7.2,100.0,4.0
2017-05-16 16:00:00,91.77770000000001,31.1,19.4,1015.8,6.7,110.0,4.0
2017-05-16 17:00:00,93.378,29.4,19.4,1015.9,7.7,110.0,2.0
2017-05-16 18:00:00,92.2178,27.8,20.0,1016.5,7.7,100.0,4.0
2017-05-16 19:00:00,89.37729999999999,26.1,20.6,1017.0,6.2,110.0,2.0
2017-05-16 20:00:00,88.577,24.4,21.1,1017.7,5.7,100.0,2.0
2017-05-16 21:00:00,73.77420000000001,23.9,21.7,1018.4,3.6,110.0,2.0
2017-05-16 22:00:00,84.0562,23.3,21.7,1018.8,2.6,90.0,2.0
2017-05-16 23:00:00,92.21780000000001,22.2,21.1,1018.8,3.1,70.0,4.0
2017-05-17 00:00:00,94.2182,21.7,21.1,1018.3,2.6,80.0,2.0
2017-05-17 01:00:00,93.05789999999999,21.1,21.1,1017.8,2.1,80.0,0.0
2017-05-17 02:00:00,91.33770000000001,20.6,20.6,1017.2,2.1,90.0,2.0
2017-05-17 03:00:00,88.3771,21.1,21.1,1016.7,3.1,100.0,0.0
2017-05-17 04:00:00,87.5769,20.6,20.6,1017.0,2.6,70.0,0.0
2017-05-17 05:00:00,91.8577,20.6,20.6,1017.3,2.6,80.0,2.0
2017-05-17 06:00:00,86.9768,20.6,20.6,1017.7,3.1,80.0,2.0
2017-05-17 07:00:00,91.7777,22.8,22.2,1018.2,3.6,90.0,2.0
2017-05-17 08:00:00,92.0978,25.0,21.7,1018.5,4.6,100.0,2.0
2017-05-17 09:00:00,90.29740000000001,27.2,21.7,1018.9,5.7,110.0,4.0
2017-05-17 10:00:00,91.8978,28.9,19.4,1018.9,6.7,90.0,4.0
2017-05-17 11:00:00,92.4979,30.6,20.6,1018.7,6.2,100.0,4.0
2017-05-17 12:00:00,92.9379,30.6,20.6,1018.4,6.2,110.0,
2017-05-17 13:00:00,92.3378,31.7,20.6,1018.0,7.2,90.0,6.0
2017-05-17 14:00:00,93.2179,31.7,20.6,1017.7,8.8,110.0,
2017-05-17 15:00:00,95.0183,30.0,20.6,1017.3,8.2,120.0,
2017-05-17 16:00:00,93.69800000000001,28.9,21.1,1017.0,7.7,100.0,
2017-05-17 17:00:00,91.8977,28.3,21.1,1017.1,8.2,110.0,
2017-05-17 18:00:00,91.9377,27.2,21.1,1017.6,8.8,100.0,
2017-05-17 19:00:00,90.3375,26.1,21.7,1018.0,6.7,100.0,6.0
2017-05-17 20:00:00,90.4174,25.0,21.7,1018.1,7.7,110.0,2.0
2017-05-17 21:00:00,91.0976,24.4,21.1,1018.5,5.1,110.0,0.0
2017-05-17 22:00:00,91.61760000000001,23.3,21.1,1019.0,4.1,100.0,0.0
2017-05-17 23:00:00,91.61760000000001,22.8,20.6,1019.1,2.1,80.0,4.0
2017-05-18 00:00:00,92.65780000000001,22.8,20.6,1018.8,3.1,90.0,2.0
2017-05-18 01:00:00,85.2965,22.2,20.6,1018.3,4.1,100.0,0.0
2017-05-18 02:00:00,81.53569999999999,21.7,20.6,1018.0,3.6,90.0,0.0
2017-05-18 03:00:00,85.8566,21.7,20.6,1017.7,3.6,110.0,0.0
2017-05-18 04:00:00,81.5758,22.2,20.6,1017.8,4.6,100.0,0.0
2017-05-18 05:00:00,83.6962,21.7,20.6,1017.9,4.6,110.0,2.0
2017-05-18 06:00:00,86.33670000000001,21.1,20.6,1018.4,3.6,100.0,0.0
2017-05-18 07:00:00,89.5772,22.8,20.6,1018.8,4.1,100.0,0.0
2017-05-18 08:00:00,89.65729999999999,24.4,20.0,1018.9,5.7,110.0,2.0
2017-05-18 09:00:00,98.539,26.7,20.0,1019.0,6.7,90.0,2.0
2017-05-18 10:00:00,92.17779999999999,27.8,20.0,1018.8,5.1,110.0,2.0
2017-05-18 11:00:00,99.01910000000001,28.9,19.4,1018.6,6.2,110.0,4.0
2017-05-18 12:00:00,99.17920000000001,30.6,19.4,1018.3,7.2,110.0,4.0
2017-05-18 13:00:00,91.7777,31.1,18.9,1017.7,7.2,120.0,6.0
2017-05-18 14:00:00,90.29740000000001,31.1,18.9,1017.5,6.2,100.0,
2017-05-18 15:00:00,90.73750000000001,31.1,18.9,1016.9,7.2,90.0,
2017-05-18 16:00:00,93.298,30.6,18.9,1016.8,7.2,100.0,
2017-05-18 17:00:00,92.61789999999999,29.4,18.9,1016.7,7.2,100.0,
2017-05-18 18:00:00,89.4172,26.7,20.6,1017.1,7.2,80.0,
2017-05-18 19:00:00,88.4171,25.6,20.6,1017.2,6.2,90.0,4.0
2017-05-18 20:00:00,89.0572,24.4,21.1,1017.8,6.7,80.0,4.0
2017-05-18 21:00:00,92.0177,23.9,21.7,1018.2,4.6,90.0,4.0
2017-05-18 22:00:00,90.3774,23.3,21.7,1018.7,4.1,70.0,2.0
2017-05-18 23:00:00,91.0575,22.8,21.7,1018.9,3.6,50.0,2.0
2017-05-19 00:00:00,92.2978,22.8,21.7,1018.3,4.6,50.0,
2017-05-19 01:00:00,93.458,22.8,22.2,1017.4,4.1,60.0,6.0
2017-05-19 02:00:00,91.73769999999999,22.2,22.2,1016.8,3.6,90.0,4.0
2017-05-19 03:00:00,92.1378,22.2,22.2,1016.3,3.1,90.0,2.0
2017-05-19 04:00:00,92.8579,22.2,22.2,1016.0,2.6,90.0,0.0
2017-05-19 05:00:00,92.49780000000001,22.2,22.2,1016.7,4.1,100.0,4.0
2017-05-19 06:00:00,89.57730000000001,22.2,22.2,1017.3,3.1,70.0,4.0
2017-05-19 07:00:00,90.6574,23.3,23.3,1017.8,3.1,80.0,4.0
2017-05-19 08:00:00,93.498,25.6,23.3,1018.2,4.6,120.0,
2017-05-19 09:00:00,92.89789999999999,26.1,22.8,1018.3,5.7,120.0,
2017-05-19 10:00:00,93.458,26.1,23.9,1018.3,3.6,120.0,
2017-05-19 11:00:00,93.69800000000001,28.9,22.2,1018.0,5.7,110.0,
2017-05-19 12:00:00,93.8181,31.1,22.2,1017.3,6.2,110.0,
2017-05-19 13:00:00,95.4984,31.1,21.7,1016.5,7.2,110.0,6.0
2017-05-19 14:00:00,95.5385,30.6,21.7,1016.0,6.7,100.0,
2017-05-19 15:00:00,94.3382,30.0,21.1,1015.5,8.2,110.0,
2017-05-19 16:00:00,94.6583,30.6,21.7,1015.0,9.3,110.0,
2017-05-19 17:00:00,97.4188,27.8,21.7,1015.9,6.7,110.0,
2017-05-19 18:00:00,113.982,26.7,22.2,1015.8,6.2,110.0,
2017-05-19 19:00:00,113.3819,26.1,22.8,1016.4,6.7,90.0,6.0
2017-05-19 20:00:00,111.3415,25.0,22.8,1017.0,6.7,110.0,
2017-05-19 21:00:00,112.30170000000001,25.0,23.3,1017.4,5.7,90.0,
2017-05-19 22:00:00,113.2618,24.4,23.3,1018.1,3.6,120.0,
2017-05-19 23:00:00,111.9816,24.4,23.3,1017.6,5.1,110.0,
2017-05-20 00:00:00,114.262,23.9,23.9,1017.9,3.1,140.0,
2017-05-20 01:00:00,114.142,23.9,23.9,1017.6,3.1,110.0,8.0
2017-05-20 02:00:00,114.3821,23.3,23.3,1017.5,0.0,0.0,
2017-05-20 03:00:00,113.78200000000001,23.3,23.3,1017.0,3.1,130.0,
2017-05-20 04:00:00,113.6619,22.8,22.8,1017.4,2.1,110.0,
2017-05-20 05:00:00,114.1821,22.2,22.2,1016.9,2.6,130.0,
2017-05-20 06:00:00,113.58189999999999,21.7,21.7,1017.6,1.5,140.0,4.0
2017-05-20 07:00:00,113.94200000000001,23.3,23.3,1018.5,2.1,140.0,4.0
2017-05-20 08:00:00,117.9427,25.6,22.8,1019.0,4.6,140.0,4.0
2017-05-20 09:00:00,116.0224,27.2,21.1,1019.1,4.6,140.0,4.0
2017-05-20 10:00:00,123.9439,28.3,20.6,1019.1,3.1,150.0,4.0
2017-05-20 11:00:00,98.619,30.0,20.0,1019.1,5.1,100.0,4.0
2017-05-20 12:00:00,90.6975,30.6,18.9,1018.8,4.1,90.0,4.0
2017-05-20 13:00:00,92.37790000000001,32.8,18.9,1018.1,4.6,110.0,4.0
2017-05-20 14:00:00,91.2176,33.3,20.6,1017.5,6.7,100.0,
2017-05-20 15:00:00,90.97749999999999,32.8,20.0,1017.0,5.7,100.0,4.0
2017-05-20 16:00:00,90.8975,32.2,19.4,1016.6,6.7,90.0,4.0
2017-05-20 17:00:00,90.41739999999999,31.1,18.9,1016.9,7.7,110.0,4.0
2017-05-20 18:00:00,90.4974,29.4,20.0,1017.2,7.7,120.0,2.0
2017-05-20 19:00:00,89.6973,26.7,21.1,1017.9,6.7,110.0,2.0
2017-05-20 20:00:00,90.6175,25.6,21.7,1018.3,4.6,120.0,2.0
2017-05-20 21:00:00,90.2574,24.4,21.7,1018.6,5.1,120.0,2.0
2017-05-20 22:00:00,92.6179,23.3,21.7,1019.1,3.6,120.0,4.0
2017-05-20 23:00:00,91.4177,23.3,22.2,1019.7,3.1,140.0,
2017-05-21 00:00:00,92.33779999999999,22.8,22.2,1019.8,1.5,140.0,
2017-05-21 01:00:00,92.8179,22.2,22.2,1019.2,1.5,130.0,4.0
2017-05-21 02:00:00,92.1777,21.7,21.7,1018.9,0.0,0.0,2.0
2017-05-21 03:00:00,92.65780000000001,20.6,20.6,1019.3,1.5,190.0,2.0
2017-05-21 04:00:00,91.8977,22.2,22.2,1019.8,0.0,0.0,
2017-05-21 05:00:00,91.01759999999999,21.7,21.7,1019.2,3.1,90.0,4.0
2017-05-21 06:00:00,91.17750000000001,21.1,21.1,1019.7,0.0,0.0,4.0
2017-05-21 07:00:00,90.01740000000001,22.8,22.8,1020.4,1.5,120.0,4.0
2017-05-21 08:00:00,99.1791,25.0,22.8,1020.4,2.1,100.0,
2017-05-21 09:00:00,92.9379,26.7,21.7,1020.4,2.6,110.0,
2017-05-21 10:00:00,94.53819999999999,27.8,20.0,1020.5,2.6,,
2017-05-21 11:00:00,93.2579,29.4,18.9,1020.6,2.1,290.0,
2017-05-21 12:00:00,88.4571,31.7,18.3,1019.5,3.1,,
2017-05-21 13:00:00,88.9772,30.6,17.8,1018.7,0.0,0.0,8.0
2017-05-21 14:00:00,91.0575,30.6,20.0,1018.2,5.7,70.0,
2017-05-21 15:00:00,89.8973,31.1,19.4,1017.5,5.1,80.0,
2017-05-21 16:00:00,90.57749999999999,30.0,20.6,1017.4,6.7,110.0,
2017-05-21 17:00:00,90.2974,28.9,20.6,1017.1,6.2,110.0,
2017-05-21 18:00:00,91.0575,27.8,20.6,1017.3,6.7,100.0,
2017-05-21 19:00:00,89.81729999999999,26.1,21.1,1017.6,6.2,120.0,6.0
2017-05-21 20:00:00,90.8975,25.6,20.6,1018.2,5.1,120.0,
2017-05-21 21:00:00,91.29759999999999,24.4,21.1,1018.2,4.1,130.0,
2017-05-21 22:00:00,92.21780000000001,23.3,21.7,1019.6,3.6,150.0,
2017-05-21 23:00:00,91.1776,23.3,21.7,1019.7,2.6,150.0,
2017-05-22 00:00:00,92.4178,22.8,21.1,1019.5,2.1,160.0,
2017-05-22 01:00:00,92.7779,22.2,21.1,1019.1,2.1,170.0,6.0
2017-05-22 02:00:00,92.938,21.7,21.1,1018.3,2.6,190.0,
2017-05-22 03:00:00,92.938,22.2,21.1,1017.9,2.1,180.0,
2017-05-22 04:00:00,92.0177,21.7,21.1,1018.4,2.1,200.0,
2017-05-22 05:00:00,91.9777,21.7,21.7,1018.3,1.5,170.0,
2017-05-22 06:00:00,91.01750000000001,21.1,21.1,1018.8,1.5,170.0,
2017-05-22 07:00:00,89.9773,22.2,21.7,1018.8,1.5,170.0,6.0
2017-05-22 08:00:00,91.8977,24.4,20.0,1018.9,2.6,200.0,4.0
2017-05-22 09:00:00,91.2176,26.7,18.9,1018.6,3.6,180.0,4.0
2017-05-22 10:00:00,91.2576,27.2,19.4,1018.2,3.6,210.0,4.0
2017-05-22 11:00:00,92.7378,30.0,19.4,1017.7,3.6,210.0,4.0
2017-05-22 12:00:00,92.938,30.6,19.4,1016.9,3.6,230.0,4.0
2017-05-22 13:00:00,95.21830000000001,32.2,18.3,1016.1,3.1,190.0,6.0
2017-05-22 14:00:00,99.6593,32.2,17.2,1015.1,4.6,190.0,
2017-05-22 15:00:00,95.61850000000001,32.2,17.2,1014.3,4.1,250.0,
2017-05-22 16:00:00,93.7781,32.2,17.8,1013.5,3.1,170.0,
2017-05-22 17:00:00,92.0178,32.2,16.7,1013.1,3.6,180.0,
2017-05-22 18:00:00,93.1379,29.4,18.9,1013.6,5.7,110.0,
2017-05-22 19:00:00,90.69749999999999,26.1,20.6,1014.7,3.1,140.0,8.0
2017-05-22 20:00:00,89.3372,21.1,21.1,1016.6,3.6,30.0,
2017-05-22 21:00:00,88.577,21.7,21.7,1016.7,2.6,110.0,
2017-05-22 22:00:00,90.13730000000001,22.2,22.2,1016.3,2.1,80.0,
2017-05-22 23:00:00,90.3774,22.8,22.8,1015.9,1.5,80.0,
2017-05-23 00:00:00,86.4567,22.2,22.2,1015.6,0.0,0.0,
2017-05-23 01:00:00,83.4161,21.7,21.7,1014.9,3.1,200.0,8.0
2017-05-23 02:00:00,81.7758,21.7,21.7,1014.1,1.5,190.0,
2017-05-23 03:00:00,84.8163,21.7,21.7,1013.8,2.1,190.0,
2017-05-23 04:00:00,82.7359,22.2,22.2,1013.4,2.6,210.0,
2017-05-23 05:00:00,87.01679999999999,21.7,21.7,1013.4,2.6,180.0,
2017-05-23 06:00:00,87.5769,22.2,22.2,1013.8,3.1,200.0,
2017-05-23 07:00:00,87.45679999999999,23.3,23.3,1014.0,4.1,190.0,6.0
2017-05-23 08:00:00,91.8578,24.4,23.3,1014.1,6.2,180.0,
2017-05-23 09:00:00,66.4129,25.6,22.8,1014.0,5.7,190.0,
2017-05-23 10:00:00,91.6977,27.2,22.8,1013.8,5.7,180.0,
2017-05-23 11:00:00,93.298,28.9,21.1,1013.1,7.2,180.0,
2017-05-23 12:00:00,93.7781,29.4,20.6,1012.5,7.7,190.0,
2017-05-23 13:00:00,93.178,30.0,20.6,1011.6,6.7,210.0,6.0
2017-05-23 14:00:00,94.0581,30.6,20.0,1011.0,7.2,220.0,
2017-05-23 15:00:00,95.2184,32.2,19.4,1010.1,7.2,240.0,
2017-05-23 16:00:00,94.6182,31.7,19.4,1009.5,8.8,240.0,
2017-05-23 17:00:00,93.1379,24.0,22.0,1010.3,7.2,260.0,
2017-05-23 18:00:00,93.138,26.1,22.2,1010.1,4.1,250.0,
2017-05-23 19:00:00,91.49770000000001,26.1,20.6,1010.4,3.6,240.0,8.0
2017-05-23 20:00:00,91.9778,25.6,21.1,1010.8,3.1,240.0,
2017-05-23 21:00:00,93.5381,25.0,21.1,1010.5,4.6,220.0,
2017-05-23 22:00:00,92.53790000000001,25.0,21.1,1011.3,4.1,210.0,
2017-05-23 23:00:00,93.338,23.9,21.7,1011.1,4.6,200.0,
2017-05-24 00:00:00,93.8981,23.9,22.8,1010.6,4.6,210.0,
2017-05-24 01:00:00,93.618,23.3,22.8,1010.2,4.1,200.0,8.0
2017-05-24 02:00:00,93.2979,23.3,23.3,1009.7,6.2,210.0,
2017-05-24 03:00:00,93.6181,23.3,23.3,,5.7,200.0,
2017-05-24 04:00:00,93.7381,23.3,23.3,1008.5,6.7,180.0,
2017-05-24 05:00:00,93.258,22.8,22.8,1008.8,4.1,190.0,
2017-05-24 06:00:00,91.4977,22.8,22.8,1008.7,3.6,180.0,
2017-05-24 07:00:00,92.2578,23.9,23.3,1008.5,4.6,190.0,6.0
2017-05-24 08:00:00,92.5779,25.0,23.3,1007.8,5.1,190.0,
2017-05-24 09:00:00,92.37780000000001,26.7,23.9,1007.2,8.8,180.0,
2017-05-24 10:00:00,105.9404,28.9,22.2,1007.4,8.2,200.0,
2017-05-24 11:00:00,94.4182,30.0,20.6,1007.3,10.8,190.0,
2017-05-24 12:00:00,94.37819999999999,25.6,23.9,1006.6,6.7,210.0,
2017-05-24 13:00:00,94.0181,30.6,21.1,1005.6,8.8,210.0,8.0
2017-05-24 14:00:00,93.258,30.6,20.0,1005.7,12.9,220.0,
2017-05-24 15:00:00,93.93809999999999,23.3,21.1,,12.4,230.0,
2017-05-24 16:00:00,91.2176,21.0,21.0,1006.6,6.2,250.0,
2017-05-24 17:00:00,84.1363,20.6,20.6,1006.4,4.1,180.0,
2017-05-24 18:00:00,81.1757,21.1,21.1,1005.4,4.1,220.0,
2017-05-24 19:00:00,86.5767,21.1,21.1,1005.7,6.2,200.0,6.0
2017-05-24 20:00:00,92.17779999999999,21.1,21.1,1006.4,5.7,200.0,
2017-05-24 21:00:00,91.6576,21.1,21.1,1006.6,5.7,210.0,
2017-05-24 22:00:00,90.7775,21.1,21.1,1007.1,4.6,190.0,
2017-05-24 23:00:00,92.17779999999999,21.7,21.7,1008.2,5.1,190.0,
2017-05-25 00:00:00,92.81790000000001,21.7,21.7,1007.8,5.1,190.0,
2017-05-25 01:00:00,92.2977,21.1,21.1,1007.5,5.1,190.0,6.0
2017-05-25 02:00:00,92.49780000000001,21.7,21.7,1007.4,4.6,200.0,
2017-05-25 03:00:00,93.2579,21.7,21.7,1007.3,4.6,210.0,
2017-05-25 04:00:00,92.6178,21.1,21.1,1007.7,3.6,190.0,4.0
2017-05-25 05:00:00,92.8579,21.7,21.7,1007.8,2.6,220.0,
2017-05-25 06:00:00,90.4974,21.1,20.6,1008.9,3.6,260.0,
2017-05-25 07:00:00,91.5377,21.7,20.6,1009.3,3.6,280.0,6.0
2017-05-25 08:00:00,91.5777,22.2,18.3,1009.7,4.6,280.0,
2017-05-25 09:00:00,90.6175,22.2,17.2,1010.4,6.2,280.0,
2017-05-25 10:00:00,90.25739999999999,23.9,15.6,1011.3,7.7,260.0,
2017-05-25 11:00:00,88.9371,26.1,14.4,1011.2,7.7,260.0,2.0
2017-05-25 12:00:00,89.73740000000001,27.2,12.8,1010.9,7.2,280.0,4.0
2017-05-25 13:00:00,90.1774,27.2,14.4,1010.6,5.7,270.0,4.0
2017-05-25 14:00:00,90.45750000000001,27.8,15.6,1010.7,2.1,310.0,4.0
2017-05-25 15:00:00,91.0575,28.9,15.6,1010.1,8.2,240.0,4.0
2017-05-25 16:00:00,90.89750000000001,29.4,10.0,1010.5,7.2,250.0,2.0
2017-05-25 17:00:00,90.8175,28.9,12.8,1010.7,5.1,280.0,2.0
2017-05-25 18:00:00,86.2966,27.2,12.2,1011.1,5.1,290.0,2.0
2017-05-25 19:00:00,80.1755,25.0,12.2,1011.6,5.1,290.0,2.0
2017-05-25 20:00:00,78.65520000000001,23.3,11.7,1012.7,4.1,290.0,2.0
2017-05-25 21:00:00,79.97540000000001,22.2,12.2,1013.5,4.6,280.0,0.0
2017-05-25 22:00:00,79.5353,21.1,13.3,1014.5,4.6,280.0,0.0
2017-05-25 23:00:00,76.57480000000001,20.0,14.4,1014.9,3.6,290.0,2.0
2017-05-26 00:00:00,77.25489999999999,19.4,14.4,1015.2,3.1,280.0,0.0
2017-05-26 01:00:00,80.8956,18.3,15.0,1015.0,2.6,290.0,0.0
2017-05-26 02:00:00,87.777,15.6,14.4,1015.0,0.0,0.0,0.0
2017-05-26 03:00:00,89.8574,16.7,15.6,1015.3,1.5,280.0,0.0
2017-05-26 04:00:00,92.09779999999999,16.1,15.6,1015.7,0.0,0.0,0.0
2017-05-26 05:00:00,92.4578,15.6,15.6,1016.4,0.0,0.0,2.0
2017-05-26 06:00:00,76.8948,16.1,15.6,1017.4,0.0,0.0,2.0
2017-05-26 07:00:00,73.5342,19.4,17.8,1017.9,1.5,350.0,2.0
2017-05-26 08:00:00,82.6959,21.7,15.0,1018.4,3.1,350.0,2.0
2017-05-26 09:00:00,66.8129,23.3,13.9,1018.5,4.1,330.0,2.0
2017-05-26 10:00:00,66.6928,25.0,13.9,1018.2,2.1,360.0,2.0
2017-05-26 11:00:00,77.655,25.6,13.3,1018.3,2.1,,2.0
2017-05-26 12:00:00,81.4158,26.7,13.9,1017.9,3.6,300.0,2.0
2017-05-26 13:00:00,83.2161,28.3,13.3,1017.4,5.1,240.0,0.0
2017-05-26 14:00:00,84.7763,29.4,12.8,1016.7,2.1,,0.0
2017-05-26 15:00:00,87.6169,30.0,12.8,1016.0,3.6,270.0,0.0
2017-05-26 16:00:00,88.49709999999999,30.6,12.2,1015.6,3.6,270.0,0.0
2017-05-26 17:00:00,88.577,31.1,11.7,1015.5,3.6,340.0,0.0
2017-05-26 18:00:00,89.1372,30.6,11.7,1015.7,2.1,340.0,0.0
2017-05-26 19:00:00,84.2163,28.9,12.2,1016.0,2.6,310.0,0.0
2017-05-26 20:00:00,76.0147,22.8,16.7,1016.9,5.7,110.0,4.0
2017-05-26 21:00:00,81.4957,21.1,15.6,1017.7,3.1,130.0,2.0
2017-05-26 22:00:00,78.095,20.0,16.1,1018.2,1.5,160.0,0.0
2017-05-26 23:00:00,76.4147,19.4,16.1,1018.2,1.5,240.0,0.0
2017-05-27 00:00:00,80.6556,18.9,16.7,1018.2,0.0,0.0,0.0
2017-05-27 01:00:00,88.6172,17.8,16.7,1018.0,1.5,280.0,0.0
2017-05-27 02:00:00,87.2968,16.1,16.1,1017.5,0.0,0.0,0.0
2017-05-27 03:00:00,90.8175,16.1,16.1,1017.4,0.0,0.0,0.0
2017-05-27 04:00:00,93.21799999999999,16.7,15.6,1017.5,0.0,0.0,0.0
2017-05-27 05:00:00,92.0177,16.1,15.6,1017.6,0.0,0.0,0.0
2017-05-27 06:00:00,93.298,14.4,14.4,1018.1,0.0,0.0,0.0
2017-05-27 07:00:00,94.2982,18.9,17.2,1018.5,0.0,0.0,0.0
2017-05-27 08:00:00,76.2148,22.2,18.3,1018.9,3.1,340.0,0.0
2017-05-27 09:00:00,84.49629999999999,24.4,17.2,1018.9,2.6,340.0,0.0
2017-05-27 10:00:00,86.3766,26.1,15.6,1018.6,0.0,0.0,0.0
2017-05-27 11:00:00,98.0589,28.3,11.7,1018.6,2.1,,0.0
2017-05-27 12:00:00,89.6973,30.0,7.2,1018.0,3.6,270.0,0.0
2017-05-27 13:00:00,97.33879999999999,31.7,5.6,1017.7,4.1,260.0,0.0
2017-05-27 14:00:00,82.696,31.7,11.1,1017.1,3.1,,2.0
2017-05-27 15:00:00,85.0164,32.8,8.3,1016.5,5.1,250.0,2.0
2017-05-27 16:00:00,87.2568,32.8,8.9,1016.0,1.5,,0.0
2017-05-27 17:00:00,89.6573,32.8,10.6,1015.8,3.1,,2.0
2017-05-27 18:00:00,89.53720000000001,32.8,9.4,1015.8,3.6,300.0,2.0
2017-05-27 19:00:00,87.5368,30.6,5.0,1015.9,4.1,280.0,2.0
2017-05-27 20:00:00,89.9774,28.3,9.4,1016.1,4.6,290.0,0.0
2017-05-27 21:00:00,76.6548,25.0,12.2,1016.4,4.6,270.0,0.0
2017-05-27 22:00:00,78.135,23.9,12.8,1016.7,1.5,,2.0
2017-05-27 23:00:00,75.4145,22.2,13.9,1016.6,3.1,290.0,0.0
2017-05-28 00:00:00,75.1745,21.1,15.6,1016.2,2.1,270.0,0.0
2017-05-28 01:00:00,76.3747,20.0,17.2,1015.9,2.1,290.0,0.0
2017-05-28 02:00:00,82.4159,19.4,17.2,1015.6,2.1,290.0,0.0
2017-05-28 03:00:00,85.6165,18.3,18.3,1015.3,0.0,0.0,0.0
2017-05-28 04:00:00,83.9362,18.3,18.3,1014.9,1.5,280.0,0.0
2017-05-28 05:00:00,86.6968,18.9,18.9,1015.2,0.0,0.0,2.0
2017-05-28 06:00:00,85.1765,16.7,16.7,1015.8,0.0,0.0,2.0
2017-05-28 07:00:00,84.8963,20.6,20.6,1016.4,1.5,290.0,2.0
2017-05-28 08:00:00,92.0978,23.9,21.7,1016.9,5.1,300.0,4.0
2017-05-28 09:00:00,109.4211,25.6,21.1,1017.6,5.1,290.0,2.0
2017-05-28 10:00:00,91.8577,27.2,20.6,1017.6,4.6,300.0,2.0
2017-05-28 11:00:00,94.0181,28.9,18.9,1017.4,4.6,280.0,2.0
2017-05-28 12:00:00,92.5778,30.6,18.9,1017.4,5.7,300.0,2.0
2017-05-28 13:00:00,90.9776,31.7,19.4,1016.7,4.6,300.0,2.0
2017-05-28 14:00:00,89.8973,32.2,19.4,1015.9,4.6,260.0,2.0
2017-05-28 15:00:00,91.61760000000001,33.3,18.3,1015.4,6.2,310.0,2.0
2017-05-28 16:00:00,91.4177,32.8,17.8,1015.0,3.6,300.0,4.0
2017-05-28 17:00:00,91.9778,32.8,18.3,1014.8,5.1,300.0,2.0
2017-05-28 18:00:00,92.1378,32.2,18.3,1014.9,5.1,300.0,2.0
2017-05-28 19:00:00,92.37780000000001,30.6,18.3,1015.3,3.1,280.0,2.0
2017-05-28 20:00:00,92.2979,28.9,19.4,1015.2,2.6,280.0,2.0
2017-05-28 21:00:00,90.2974,27.8,20.0,1015.6,4.6,280.0,4.0
2017-05-28 22:00:00,89.7773,26.1,21.7,1016.4,4.1,280.0,2.0
2017-05-28 23:00:00,91.0976,24.4,21.7,1016.0,2.6,270.0,0.0
2017-05-29 00:00:00,93.018,23.9,22.2,1015.6,3.6,260.0,0.0
2017-05-29 01:00:00,94.4982,22.8,22.8,1015.7,2.6,270.0,0.0
2017-05-29 02:00:00,90.3375,22.8,22.8,1015.9,2.1,260.0,2.0
2017-05-29 03:00:00,92.9379,22.8,22.8,1016.1,3.1,290.0,
2017-05-29 04:00:00,95.5784,23.3,23.3,1016.6,4.1,300.0,
2017-05-29 05:00:00,91.13759999999999,23.3,23.3,,3.1,300.0,
2017-05-29 06:00:00,92.978,23.3,23.3,1017.4,2.1,320.0,4.0
2017-05-29 07:00:00,92.89789999999999,25.0,22.8,1017.6,3.1,340.0,4.0
2017-05-29 08:00:00,90.6575,26.1,22.2,1018.1,5.1,350.0,4.0
2017-05-29 09:00:00,93.138,27.8,22.2,1018.0,2.6,360.0,2.0
2017-05-29 10:00:00,92.89789999999999,28.9,21.7,1018.3,2.1,,2.0
2017-05-29 11:00:00,94.2581,30.6,21.1,1018.4,3.6,300.0,4.0
2017-05-29 12:00:00,93.5381,31.7,19.4,1018.5,2.6,290.0,4.0
2017-05-29 13:00:00,93.458,32.2,19.4,1017.8,3.6,290.0,4.0
2017-05-29 14:00:00,94.1781,32.2,19.4,1017.2,3.6,270.0,4.0
2017-05-29 15:00:00,93.218,33.3,19.4,1016.7,4.1,290.0,4.0
2017-05-29 16:00:00,94.3382,32.8,18.3,1016.2,2.6,180.0,4.0
2017-05-29 17:00:00,97.8189,33.9,17.8,1015.9,3.1,,4.0
2017-05-29 18:00:00,95.29830000000001,33.3,18.3,1015.6,3.6,270.0,4.0
2017-05-29 19:00:00,92.2978,30.0,22.2,1016.5,6.7,120.0,4.0
2017-05-29 20:00:00,90.89750000000001,28.3,22.2,1017.2,4.1,110.0,2.0
2017-05-29 21:00:00,91.13759999999999,26.7,22.2,1017.7,3.1,120.0,2.0
2017-05-29 22:00:00,89.2973,26.1,22.2,1018.8,0.0,0.0,4.0
2017-05-29 23:00:00,91.05760000000001,25.6,22.2,1018.8,0.0,0.0,0.0
2017-05-30 00:00:00,92.7779,25.0,22.8,1018.7,1.5,170.0,0.0
2017-05-30 01:00:00,94.2182,24.4,23.3,1018.1,0.0,0.0,0.0
2017-05-30 02:00:00,93.49799999999999,25.0,22.8,1018.1,1.5,320.0,0.0
2017-05-30 03:00:00,92.9779,23.9,22.2,1018.0,2.6,360.0,2.0
2017-05-30 04:00:00,91.57759999999999,23.9,22.2,1018.1,3.1,350.0,
2017-05-30 05:00:00,92.3378,24.4,22.2,1018.6,2.6,340.0,
2017-05-30 06:00:00,91.7377,23.9,22.8,1019.2,3.1,320.0,
2017-05-30 07:00:00,90.2575,25.0,22.8,1020.1,3.1,290.0,8.0
2017-05-30 08:00:00,91.6577,26.7,22.8,1020.1,3.6,310.0,
2017-05-30 09:00:00,91.9778,27.2,22.2,1020.2,5.1,340.0,
2017-05-30 10:00:00,91.3776,28.9,21.7,1019.9,3.1,350.0,
2017-05-30 11:00:00,93.7781,30.6,21.7,1020.0,2.1,,
2017-05-30 12:00:00,94.0582,31.1,20.0,1019.3,1.5,,4.0
2017-05-30 13:00:00,94.8983,31.7,18.9,1018.5,0.0,0.0,4.0
2017-05-30 14:00:00,95.5385,33.9,19.4,1017.8,2.1,,4.0
2017-05-30 15:00:00,94.9383,33.9,18.3,1017.2,3.1,200.0,
2017-05-30 16:00:00,93.9781,31.1,20.6,1017.1,6.2,120.0,
2017-05-30 17:00:00,95.4984,30.6,18.9,1016.9,7.2,110.0,
2017-05-30 18:00:00,94.29820000000001,29.4,21.1,1016.9,6.2,100.0,
2017-05-30 19:00:00,91.05760000000001,28.3,21.7,1017.5,6.7,100.0,6.0
2017-05-30 20:00:00,89.6174,26.7,21.1,1018.3,8.8,150.0,
2017-05-30 21:00:00,89.6173,23.9,21.1,1020.8,5.1,300.0,
2017-05-30 22:00:00,88.9772,21.7,21.7,1020.5,3.1,360.0,
2017-05-30 23:00:00,89.8173,22.2,22.2,1019.4,2.6,160.0,
2017-05-31 00:00:00,91.45769999999999,21.7,21.7,1019.0,2.6,160.0,
2017-05-31 01:00:00,90.73750000000001,22.2,22.2,1018.9,2.6,150.0,6.0
2017-05-31 02:00:00,90.4574,22.8,22.8,1019.0,2.1,100.0,
2017-05-31 03:00:00,91.4976,22.2,22.2,1018.6,1.5,130.0,
2017-05-31 04:00:00,91.6576,22.2,22.2,1018.5,2.1,140.0,
2017-05-31 05:00:00,91.4176,21.7,21.7,1018.5,0.0,0.0,
2017-05-31 06:00:00,89.1772,21.1,21.1,1018.9,1.5,160.0,
2017-05-31 07:00:00,89.6174,22.8,22.8,1019.5,1.5,180.0,6.0
2017-05-31 08:00:00,90.6975,24.4,23.9,1019.8,2.6,170.0,
2017-05-31 09:00:00,89.65729999999999,27.8,23.3,1019.6,5.7,180.0,
2017-05-31 10:00:00,92.4579,28.9,23.3,1019.5,3.6,200.0,
2017-05-31 11:00:00,93.7381,29.4,22.8,1019.1,4.1,190.0,
2017-05-31 12:00:00,93.578,30.6,22.8,1018.7,2.1,200.0,
2017-05-31 13:00:00,93.65809999999999,31.1,21.7,1018.3,2.1,,6.0
2017-05-31 14:00:00,94.0181,32.2,21.7,1017.4,0.0,0.0,
2017-05-31 15:00:00,93.93809999999999,32.2,21.1,1016.8,2.1,130.0,
2017-05-31 16:00:00,94.6982,33.3,19.4,1016.1,2.6,,
2017-05-31 17:00:00,94.7383,30.6,22.8,1016.3,7.2,110.0,
2017-05-31 18:00:00,93.65809999999999,22.8,21.7,1018.4,6.2,80.0,
2017-05-31 19:00:00,96.0986,23.3,22.8,1018.2,4.6,140.0,6.0
2017-05-31 20:00:00,107.7808,23.3,22.2,1019.6,4.1,30.0,
2017-05-31 21:00:00,109.82119999999998,23.3,21.7,1020.1,4.6,40.0,
2017-05-31 22:00:00,108.62089999999999,22.8,22.2,1020.0,2.6,80.0,
2017-05-31 23:00:00,109.5812,22.2,22.2,1019.1,1.5,190.0,4.0
2017-06-01 00:00:00,110.4213,22.2,21.7,1018.9,1.5,200.0,2.0
2017-06-01 01:00:00,110.54129999999998,22.2,22.2,1018.9,0.0,0.0,2.0
2017-06-01 02:00:00,112.42170000000002,22.8,22.2,1018.4,0.0,0.0,2.0
2017-06-01 03:00:00,115.3022,22.2,22.2,1018.0,0.0,0.0,2.0
2017-06-01 04:00:00,114.8622,22.8,22.2,1018.1,0.0,0.0,2.0
2017-06-01 05:00:00,118.983,22.2,22.2,1018.5,2.1,100.0,2.0
2017-06-01 06:00:00,116.74249999999999,22.8,22.8,1018.9,1.5,100.0,
2017-06-01 07:00:00,113.2619,23.3,23.3,1019.0,2.6,160.0,6.0
2017-06-01 08:00:00,111.1414,25.6,24.4,1019.1,3.1,150.0,
2017-06-01 09:00:00,112.26169999999999,27.2,24.4,1019.1,4.1,160.0,
2017-06-01 10:00:00,116.5025,28.9,23.9,1018.9,2.6,,
2017-06-01 11:00:00,98.41900000000001,29.4,22.8,1018.9,3.6,220.0,
2017-06-01 12:00:00,93.018,31.1,22.2,1018.3,3.1,170.0,
2017-06-01 13:00:00,92.5778,32.2,21.1,1017.7,3.6,210.0,6.0
2017-06-01 14:00:00,94.1782,32.8,20.0,1016.3,2.1,,
2017-06-01 15:00:00,93.6181,32.8,20.0,1015.7,2.1,190.0,
2017-06-01 16:00:00,92.4579,28.9,20.6,1016.4,9.3,100.0,
2017-06-01 17:00:00,90.2174,23.9,22.2,1016.9,4.1,20.0,
2017-06-01 18:00:00,89.2973,22.8,22.8,1017.2,3.6,340.0,
2017-06-01 19:00:00,88.17699999999999,23.3,22.8,1017.2,3.6,120.0,8.0
2017-06-01 20:00:00,91.05760000000001,23.3,22.8,1018.1,3.1,180.0,
2017-06-01 21:00:00,91.5377,23.9,22.8,1018.3,3.6,230.0,
2017-06-01 22:00:00,89.7773,23.9,23.3,1018.5,0.0,0.0,
2017-06-01 23:00:00,90.2574,23.9,23.3,1018.4,0.0,0.0,
2017-06-02 00:00:00,91.4176,23.3,23.3,1017.5,3.1,70.0,
2017-06-02 01:00:00,91.73769999999999,23.3,22.8,1017.0,1.5,60.0,8.0
2017-06-02 02:00:00,92.5779,23.3,22.8,1016.4,1.5,100.0,
2017-06-02 03:00:00,92.0178,23.3,22.8,1016.2,0.0,0.0,
2017-06-02 04:00:00,91.6177,22.8,22.8,1016.5,1.5,140.0,
2017-06-02 05:00:00,91.8177,22.8,22.8,1016.8,0.0,0.0,
2017-06-02 06:00:00,90.8175,23.3,22.8,1016.7,2.1,80.0,
2017-06-02 07:00:00,90.17750000000001,23.3,22.8,1017.5,2.1,80.0,8.0
2017-06-02 08:00:00,91.6177,24.4,22.2,1018.3,0.0,0.0,
2017-06-02 09:00:00,100.61940000000001,25.0,23.3,1018.3,0.0,0.0,
2017-06-02 10:00:00,99.5792,26.7,23.9,1018.0,1.5,,
2017-06-02 11:00:00,91.29759999999999,28.3,23.3,1017.6,3.6,240.0,
2017-06-02 12:00:00,91.3777,29.4,23.3,1016.8,2.6,,
2017-06-02 13:00:00,93.458,30.6,22.2,1015.6,4.1,350.0,6.0
2017-06-02 14:00:00,93.018,28.9,22.8,,7.7,60.0,
2017-06-02 15:00:00,98.8591,23.3,22.2,1016.9,5.7,130.0,
2017-06-02 16:00:00,110.7414,22.2,22.2,1017.3,2.6,130.0,
2017-06-02 17:00:00,108.86099999999998,22.2,22.2,1017.7,3.1,130.0,
2017-06-02 18:00:00,107.5008,21.7,21.7,1017.2,4.6,140.0,
2017-06-02 19:00:00,108.3809,21.7,21.7,1017.3,3.6,110.0,8.0
2017-06-02 20:00:00,111.1815,21.7,21.7,1017.2,3.6,130.0,
2017-06-02 21:00:00,112.78179999999999,21.7,21.7,1017.3,0.0,0.0,
2017-06-02 22:00:00,113.3819,21.7,21.7,1017.8,0.0,0.0,
2017-06-02 23:00:00,113.3819,21.7,21.7,1017.4,0.0,0.0,
2017-06-03 00:00:00,118.0627,21.7,21.7,1017.0,0.0,0.0,
2017-06-03 01:00:00,116.4625,22.2,21.7,1016.3,0.0,0.0,8.0
2017-06-03 02:00:00,115.1822,21.7,21.7,1015.6,0.0,0.0,
2017-06-03 03:00:00,117.02260000000001,21.7,21.7,1015.1,0.0,0.0,
2017-06-03 04:00:00,116.82249999999999,21.7,21.7,1015.3,0.0,0.0,
2017-06-03 05:00:00,114.5821,21.7,21.7,1016.0,0.0,0.0,
2017-06-03 06:00:00,118.58279999999999,21.7,21.7,1017.0,2.6,80.0,
2017-06-03 07:00:00,114.5421,22.2,22.2,1017.5,2.1,80.0,8.0
2017-06-03 08:00:00,119.7031,22.8,22.2,1017.8,2.1,90.0,
2017-06-03 09:00:00,113.4219,24.4,22.2,1017.7,0.0,0.0,
2017-06-03 10:00:00,127.2245,26.7,22.2,1017.4,1.5,350.0,
2017-06-03 11:00:00,111.0614,28.3,21.7,1017.2,2.6,340.0,
2017-06-03 12:00:00,105.1003,28.3,20.6,1016.6,1.5,,
2017-06-03 13:00:00,90.5775,29.4,20.0,1015.7,3.6,360.0,6.0
2017-06-03 14:00:00,90.7775,31.1,20.6,1015.0,2.1,320.0,
2017-06-03 15:00:00,91.0976,30.6,20.0,1014.5,2.1,40.0,
2017-06-03 16:00:00,90.6175,28.3,23.3,1014.5,8.2,60.0,
2017-06-03 17:00:00,91.0176,27.2,22.8,,6.7,90.0,
2017-06-03 18:00:00,91.0575,26.1,22.8,1014.7,4.1,90.0,
2017-06-03 19:00:00,91.4576,25.0,23.3,1015.6,4.1,140.0,8.0
2017-06-03 20:00:00,89.7773,23.3,22.8,1016.2,3.1,190.0,
2017-06-03 21:00:00,91.5377,22.8,22.8,1016.4,2.6,210.0,
2017-06-03 22:00:00,89.8574,22.8,22.8,1016.6,0.0,0.0,
2017-06-03 23:00:00,91.49770000000001,22.8,22.8,1016.4,1.5,90.0,
2017-06-04 00:00:00,92.17779999999999,22.8,22.8,1016.2,0.0,0.0,
2017-06-04 01:00:00,92.0178,22.2,22.2,1015.7,0.0,0.0,8.0
2017-06-04 02:00:00,92.49789999999999,22.2,22.2,1015.1,1.5,240.0,
2017-06-04 03:00:00,90.9375,22.2,22.2,1014.8,0.0,0.0,
2017-06-04 04:00:00,91.5377,22.2,22.2,1014.9,0.0,0.0,
2017-06-04 05:00:00,91.9777,22.2,22.2,1015.0,1.5,120.0,
2017-06-04 06:00:00,91.8177,22.8,22.8,1015.2,1.5,100.0,
2017-06-04 07:00:00,90.89760000000001,22.8,22.8,1015.6,2.6,130.0,8.0
2017-06-04 08:00:00,100.9394,23.9,22.8,1015.9,2.1,110.0,
2017-06-04 09:00:00,105.3803,25.0,22.2,1016.0,1.5,130.0,
2017-06-04 10:00:00,88.53710000000001,25.6,22.2,1015.8,1.5,120.0,
2017-06-04 11:00:00,89.37729999999999,26.7,21.7,1015.7,2.6,110.0,
2017-06-04 12:00:00,88.8571,27.8,21.1,1015.3,1.5,250.0,
2017-06-04 13:00:00,89.4973,27.2,22.2,1015.0,3.1,240.0,8.0
2017-06-04 14:00:00,88.257,28.3,22.2,1014.0,1.5,,
2017-06-04 15:00:00,87.93700000000001,26.1,23.3,1013.6,4.1,60.0,
2017-06-04 16:00:00,88.53710000000001,23.9,22.8,1013.9,7.2,130.0,
2017-06-04 17:00:00,90.69749999999999,23.3,23.3,1013.6,3.1,130.0,
2017-06-04 18:00:00,90.6975,23.9,23.9,1013.3,4.1,150.0,
2017-06-04 19:00:00,92.1378,23.9,23.3,1013.9,3.6,140.0,8.0
2017-06-04 20:00:00,92.3378,23.3,23.3,1014.3,1.5,160.0,
2017-06-04 21:00:00,92.61789999999999,23.3,23.3,1014.5,2.6,180.0,
2017-06-04 22:00:00,90.73750000000001,23.3,23.3,1014.8,0.0,0.0,
2017-06-04 23:00:00,90.89760000000001,22.8,22.8,,1.5,150.0,
2017-06-05 00:00:00,92.61779999999999,22.8,22.8,1014.4,0.0,0.0,
2017-06-05 01:00:00,92.2578,22.8,22.8,1014.1,2.1,160.0,6.0
2017-06-05 02:00:00,92.6978,22.8,22.8,1013.8,1.5,170.0,
2017-06-05 03:00:00,91.2575,23.3,23.3,1013.6,0.0,0.0,
2017-06-05 04:00:00,91.6177,23.3,23.3,1013.4,2.6,190.0,
2017-06-05 05:00:00,91.9377,23.3,23.3,1013.3,2.6,180.0,
2017-06-05 06:00:00,90.9375,23.3,23.3,1013.8,2.1,180.0,
2017-06-05 07:00:00,90.7775,23.9,23.9,1014.1,2.6,170.0,8.0
2017-06-05 08:00:00,94.37819999999999,25.0,23.9,1014.6,3.1,180.0,
2017-06-05 09:00:00,112.86179999999999,26.7,23.3,1014.0,5.7,180.0,
2017-06-05 10:00:00,114.62209999999999,27.8,23.9,1013.7,6.2,190.0,
2017-06-05 11:00:00,100.2594,28.3,23.9,1013.2,4.6,190.0,
2017-06-05 12:00:00,98.21889999999999,26.7,20.6,1013.1,4.6,190.0,
2017-06-05 13:00:00,99.41919999999999,27.8,21.1,1012.8,6.2,230.0,8.0
2017-06-05 14:00:00,103.37989999999999,27.2,20.6,1012.7,7.2,230.0,
2017-06-05 15:00:00,99.8593,25.6,23.3,1012.6,2.6,230.0,
2017-06-05 16:00:00,101.17949999999999,26.1,22.8,1012.1,4.1,240.0,
2017-06-05 17:00:00,100.2193,26.1,22.8,1012.2,3.6,210.0,
2017-06-05 18:00:00,99.0191,25.6,21.1,1011.8,4.1,200.0,
2017-06-05 19:00:00,95.85849999999999,24.4,21.1,1011.5,3.1,180.0,8.0
2017-06-05 20:00:00,95.69850000000001,23.9,21.1,1011.9,2.1,190.0,
2017-06-05 21:00:00,95.5784,23.9,21.1,1012.3,3.1,170.0,
2017-06-05 22:00:00,86.1767,23.3,21.1,1012.6,3.1,170.0,
2017-06-05 23:00:00,93.41810000000001,23.3,22.8,1012.3,3.6,170.0,
2017-06-06 00:00:00,94.5783,23.3,22.8,1012.3,1.5,180.0,
2017-06-06 01:00:00,94.21809999999999,23.3,22.8,1011.8,2.1,150.0,8.0
2017-06-06 02:00:00,95.2584,23.3,23.3,,3.1,140.0,
2017-06-06 03:00:00,93.85810000000001,22.8,22.8,1010.5,2.6,150.0,
2017-06-06 04:00:00,94.4182,23.3,23.3,1010.3,3.1,180.0,
2017-06-06 05:00:00,94.5383,22.8,22.8,1010.4,2.6,170.0,
2017-06-06 06:00:00,94.13810000000001,23.3,23.3,1010.3,3.1,170.0,
2017-06-06 07:00:00,95.2183,23.3,23.3,1010.3,3.6,180.0,6.0
2017-06-06 08:00:00,71.0137,23.3,23.3,1010.6,3.1,170.0,
2017-06-06 09:00:00,71.5738,25.6,23.9,1010.6,6.7,170.0,
2017-06-06 10:00:00,96.8587,27.2,23.3,1010.3,6.2,200.0,
2017-06-06 11:00:00,97.9389,28.9,22.8,1009.1,6.2,190.0,
2017-06-06 12:00:00,103.7801,29.4,22.8,1008.4,3.6,200.0,
2017-06-06 13:00:00,103.62,26.0,24.0,1008.4,4.6,220.0,
2017-06-06 14:00:00,98.81909999999999,23.9,23.9,1008.7,2.6,220.0,
2017-06-06 15:00:00,97.8189,25.6,25.0,1007.7,2.6,280.0,
2017-06-06 16:00:00,95.2584,23.9,23.3,1008.1,4.6,340.0,
2017-06-06 17:00:00,96.7786,22.8,22.2,1007.7,4.1,80.0,
2017-06-06 18:00:00,93.7781,22.8,22.8,1006.4,4.1,100.0,
2017-06-06 19:00:00,93.9782,22.8,22.8,1007.4,3.6,100.0,6.0
2017-06-06 20:00:00,93.8981,22.8,22.8,1008.1,3.6,150.0,
2017-06-06 21:00:00,94.57820000000001,22.8,22.8,1008.6,1.5,140.0,
2017-06-06 22:00:00,91.8577,22.8,22.8,1008.6,2.6,160.0,
2017-06-06 23:00:00,95.69839999999999,22.8,22.8,1009.0,4.1,190.0,
2017-06-07 00:00:00,95.41839999999999,22.2,22.2,,5.7,190.0,
2017-06-07 01:00:00,95.0983,21.7,21.7,1008.1,5.7,180.0,8.0
2017-06-07 02:00:00,95.3784,22.2,22.2,1007.8,5.1,180.0,
2017-06-07 03:00:00,95.6585,22.2,22.2,1007.3,5.1,180.0,
2017-06-07 04:00:00,93.018,22.2,22.2,1007.0,4.6,170.0,
2017-06-07 05:00:00,94.2182,22.2,22.2,1007.0,4.6,180.0,
2017-06-07 06:00:00,94.37819999999999,22.8,22.8,1007.0,4.1,180.0,
2017-06-07 07:00:00,96.5386,23.3,23.3,1007.4,4.1,190.0,8.0
2017-06-07 08:00:00,112.78179999999998,23.9,23.3,1007.4,6.2,190.0,
2017-06-07 09:00:00,116.3825,25.0,23.3,1007.2,7.2,200.0,
2017-06-07 10:00:00,118.06280000000001,27.2,23.3,1007.5,7.2,200.0,
2017-06-07 11:00:00,118.3428,24.0,19.0,1007.7,2.1,,
2017-06-07 12:00:00,115.6223,21.7,21.7,1008.5,3.1,220.0,
2017-06-07 13:00:00,115.4623,21.7,21.7,1008.7,4.1,200.0,8.0
2017-06-07 14:00:00,113.622,21.7,21.7,1008.4,4.1,180.0,
2017-06-07 15:00:00,112.98179999999999,22.2,22.2,1007.5,4.6,180.0,
2017-06-07 16:00:00,115.1823,22.2,22.2,1007.0,6.7,180.0,
2017-06-07 17:00:00,115.2622,23.3,22.8,1006.9,4.6,180.0,
2017-06-07 18:00:00,116.4625,22.8,22.8,1006.8,5.1,180.0,
2017-06-07 19:00:00,117.0625,22.8,22.8,1006.8,3.6,190.0,8.0
2017-06-07 20:00:00,115.1422,22.8,22.8,1006.7,4.1,170.0,
2017-06-07 21:00:00,114.3421,22.8,22.8,,4.1,180.0,
2017-06-07 22:00:00,117.78280000000001,23.3,23.3,1007.3,4.1,190.0,
2017-06-07 23:00:00,116.2225,23.3,23.3,1007.6,3.1,180.0,
2017-06-08 00:00:00,115.86240000000001,22.8,22.8,1007.1,2.1,170.0,
2017-06-08 01:00:00,117.02260000000001,23.3,23.3,1006.7,4.1,180.0,6.0
2017-06-08 02:00:00,116.9426,23.3,23.3,1006.6,4.6,200.0,
2017-06-08 03:00:00,118.9829,23.3,23.3,1006.2,3.6,200.0,2.0
2017-06-08 04:00:00,116.3024,23.3,23.3,1005.6,4.1,180.0,
2017-06-08 05:00:00,117.9428,23.3,23.3,,4.1,180.0,
2017-06-08 06:00:00,114.62209999999999,23.3,23.3,1006.7,3.6,230.0,
2017-06-08 07:00:00,120.0632,22.8,22.8,1007.1,2.1,230.0,6.0
2017-06-08 08:00:00,116.7426,23.3,23.3,1007.8,0.0,0.0,
2017-06-08 09:00:00,105.7004,22.2,22.2,,4.6,230.0,
2017-06-08 10:00:00,119.023,24.4,23.9,1008.1,2.6,220.0,
2017-06-08 11:00:00,116.58250000000001,27.8,22.8,1007.7,3.6,260.0,
2017-06-08 12:00:00,117.1427,23.3,23.3,1008.1,5.1,350.0,
2017-06-08 13:00:00,117.26259999999999,23.3,23.3,1008.6,2.6,340.0,8.0
2017-06-08 14:00:00,116.8226,25.0,23.3,1008.1,4.1,10.0,
2017-06-08 15:00:00,119.34309999999999,26.1,22.8,1007.5,4.6,10.0,
2017-06-08 16:00:00,118.743,24.4,22.8,1008.0,3.1,20.0,
2017-06-08 17:00:00,120.9434,25.6,22.2,1008.0,5.1,20.0,
2017-06-08 18:00:00,118.14280000000001,25.6,21.7,1008.4,4.6,30.0,
2017-06-08 19:00:00,115.9023,24.4,21.7,1009.1,5.1,30.0,6.0
2017-06-08 20:00:00,115.7824,23.3,21.1,1009.5,6.7,30.0,
2017-06-08 21:00:00,117.7827,22.2,21.1,1010.5,4.6,40.0,2.0
2017-06-08 22:00:00,118.62289999999999,21.7,20.6,1011.1,3.6,40.0,2.0
2017-06-08 23:00:00,119.703,21.7,21.1,1011.4,3.6,360.0,
2017-06-09 00:00:00,119.7431,21.1,20.6,1011.3,3.1,20.0,4.0
2017-06-09 01:00:00,121.5034,20.6,20.6,1011.1,2.1,360.0,2.0
2017-06-09 02:00:00,121.78359999999999,20.6,20.6,1011.1,2.1,340.0,2.0
2017-06-09 03:00:00,121.58350000000002,20.0,20.0,1011.0,3.1,360.0,2.0
2017-06-09 04:00:00,123.6639,20.6,20.6,1011.2,2.6,360.0,
2017-06-09 05:00:00,121.58350000000002,20.0,20.0,1011.8,3.6,360.0,2.0
2017-06-09 06:00:00,122.70360000000001,20.6,20.6,1012.4,3.1,360.0,2.0
2017-06-09 07:00:00,120.4632,22.2,21.1,1013.0,3.6,20.0,2.0
2017-06-09 08:00:00,117.9028,24.4,21.7,1013.6,4.6,40.0,2.0
2017-06-09 09:00:00,114.142,25.6,21.7,1013.8,4.6,40.0,2.0
2017-06-09 10:00:00,117.02260000000001,26.1,21.7,1014.1,3.1,,4.0
2017-06-09 11:00:00,120.98339999999999,27.8,21.7,1014.2,2.1,60.0,4.0
2017-06-09 12:00:00,107.7008,30.0,21.1,1013.9,2.1,,4.0
2017-06-09 13:00:00,100.1793,29.4,20.6,1013.4,2.6,60.0,4.0
2017-06-09 14:00:00,101.2995,30.6,18.3,1012.9,1.5,,4.0
2017-06-09 15:00:00,99.8193,31.7,17.2,1012.6,0.0,0.0,4.0
2017-06-09 16:00:00,97.4588,28.9,22.2,1012.6,5.7,80.0,
2017-06-09 17:00:00,98.299,28.3,22.2,1012.8,7.7,100.0,
2017-06-09 18:00:00,99.4592,26.7,22.2,1013.1,8.2,80.0,4.0
2017-06-09 19:00:00,96.4986,25.6,22.2,1014.2,5.7,80.0,4.0
2017-06-09 20:00:00,95.5785,25.0,22.8,1014.6,4.1,70.0,4.0
2017-06-09 21:00:00,95.33840000000001,24.4,22.8,1014.7,3.6,60.0,2.0
2017-06-09 22:00:00,92.6578,23.9,22.8,1015.5,3.6,80.0,4.0
2017-06-09 23:00:00,95.57849999999999,23.9,23.3,1015.5,2.6,80.0,
2017-06-10 00:00:00,95.9385,23.3,23.3,1014.9,2.1,80.0,4.0
2017-06-10 01:00:00,96.73860000000002,23.3,23.3,1014.7,2.6,70.0,2.0
2017-06-10 02:00:00,96.6986,23.3,23.3,1014.5,3.1,50.0,2.0
2017-06-10 03:00:00,94.6983,23.3,23.3,1014.8,2.6,80.0,2.0
2017-06-10 04:00:00,95.8985,22.8,22.8,1014.9,2.6,80.0,2.0
2017-06-10 05:00:00,96.05850000000001,22.8,22.8,1015.3,2.6,80.0,2.0
2017-06-10 06:00:00,93.618,22.8,22.8,1016.2,2.6,80.0,
2017-06-10 07:00:00,95.4984,23.3,23.3,1016.9,2.1,130.0,8.0
2017-06-10 08:00:00,98.0589,25.0,23.9,,1.5,70.0,
2017-06-10 09:00:00,113.38180000000001,26.1,23.3,1017.3,1.5,60.0,
2017-06-10 10:00:00,100.3394,27.8,23.9,1017.2,2.1,,
2017-06-10 11:00:00,98.65899999999999,28.9,23.3,1018.0,3.1,120.0,
2017-06-10 12:00:00,107.5807,30.0,21.7,1017.2,3.1,120.0,4.0
2017-06-10 13:00:00,112.1816,30.6,22.2,1017.1,0.0,0.0,6.0
2017-06-10 14:00:00,105.3403,22.8,22.8,,10.3,210.0,
2017-06-10 15:00:00,94.97829999999999,23.9,23.3,1017.4,5.7,200.0,
2017-06-10 16:00:00,91.5777,25.0,22.8,1018.2,1.5,120.0,
2017-06-10 17:00:00,97.25880000000001,25.0,23.3,1018.7,1.5,,
2017-06-10 18:00:00,95.4985,25.6,22.8,1018.0,2.6,210.0,
2017-06-10 19:00:00,96.6586,25.0,22.2,1018.1,1.5,170.0,8.0
2017-06-10 20:00:00,96.6986,25.0,21.7,1018.6,3.1,160.0,
2017-06-10 21:00:00,96.3386,23.9,23.9,1018.7,3.1,100.0,
2017-06-10 22:00:00,97.0188,22.8,22.8,1019.1,0.0,0.0,
2017-06-10 23:00:00,96.61869999999999,22.8,22.8,1019.3,1.5,160.0,
2017-06-11 00:00:00,96.1386,22.8,22.8,1019.6,0.0,0.0,
2017-06-11 01:00:00,97.9789,22.8,22.8,1019.2,2.1,150.0,8.0
2017-06-11 02:00:00,96.17859999999999,22.8,22.8,1019.2,1.5,140.0,
2017-06-11 03:00:00,95.33840000000001,22.8,22.8,1018.9,2.1,120.0,
2017-06-11 04:00:00,96.21860000000001,22.8,22.8,1019.1,2.1,110.0,
2017-06-11 05:00:00,94.3382,22.2,22.2,1019.6,0.0,0.0,
2017-06-11 06:00:00,95.2584,22.8,22.8,1019.8,0.0,0.0,
2017-06-11 07:00:00,93.618,24.4,24.4,1020.1,2.1,150.0,6.0
2017-06-11 08:00:00,107.0607,25.6,24.4,1020.6,3.1,170.0,
2017-06-11 09:00:00,111.66159999999999,27.2,24.4,1021.0,3.1,170.0,
2017-06-11 10:00:00,112.58170000000001,28.3,23.9,1021.1,3.1,160.0,
2017-06-11 11:00:00,95.2184,29.4,23.9,1021.0,2.1,,
2017-06-11 12:00:00,93.658,31.1,23.3,1020.7,4.1,80.0,
2017-06-11 13:00:00,99.09909999999999,32.2,22.8,1020.1,2.6,40.0,6.0
2017-06-11 14:00:00,98.9791,31.7,22.2,1019.5,3.1,110.0,
2017-06-11 15:00:00,98.459,23.0,21.0,1020.2,7.2,110.0,
2017-06-11 16:00:00,96.9387,23.3,23.3,1021.4,5.1,340.0,
2017-06-11 17:00:00,95.33840000000001,23.3,23.3,1020.6,2.1,100.0,
2017-06-11 18:00:00,98.339,23.9,23.9,1020.2,0.0,0.0,
2017-06-11 19:00:00,96.7786,23.9,23.9,1019.7,2.1,360.0,8.0
2017-06-11 20:00:00,98.0589,23.9,23.9,1020.0,2.6,290.0,
2017-06-11 21:00:00,97.6189,23.9,23.9,1020.3,2.1,10.0,
2017-06-11 22:00:00,97.7389,23.9,23.9,1020.9,1.5,340.0,
2017-06-11 23:00:00,97.97890000000001,23.9,23.9,1020.5,2.1,10.0,
2017-06-12 00:00:00,99.3791,23.3,23.3,1020.3,2.1,360.0,
2017-06-12 01:00:00,100.17930000000001,23.3,23.3,1020.0,2.1,20.0,8.0
2017-06-12 02:00:00,96.4986,23.3,23.3,1019.6,2.1,30.0,
2017-06-12 03:00:00,96.21860000000001,23.3,23.3,1019.2,2.1,70.0,
2017-06-12 04:00:00,99.85929999999999,23.3,23.3,1019.1,2.1,30.0,
2017-06-12 05:00:00,99.13919999999999,23.3,23.3,1019.1,2.1,60.0,
2017-06-12 06:00:00,97.0587,23.3,23.3,1019.7,2.1,60.0,
2017-06-12 07:00:00,97.33879999999999,23.9,23.9,1020.1,2.1,30.0,8.0
2017-06-12 08:00:00,97.8589,24.4,24.4,1020.5,2.6,60.0,
2017-06-12 09:00:00,97.0988,25.6,25.0,1020.8,2.1,60.0,
2017-06-12 10:00:00,98.339,26.1,25.0,1020.5,2.6,90.0,
2017-06-12 11:00:00,99.09909999999999,27.2,23.9,1020.5,2.1,90.0,
2017-06-12 12:00:00,97.0187,27.8,23.9,1020.4,2.1,90.0,
2017-06-12 13:00:00,97.7788,28.9,23.9,1019.7,2.6,70.0,8.0
2017-06-12 14:00:00,98.4589,29.4,23.9,,2.6,120.0,
2017-06-12 15:00:00,103.22,24.4,22.2,1018.7,6.7,60.0,
2017-06-12 16:00:00,113.46190000000001,25.6,21.1,1018.7,5.1,50.0,
2017-06-12 17:00:00,115.6623,24.4,22.8,1019.0,3.1,340.0,
2017-06-12 18:00:00,116.2624,23.3,23.3,1018.2,4.6,10.0,
2017-06-12 19:00:00,116.6625,24.4,23.9,1018.3,2.1,40.0,8.0
2017-06-12 20:00:00,116.42240000000001,23.9,23.9,1018.3,2.6,80.0,
2017-06-12 21:00:00,116.0624,23.9,23.9,1018.6,2.1,30.0,
2017-06-12 22:00:00,116.7025,23.9,23.9,1018.7,2.1,30.0,
2017-06-12 23:00:00,116.5425,23.9,23.9,1018.4,2.1,80.0,
2017-06-13 00:00:00,117.7828,23.3,23.3,1018.1,2.1,70.0,
2017-06-13 01:00:00,116.3024,23.3,23.3,1017.6,2.6,70.0,8.0
2017-06-13 02:00:00,117.18260000000001,22.8,22.8,1017.5,1.5,70.0,
2017-06-13 03:00:00,118.1028,22.8,22.8,1017.3,2.1,60.0,2.0
2017-06-13 04:00:00,116.14240000000001,22.8,22.8,1017.4,2.1,70.0,0.0
2017-06-13 05:00:00,117.3826,22.2,22.2,1017.8,1.5,350.0,
2017-06-13 06:00:00,118.6229,22.8,22.8,1018.2,2.1,350.0,
2017-06-13 07:00:00,119.543,23.9,23.9,1018.8,2.6,20.0,6.0
2017-06-13 08:00:00,117.7828,24.4,24.4,1019.0,2.6,50.0,
2017-06-13 09:00:00,92.3778,26.1,25.0,1019.4,2.1,90.0,
2017-06-13 10:00:00,124.94409999999999,26.7,24.4,1019.1,1.5,110.0,
2017-06-13 11:00:00,128.0248,27.8,23.9,1018.7,0.0,0.0,
2017-06-13 12:00:00,101.61970000000001,29.4,23.3,1017.8,1.5,330.0,
2017-06-13 13:00:00,97.2988,22.2,21.7,1018.4,7.2,60.0,8.0
2017-06-13 14:00:00,95.2584,22.8,22.2,1018.1,1.5,340.0,
2017-06-13 15:00:00,93.258,22.8,22.8,1017.5,0.0,0.0,
2017-06-13 16:00:00,109.74109999999999,23.3,23.3,1017.3,2.6,70.0,
2017-06-13 17:00:00,114.98219999999999,24.4,23.9,1017.0,2.6,60.0,
2017-06-13 18:00:00,115.7824,24.4,24.4,1017.5,1.5,10.0,
2017-06-13 19:00:00,115.38229999999999,23.9,23.9,1017.9,2.6,360.0,8.0
2017-06-13 20:00:00,115.3823,23.3,23.3,1017.9,2.1,360.0,
2017-06-13 21:00:00,116.3425,23.3,23.3,1017.7,0.0,0.0,
2017-06-13 22:00:00,114.382,23.3,23.3,1017.5,0.0,0.0,
2017-06-13 23:00:00,114.8621,23.3,23.3,1017.7,2.6,50.0,
2017-06-14 00:00:00,114.9822,23.3,23.3,1017.6,2.1,350.0,
2017-06-14 01:00:00,115.26219999999999,22.8,22.8,1017.1,2.1,360.0,4.0
2017-06-14 02:00:00,115.42229999999999,22.2,22.2,1016.5,1.5,30.0,2.0
2017-06-14 03:00:00,119.4231,22.2,22.2,,2.1,30.0,4.0
2017-06-14 04:00:00,119.9032,22.2,22.2,1016.7,2.1,100.0,
2017-06-14 05:00:00,118.5429,22.2,22.2,1017.0,1.5,60.0,
2017-06-14 06:00:00,116.6226,22.2,22.2,1017.3,1.5,70.0,
2017-06-14 07:00:00,119.82310000000001,23.3,23.3,1017.9,1.5,60.0,6.0
2017-06-14 08:00:00,118.82300000000001,24.4,24.4,1018.6,1.5,,
2017-06-14 09:00:00,116.1824,25.0,25.0,1018.8,0.0,0.0,
2017-06-14 10:00:00,116.4224,26.1,25.0,1018.7,2.1,,
2017-06-14 11:00:00,118.46279999999999,27.2,24.4,1018.6,0.0,0.0,
2017-06-14 12:00:00,103.0598,28.9,23.9,1018.1,1.5,,
2017-06-14 13:00:00,96.9388,23.3,21.7,1018.7,6.7,190.0,8.0
2017-06-14 14:00:00,94.53829999999999,21.7,21.7,1019.1,2.6,130.0,
2017-06-14 15:00:00,94.0581,22.2,22.2,1018.1,1.5,100.0,
2017-06-14 16:00:00,90.2174,22.8,22.8,1018.0,0.0,0.0,
2017-06-14 17:00:00,97.3387,22.8,22.8,1017.9,2.6,170.0,
2017-06-14 18:00:00,110.5014,22.8,22.8,1017.8,0.0,0.0,
2017-06-14 19:00:00,116.22240000000001,22.2,22.2,1017.2,0.0,0.0,6.0
2017-06-14 20:00:00,117.02260000000001,22.2,22.2,1017.4,0.0,0.0,
2017-06-14 21:00:00,117.0226,22.2,22.2,1018.3,1.5,120.0,
2017-06-14 22:00:00,117.0626,21.7,21.7,1018.6,0.0,0.0,
2017-06-14 23:00:00,116.3024,21.1,21.1,1018.3,0.0,0.0,
2017-06-15 00:00:00,121.7436,21.7,21.7,1018.1,0.0,0.0,
2017-06-15 01:00:00,120.1032,21.7,21.7,1017.7,0.0,0.0,6.0
2017-06-15 02:00:00,117.46260000000001,21.7,21.7,1017.1,0.0,0.0,
2017-06-15 03:00:00,118.7029,21.1,21.1,1016.7,1.5,90.0,
2017-06-15 04:00:00,120.3432,21.1,21.1,1016.5,0.0,0.0,
2017-06-15 05:00:00,120.66329999999999,21.7,21.7,1016.6,0.0,0.0,
2017-06-15 06:00:00,122.3036,21.7,21.7,1016.9,0.0,0.0,
2017-06-15 07:00:00,120.1032,22.2,22.2,1017.1,1.5,140.0,6.0
2017-06-15 08:00:00,117.1027,23.3,22.2,1017.6,1.5,140.0,
2017-06-15 09:00:00,117.5427,24.4,23.3,1017.8,0.0,0.0,
2017-06-15 10:00:00,118.06280000000001,26.1,23.9,1017.8,3.1,170.0,
2017-06-15 11:00:00,118.1828,26.7,23.9,1017.7,2.1,,
2017-06-15 12:00:00,111.9416,28.3,23.3,1016.7,2.1,,4.0
2017-06-15 13:00:00,98.7791,28.9,22.8,1016.1,2.1,230.0,6.0
2017-06-15 14:00:00,97.7388,25.0,22.2,1016.4,9.3,100.0,
2017-06-15 15:00:00,93.8181,22.8,21.7,1016.7,5.1,150.0,
2017-06-15 16:00:00,86.6568,22.2,22.2,1016.6,3.1,170.0,
2017-06-15 17:00:00,87.4169,22.2,22.2,1016.9,4.6,220.0,
2017-06-15 18:00:00,81.3757,22.2,22.2,1016.1,3.6,200.0,
2017-06-15 19:00:00,83.2961,22.2,22.2,1015.7,2.6,190.0,8.0
2017-06-15 20:00:00,86.4567,21.7,21.7,1015.2,1.5,200.0,
2017-06-15 21:00:00,87.897,21.7,21.7,1015.5,1.5,170.0,
2017-06-15 22:00:00,85.3365,21.7,21.7,1016.2,2.1,130.0,
2017-06-15 23:00:00,113.02189999999999,21.1,21.1,1015.9,1.5,170.0,
2017-06-16 00:00:00,117.5427,21.7,21.7,1015.6,0.0,0.0,
2017-06-16 01:00:00,121.8236,21.7,21.7,1015.3,1.5,230.0,4.0
2017-06-16 02:00:00,122.5437,20.6,20.6,1014.6,2.1,160.0,2.0
2017-06-16 03:00:00,125.22409999999999,21.1,21.1,1014.3,0.0,0.0,4.0
2017-06-16 04:00:00,120.7433,21.1,21.1,1014.1,2.1,210.0,2.0
2017-06-16 05:00:00,118.2628,20.6,20.6,1014.2,2.1,210.0,4.0
2017-06-16 06:00:00,127.1046,20.6,20.6,1014.7,2.1,230.0,4.0
2017-06-16 07:00:00,125.7042,22.2,22.2,1014.8,2.6,210.0,4.0
2017-06-16 08:00:00,120.6233,23.9,22.2,1015.2,3.6,210.0,4.0
2017-06-16 09:00:00,115.9824,25.6,22.8,1014.8,2.6,240.0,4.0
2017-06-16 10:00:00,116.2225,27.2,22.8,1014.6,2.1,290.0,
2017-06-16 11:00:00,101.4195,27.2,22.8,1014.3,0.0,0.0,
2017-06-16 12:00:00,99.0191,28.9,23.3,1013.8,4.1,170.0,
2017-06-16 13:00:00,98.3389,28.3,22.8,1013.1,2.6,180.0,6.0
2017-06-16 14:00:00,98.41900000000001,21.7,21.7,1013.9,3.1,360.0,
2017-06-16 15:00:00,91.77770000000001,22.2,22.2,1013.5,3.1,210.0,
2017-06-16 16:00:00,87.937,22.8,22.2,1013.8,0.0,0.0,
2017-06-16 17:00:00,101.8197,23.3,22.8,1013.7,2.1,,
2017-06-16 18:00:00,114.142,22.8,22.8,1014.0,3.6,90.0,
2017-06-16 19:00:00,114.022,22.8,22.8,1013.2,3.6,130.0,8.0
2017-06-16 20:00:00,114.7422,21.7,21.7,1012.9,4.1,150.0,
2017-06-16 21:00:00,116.3425,21.7,21.7,1012.6,3.6,180.0,
2017-06-16 22:00:00,117.10260000000001,21.1,21.1,1013.2,2.1,190.0,4.0
2017-06-16 23:00:00,116.9426,21.1,21.1,1013.6,1.5,180.0,
2017-06-17 00:00:00,122.90370000000001,21.7,21.7,1013.8,0.0,0.0,
2017-06-17 01:00:00,118.1028,21.1,21.1,1013.2,1.5,140.0,2.0
2017-06-17 02:00:00,124.7841,21.1,21.1,1013.3,0.0,0.0,2.0
2017-06-17 03:00:00,122.06360000000001,21.1,21.1,1012.9,0.0,0.0,2.0
2017-06-17 04:00:00,121.10340000000001,20.6,20.6,1012.8,0.0,0.0,2.0
2017-06-17 05:00:00,122.7437,21.1,21.1,1013.6,1.5,150.0,2.0
2017-06-17 06:00:00,120.9434,21.1,21.1,1014.0,0.0,0.0,2.0
2017-06-17 07:00:00,117.14259999999999,22.2,22.2,1014.0,2.6,180.0,6.0
2017-06-17 08:00:00,122.2236,22.8,22.8,1014.3,2.6,190.0,
2017-06-17 09:00:00,121.1033,25.0,23.9,1014.3,1.5,220.0,2.0
2017-06-17 10:00:00,128.6648,27.2,23.3,1014.4,1.5,230.0,4.0
2017-06-17 11:00:00,113.5419,28.3,22.2,1014.4,3.1,230.0,4.0
2017-06-17 12:00:00,94.37819999999999,29.4,22.2,1014.1,0.0,0.0,4.0
2017-06-17 13:00:00,96.8987,30.6,21.7,1013.5,3.6,180.0,4.0
2017-06-17 14:00:00,95.41839999999999,31.1,21.1,1012.9,3.1,140.0,
2017-06-17 15:00:00,94.6983,31.1,20.0,1012.6,2.1,190.0,4.0
2017-06-17 16:00:00,95.5385,31.7,21.1,1011.8,2.6,180.0,4.0
2017-06-17 17:00:00,96.5386,26.7,22.8,1012.5,8.8,140.0,
2017-06-17 18:00:00,96.4186,25.6,22.2,1012.9,4.6,140.0,
2017-06-17 19:00:00,96.21860000000001,25.6,22.8,1013.3,4.6,160.0,8.0
2017-06-17 20:00:00,96.0985,24.4,23.3,1014.1,1.5,240.0,
2017-06-17 21:00:00,97.0988,25.0,23.3,1014.5,0.0,0.0,4.0
2017-06-17 22:00:00,97.0587,23.9,23.9,1014.6,3.1,140.0,4.0
2017-06-17 23:00:00,96.17850000000001,23.3,23.3,1014.5,0.0,0.0,2.0
2017-06-18 00:00:00,95.6185,22.8,22.8,1014.3,2.6,170.0,0.0
2017-06-18 01:00:00,93.578,22.8,22.8,1013.9,2.1,160.0,2.0
2017-06-18 02:00:00,95.61840000000001,22.8,22.8,1013.3,2.1,150.0,2.0
2017-06-18 03:00:00,96.8587,23.3,23.3,1013.2,0.0,0.0,0.0
2017-06-18 04:00:00,96.7387,23.3,23.3,1013.5,0.0,0.0,2.0
2017-06-18 05:00:00,96.3786,22.8,22.8,1013.8,1.5,110.0,2.0
2017-06-18 06:00:00,94.4182,22.8,22.8,1014.3,0.0,0.0,2.0
2017-06-18 07:00:00,91.7377,24.4,24.4,1015.0,2.1,80.0,2.0
2017-06-18 08:00:00,95.69840000000002,26.1,25.6,1015.2,2.6,,2.0
2017-06-18 09:00:00,106.82069999999999,27.2,24.4,1015.7,1.5,100.0,4.0
2017-06-18 10:00:00,102.81989999999999,28.9,22.8,1015.6,2.6,130.0,
2017-06-18 11:00:00,104.4601,30.0,22.8,1015.4,3.6,150.0,4.0
2017-06-18 12:00:00,95.8985,30.6,21.7,1014.8,2.6,200.0,4.0
2017-06-18 13:00:00,96.4186,31.7,20.6,1014.4,2.6,170.0,6.0
2017-06-18 14:00:00,97.8989,31.7,21.7,1014.1,2.6,,
2017-06-18 15:00:00,96.73859999999999,25.0,25.0,1015.1,5.7,120.0,
2017-06-18 16:00:00,92.05770000000001,25.6,23.3,1014.3,3.1,80.0,
2017-06-18 17:00:00,95.17830000000001,25.6,25.0,1013.7,7.2,150.0,
2017-06-18 18:00:00,96.45859999999999,25.0,23.9,1014.7,5.1,150.0,
2017-06-18 19:00:00,96.2586,25.0,23.9,1015.4,6.2,170.0,6.0
2017-06-18 20:00:00,96.49860000000001,23.3,21.7,1015.2,5.7,170.0,
2017-06-18 21:00:00,98.13900000000001,23.3,22.2,1015.5,2.6,180.0,
2017-06-18 22:00:00,97.5389,23.3,22.2,1015.7,2.6,140.0,
2017-06-18 23:00:00,95.61850000000001,23.3,22.2,1016.6,0.0,0.0,
2017-06-19 00:00:00,96.6586,23.3,22.2,1016.6,0.0,0.0,
2017-06-19 01:00:00,96.6986,23.3,22.8,1016.2,0.0,0.0,8.0
2017-06-19 02:00:00,96.8586,23.3,22.8,1015.6,2.1,40.0,
2017-06-19 03:00:00,98.21889999999999,23.3,22.8,1015.1,0.0,0.0,
2017-06-19 04:00:00,97.6188,22.8,22.8,1014.8,2.1,80.0,
2017-06-19 05:00:00,96.3786,22.8,22.8,1014.8,2.6,80.0,
2017-06-19 06:00:00,95.57849999999999,23.3,23.3,1015.3,2.1,80.0,
2017-06-19 07:00:00,96.3786,24.4,23.9,1015.9,3.6,110.0,6.0
2017-06-19 08:00:00,97.2188,26.1,24.4,1016.4,2.6,120.0,
2017-06-19 09:00:00,96.5787,27.8,24.4,1016.4,5.7,110.0,
2017-06-19 10:00:00,98.299,28.9,23.9,1016.2,5.1,140.0,4.0
2017-06-19 11:00:00,100.4194,29.4,22.8,1016.1,6.2,170.0,
2017-06-19 12:00:00,96.0585,30.6,23.9,1015.2,5.1,120.0,
2017-06-19 13:00:00,97.0587,23.3,23.3,1016.4,4.6,160.0,8.0
2017-06-19 14:00:00,97.33879999999999,23.9,23.9,1015.9,1.5,180.0,
2017-06-19 15:00:00,96.6586,25.0,23.3,1016.4,6.7,180.0,
2017-06-19 16:00:00,115.7424,23.3,22.8,1016.5,5.1,200.0,
2017-06-19 17:00:00,115.54230000000001,23.3,22.8,1016.6,3.1,160.0,
2017-06-19 18:00:00,115.98230000000001,23.3,22.8,1016.3,3.6,150.0,
2017-06-20 01:00:00,80.37559999999999,22.8,22.8,1016.9,2.6,70.0,8.0
2017-06-20 02:00:00,97.33879999999999,22.8,22.8,1016.4,2.6,80.0,
2017-06-20 03:00:00,116.7425,23.3,23.3,1016.0,3.1,80.0,
2017-06-20 04:00:00,117.74270000000001,23.9,23.9,1016.1,2.1,90.0,
2017-06-20 05:00:00,117.1426,23.9,23.9,1016.2,2.6,90.0,
2017-06-20 06:00:00,116.0224,24.4,24.4,1016.3,3.6,120.0,
2017-06-20 07:00:00,114.382,25.6,24.4,1016.8,4.6,110.0,6.0
2017-06-20 08:00:00,116.9426,26.1,24.4,1017.1,5.1,130.0,
2017-06-20 09:00:00,117.58269999999999,27.2,24.4,1017.3,6.2,130.0,
2017-06-20 10:00:00,118.22290000000001,28.3,24.4,1017.0,6.2,150.0,
2017-06-20 11:00:00,102.5398,29.4,23.9,1016.8,5.7,130.0,
2017-06-20 12:00:00,100.0193,29.4,23.9,1016.5,4.6,130.0,
2017-06-20 13:00:00,99.6992,31.1,23.9,1015.6,4.1,130.0,6.0
2017-06-20 14:00:00,99.8592,31.1,22.8,1015.1,4.1,130.0,
2017-06-20 15:00:00,100.8195,31.1,22.2,1014.7,5.7,140.0,
2017-06-20 16:00:00,100.21940000000001,30.6,22.8,1014.2,6.7,110.0,
2017-06-20 17:00:00,101.37960000000001,30.6,23.3,1014.0,6.2,110.0,
2017-06-20 18:00:00,100.7795,28.3,23.9,1014.5,5.7,110.0,
2017-06-20 19:00:00,99.2192,27.8,23.9,1015.2,5.1,100.0,6.0
2017-06-20 20:00:00,95.9785,26.7,23.9,1015.7,5.1,120.0,
2017-06-20 21:00:00,96.7387,26.1,23.9,1016.2,5.7,110.0,
2017-06-20 22:00:00,96.3786,25.6,23.9,1016.9,5.1,120.0,
2017-06-20 23:00:00,105.94040000000001,25.0,24.4,1017.3,4.1,130.0,
2017-06-21 00:00:00,117.86280000000001,25.0,24.4,1017.0,3.6,120.0,
2017-06-21 01:00:00,118.3829,24.4,24.4,1016.6,3.1,120.0,4.0
2017-06-21 02:00:00,117.3827,24.4,24.4,1016.0,2.6,110.0,2.0
2017-06-21 03:00:00,118.5428,24.4,24.4,1015.8,3.6,120.0,
2017-06-21 04:00:00,117.02260000000001,23.9,23.9,1015.5,4.1,120.0,
2017-06-21 05:00:00,116.4624,24.4,24.4,1016.0,4.1,120.0,
2017-06-21 06:00:00,113.78200000000001,24.4,24.4,1016.0,4.1,120.0,
2017-06-21 07:00:00,113.9019,25.6,25.0,1016.8,3.6,140.0,6.0
2017-06-21 08:00:00,116.9426,26.7,25.0,1017.1,4.1,150.0,
2017-06-21 09:00:00,117.62270000000001,28.3,25.0,1017.1,6.2,150.0,
2017-06-21 10:00:00,110.0213,28.3,25.0,1017.3,5.7,140.0,
2017-06-21 11:00:00,99.73920000000001,30.0,25.0,1017.5,3.6,160.0,
2017-06-21 12:00:00,100.0193,30.6,23.9,1017.0,5.7,160.0,
2017-06-21 13:00:00,101.9397,31.7,23.9,1016.6,5.1,160.0,6.0
2017-06-21 14:00:00,101.7796,31.7,23.3,1016.1,4.6,170.0,
2017-06-21 15:00:00,101.37950000000001,31.7,24.4,1015.7,5.1,90.0,
2017-06-21 16:00:00,101.2595,30.6,25.6,1015.4,3.6,120.0,
2017-06-21 17:00:00,101.5796,30.6,24.4,1015.3,5.1,110.0,
2017-06-21 18:00:00,101.89959999999999,30.0,25.0,1015.9,4.6,110.0,
2017-06-21 19:00:00,101.1796,24.4,23.9,1017.1,3.1,130.0,8.0
2017-06-21 20:00:00,96.1785,25.6,24.4,1017.9,0.0,0.0,
2017-06-21 21:00:00,96.5787,25.6,24.4,1018.3,2.1,240.0,
2017-06-21 22:00:00,94.89840000000001,25.0,24.4,1018.9,1.5,130.0,
2017-06-21 23:00:00,107.26070000000001,25.0,25.0,1019.4,2.1,90.0,
2017-06-22 00:00:00,119.1831,24.4,24.4,1019.2,1.5,100.0,
2017-06-22 01:00:00,117.74270000000001,23.9,23.9,1018.7,2.6,110.0,8.0
2017-06-22 02:00:00,115.98240000000001,23.9,23.9,1018.2,0.0,0.0,
2017-06-22 03:00:00,115.78229999999999,23.3,23.3,1017.9,1.5,80.0,
2017-06-22 04:00:00,115.7824,23.3,23.3,1017.6,1.5,90.0,
2017-06-22 05:00:00,115.3423,23.3,23.3,1017.8,2.6,120.0,
2017-06-22 06:00:00,114.9422,23.9,23.9,1018.0,2.6,120.0,
2017-06-22 07:00:00,115.4623,23.9,23.9,1018.3,2.6,120.0,8.0
2017-06-22 08:00:00,118.7029,26.1,26.1,1018.6,4.1,150.0,
2017-06-22 09:00:00,109.4211,26.7,25.6,1019.2,3.6,170.0,4.0
2017-06-22 10:00:00,101.77959999999999,28.9,25.0,1018.9,4.1,150.0,4.0
2017-06-22 11:00:00,101.8996,30.0,24.4,1018.8,3.6,140.0,4.0
2017-06-22 12:00:00,102.0997,31.1,23.9,1018.3,3.6,120.0,4.0
2017-06-22 13:00:00,102.93979999999999,31.7,23.9,1017.5,2.6,170.0,4.0
2017-06-22 14:00:00,102.7798,31.7,23.3,1017.1,3.1,140.0,4.0
2017-06-22 15:00:00,104.86030000000001,31.7,24.4,1016.8,4.6,100.0,4.0
2017-06-22 16:00:00,104.1401,31.1,23.9,1016.5,5.1,110.0,
2017-06-22 17:00:00,104.0601,31.1,22.8,1016.5,5.7,110.0,4.0
2017-06-22 18:00:00,103.13990000000001,30.0,22.2,1016.3,6.2,100.0,2.0
2017-06-22 19:00:00,98.9391,28.3,22.2,1016.6,5.7,110.0,4.0
2017-06-22 20:00:00,97.2988,26.7,22.8,1017.4,5.1,110.0,2.0
2017-06-22 21:00:00,107.3407,25.6,23.3,1018.2,4.6,120.0,0.0
2017-06-22 22:00:00,118.3028,25.0,23.9,1019.0,3.1,120.0,0.0
2017-06-22 23:00:00,115.4623,24.4,23.9,1019.1,3.1,130.0,0.0
2017-06-23 00:00:00,115.3423,23.9,23.9,1018.9,2.6,120.0,0.0
2017-06-23 01:00:00,114.7422,23.3,23.3,1018.3,0.0,0.0,0.0
2017-06-23 02:00:00,115.82239999999999,22.8,22.8,1017.6,0.0,0.0,2.0
2017-06-23 03:00:00,113.0618,22.2,22.2,1017.2,1.5,150.0,4.0
2017-06-23 04:00:00,112.98179999999999,22.8,22.8,1017.0,0.0,0.0,2.0
2017-06-23 05:00:00,114.102,22.2,22.2,1017.1,0.0,0.0,4.0
2017-06-23 06:00:00,115.4222,22.2,22.2,1017.5,0.0,0.0,
2017-06-23 07:00:00,117.1827,23.9,23.9,1018.0,2.1,130.0,4.0
2017-06-23 08:00:00,116.1824,25.6,23.9,1018.4,4.1,150.0,4.0
2017-06-23 09:00:00,116.9826,26.7,23.3,1018.2,5.7,150.0,4.0
2017-06-23 10:00:00,113.8219,27.8,22.8,1018.4,4.1,140.0,4.0
2017-06-23 11:00:00,116.82249999999999,28.9,21.7,1017.9,4.1,140.0,4.0
2017-06-23 12:00:00,104.1001,30.0,21.1,1017.6,3.1,170.0,4.0
2017-06-23 13:00:00,97.6589,31.1,21.1,1016.9,1.5,150.0,6.0
2017-06-23 14:00:00,99.3391,31.7,21.1,1016.4,4.6,180.0,
2017-06-23 15:00:00,98.81909999999999,32.2,21.7,1015.9,3.6,190.0,
2017-06-23 16:00:00,98.299,31.1,23.9,1015.6,5.1,100.0,
2017-06-23 17:00:00,100.1394,30.0,23.9,1015.3,5.7,100.0,
2017-06-23 18:00:00,99.7793,30.0,23.9,1015.4,5.1,110.0,
2017-06-23 19:00:00,99.25909999999999,28.3,24.4,1015.6,6.2,120.0,6.0
2017-06-23 20:00:00,97.09870000000001,27.2,23.9,1016.0,6.2,120.0,4.0
2017-06-23 21:00:00,97.25880000000001,26.1,23.9,1016.8,3.1,130.0,2.0
2017-06-23 22:00:00,95.7385,25.0,23.9,1017.4,2.1,140.0,4.0
2017-06-23 23:00:00,105.8604,25.6,23.3,1018.0,3.1,140.0,4.0
2017-06-24 00:00:00,118.7029,25.0,23.3,1018.1,2.6,150.0,2.0
2017-06-24 01:00:00,119.66309999999999,24.4,23.3,1017.7,2.1,140.0,4.0
2017-06-24 02:00:00,118.3428,23.9,23.9,1017.1,1.5,180.0,2.0
2017-06-24 03:00:00,117.46270000000001,23.3,23.3,1016.9,2.6,160.0,2.0
2017-06-24 04:00:00,116.9025,22.8,22.8,1016.9,2.6,160.0,2.0
2017-06-24 05:00:00,116.3024,22.8,22.8,1016.8,2.6,170.0,2.0
2017-06-24 06:00:00,114.9422,22.8,22.8,1017.4,2.1,190.0,4.0
2017-06-24 07:00:00,113.42179999999999,23.9,23.9,1018.0,3.6,190.0,4.0
2017-06-24 08:00:00,114.262,26.1,24.4,1018.2,4.6,180.0,4.0
2017-06-24 09:00:00,124.184,26.7,23.9,1018.4,3.1,200.0,4.0
2017-06-24 10:00:00,98.6191,28.9,22.8,1018.7,3.6,210.0,
2017-06-24 11:00:00,96.9387,30.0,21.7,1018.9,2.6,220.0,4.0
2017-06-24 12:00:00,110.1412,31.1,21.7,1018.6,3.6,160.0,4.0
2017-06-24 13:00:00,96.3386,31.1,21.7,1018.2,2.6,170.0,4.0
2017-06-24 14:00:00,96.4186,32.8,21.7,1017.6,3.1,,
2017-06-24 15:00:00,97.0187,32.8,21.7,1016.9,3.1,220.0,4.0
2017-06-24 16:00:00,96.3786,33.3,21.7,1016.5,3.1,160.0,
2017-06-24 17:00:00,96.2585,31.7,23.3,1016.2,6.2,100.0,
2017-06-24 18:00:00,95.8185,30.6,23.3,1016.3,5.7,130.0,4.0
2017-06-24 19:00:00,95.33840000000001,28.9,23.9,1016.8,4.1,140.0,4.0
2017-06-24 20:00:00,98.379,27.8,23.9,1017.1,6.2,150.0,
2017-06-24 21:00:00,98.81909999999999,27.2,23.9,1018.2,3.6,150.0,
2017-06-24 22:00:00,97.6188,27.2,24.4,1019.2,1.5,290.0,
2017-06-24 23:00:00,98.9391,25.0,24.4,1019.6,3.1,330.0,
2017-06-25 00:00:00,95.8185,24.4,24.4,1019.5,2.1,340.0,
2017-06-25 01:00:00,93.178,24.4,24.4,1019.4,1.5,360.0,8.0
2017-06-25 02:00:00,94.3783,24.4,24.4,1019.1,0.0,0.0,
2017-06-25 03:00:00,94.8583,24.4,24.4,1018.6,1.5,360.0,
2017-06-25 04:00:00,95.45840000000001,24.4,24.4,1018.5,1.5,110.0,
2017-06-25 05:00:00,98.2989,24.4,24.4,1019.0,1.5,70.0,
2017-06-25 06:00:00,99.25909999999999,24.4,24.4,1019.3,0.0,0.0,
2017-06-25 07:00:00,98.0189,25.0,25.0,1019.6,1.5,170.0,6.0
2017-06-25 08:00:00,104.90030000000002,26.1,25.0,1019.8,4.6,170.0,
2017-06-25 09:00:00,109.061,27.8,24.4,1019.8,5.1,200.0,
2017-06-25 10:00:00,92.898,28.3,23.9,1020.1,3.6,180.0,
2017-06-25 11:00:00,93.81809999999999,29.4,23.9,1020.3,3.1,200.0,
2017-06-25 12:00:00,94.0582,30.0,22.8,1019.9,4.1,210.0,
2017-06-25 13:00:00,94.8582,31.7,20.0,1019.5,2.6,190.0,6.0
2017-06-25 14:00:00,95.7385,32.8,18.9,1018.4,3.1,210.0,
2017-06-25 15:00:00,94.6182,32.2,18.9,1017.8,2.6,170.0,
2017-06-25 16:00:00,96.2586,32.8,18.3,1016.9,2.6,190.0,4.0
2017-06-25 17:00:00,97.65889999999999,32.8,18.3,1016.6,2.6,190.0,4.0
2017-06-25 18:00:00,97.3788,31.7,20.0,1017.0,1.5,190.0,
2017-06-25 19:00:00,97.2988,29.4,22.8,1017.6,4.6,320.0,6.0
2017-06-25 20:00:00,97.33879999999999,27.8,23.9,1018.3,5.1,120.0,
2017-06-25 21:00:00,93.93809999999999,24.4,23.9,1019.0,3.1,190.0,
2017-06-25 22:00:00,97.37880000000001,24.4,23.9,1019.3,4.1,240.0,
2017-06-25 23:00:00,96.2185,24.4,23.9,1019.5,2.1,90.0,
2017-06-26 00:00:00,97.4188,23.9,23.9,1019.2,1.5,150.0,
2017-06-26 01:00:00,98.499,25.0,24.4,1018.7,2.6,80.0,8.0
2017-06-26 02:00:00,98.859,25.0,23.9,1018.2,2.1,130.0,
2017-06-26 03:00:00,98.779,24.4,24.4,1017.6,2.1,130.0,
2017-06-26 04:00:00,98.0589,23.3,23.3,1017.7,1.5,140.0,
2017-06-26 05:00:00,98.2589,23.3,23.3,1017.9,2.6,190.0,
2017-06-26 06:00:00,97.1788,23.3,23.3,1017.7,2.1,170.0,
2017-06-26 07:00:00,94.7782,24.4,24.4,1017.9,1.5,190.0,6.0
2017-06-26 08:00:00,96.01850000000002,26.1,24.4,1018.2,2.1,220.0,
2017-06-26 09:00:00,95.61840000000001,27.2,24.4,1018.3,3.6,200.0,
2017-06-26 10:00:00,92.37780000000001,28.9,24.4,1018.3,3.1,200.0,
2017-06-26 11:00:00,96.33860000000001,30.0,23.3,1018.2,2.6,210.0,
2017-06-26 12:00:00,95.6185,31.1,22.8,1017.3,0.0,0.0,
2017-06-26 13:00:00,98.1789,30.6,23.3,1016.7,5.1,240.0,6.0
2017-06-26 14:00:00,101.3396,30.0,20.6,1016.7,3.1,240.0,
2017-06-26 15:00:00,99.5392,29.4,23.3,1016.2,6.2,330.0,
2017-06-26 16:00:00,93.178,26.1,23.3,1016.6,5.1,60.0,
2017-06-26 17:00:00,87.3369,27.2,23.9,1015.5,2.1,,
2017-06-26 18:00:00,82.576,26.7,23.9,1015.4,1.5,,
2017-06-26 19:00:00,82.656,26.1,24.4,1016.2,2.6,90.0,6.0
2017-06-26 20:00:00,103.4999,25.0,24.4,1016.6,4.6,350.0,
2017-06-26 21:00:00,118.4629,25.0,25.0,1017.3,1.5,40.0,
2017-06-26 22:00:00,116.9026,25.0,23.9,1017.2,4.1,50.0,
2017-06-26 23:00:00,116.1824,23.9,23.9,1017.2,3.1,60.0,
2017-06-27 00:00:00,117.8628,23.9,23.9,1017.1,1.5,100.0,
2017-06-27 01:00:00,118.0628,23.9,23.9,1016.2,3.6,150.0,6.0
2017-06-27 02:00:00,117.62270000000001,23.3,23.3,1015.7,1.5,170.0,
2017-06-27 03:00:00,117.7427,22.8,22.8,1015.4,2.1,170.0,
2017-06-27 04:00:00,117.62270000000001,22.8,22.8,1015.2,0.0,0.0,
2017-06-27 05:00:00,115.3022,22.8,22.8,1015.5,0.0,0.0,
2017-06-27 06:00:00,113.3019,22.2,22.2,1015.6,0.0,0.0,4.0
2017-06-27 07:00:00,115.3423,23.9,23.9,1016.0,0.0,0.0,4.0
2017-06-27 08:00:00,116.86250000000001,25.6,23.9,1016.6,3.1,270.0,
2017-06-27 09:00:00,115.5423,26.7,23.3,1016.4,3.1,250.0,
2017-06-27 10:00:00,96.7787,28.9,23.3,1016.4,3.6,320.0,4.0
2017-06-27 11:00:00,99.9793,30.0,22.2,1016.1,3.1,320.0,
2017-06-27 12:00:00,97.6188,31.1,22.8,1015.7,3.1,360.0,
2017-06-27 13:00:00,97.8589,30.6,21.7,1015.0,2.1,320.0,6.0
2017-06-27 14:00:00,99.6592,31.1,21.7,1014.2,0.0,0.0,
2017-06-27 15:00:00,100.33930000000001,30.6,22.2,,4.1,170.0,
2017-06-27 16:00:00,96.05850000000001,25.0,23.9,1014.8,4.6,340.0,
2017-06-27 17:00:00,88.6571,21.7,21.7,1015.1,7.2,90.0,
2017-06-27 18:00:00,88.7771,21.7,21.7,1015.9,2.1,190.0,
2017-06-27 19:00:00,90.3775,21.7,21.7,1016.5,2.6,300.0,8.0
2017-06-27 20:00:00,82.0558,21.7,21.7,1015.9,2.1,240.0,
2017-06-27 21:00:00,104.7402,21.7,21.7,1016.9,0.0,0.0,
2017-06-27 22:00:00,114.90220000000001,21.1,21.1,1017.3,0.0,0.0,
2017-06-27 23:00:00,112.26160000000002,21.7,21.7,1016.9,0.0,0.0,
2017-06-28 00:00:00,112.7818,21.7,21.7,1017.1,2.1,330.0,4.0
2017-06-28 01:00:00,112.5017,20.6,20.6,1016.3,1.5,180.0,2.0
2017-06-28 02:00:00,113.14189999999999,20.0,20.0,1015.4,2.1,190.0,0.0
2017-06-28 03:00:00,114.5821,20.6,20.6,1015.3,0.0,0.0,0.0
2017-06-28 04:00:00,113.5419,20.0,20.0,1015.4,0.0,0.0,2.0
2017-06-28 05:00:00,113.5419,21.1,21.1,1016.2,2.1,10.0,4.0
2017-06-28 06:00:00,113.982,21.1,21.1,1016.9,3.6,360.0,
2017-06-28 07:00:00,119.303,22.2,22.2,1017.6,3.1,10.0,6.0
2017-06-28 08:00:00,129.0249,23.9,23.9,1017.7,3.1,30.0,
2017-06-28 09:00:00,115.4223,25.0,23.9,1018.2,4.1,10.0,
2017-06-28 10:00:00,116.10239999999999,26.7,23.3,1018.2,4.6,30.0,
2017-06-28 11:00:00,107.0207,27.8,23.3,1018.1,4.1,40.0,
2017-06-28 12:00:00,98.8191,29.4,22.8,1017.7,3.1,70.0,4.0
2017-06-28 13:00:00,98.9391,28.9,23.9,1017.4,5.1,90.0,6.0
2017-06-28 14:00:00,101.33959999999999,29.4,23.9,1017.1,4.1,40.0,
2017-06-28 15:00:00,103.22,28.9,23.3,1016.8,5.7,40.0,
2017-06-28 16:00:00,99.9393,29.4,23.3,1016.4,6.7,50.0,
2017-06-28 17:00:00,100.2593,28.9,22.8,1016.8,7.2,70.0,
2017-06-28 18:00:00,101.5796,27.8,22.8,1017.4,6.2,60.0,
2017-06-28 19:00:00,119.223,26.7,22.2,1018.1,4.1,90.0,6.0
2017-06-28 20:00:00,117.7027,26.1,23.9,1018.0,3.1,100.0,
2017-06-28 21:00:00,119.4231,24.4,24.4,1018.9,2.1,140.0,
2017-06-28 22:00:00,116.9026,24.4,24.4,1019.2,2.1,100.0,
2017-06-28 23:00:00,114.7821,24.4,24.4,1018.9,2.1,100.0,
2017-06-29 00:00:00,116.90259999999999,23.9,23.9,1018.5,1.5,120.0,
2017-06-29 01:00:00,116.9425,24.4,24.4,1018.6,2.1,40.0,8.0
2017-06-29 02:00:00,116.5425,23.9,23.9,1018.1,1.5,90.0,
2017-06-29 03:00:00,115.70230000000001,23.3,23.3,1017.9,0.0,0.0,
2017-06-29 04:00:00,114.7021,23.3,23.3,1017.9,1.5,90.0,
2017-06-29 05:00:00,114.5821,22.8,22.8,1018.2,1.5,80.0,
2017-06-29 06:00:00,112.6217,23.3,23.3,1018.7,0.0,0.0,
2017-06-29 07:00:00,111.8215,25.0,25.0,1019.3,0.0,0.0,6.0
2017-06-29 08:00:00,116.2624,25.6,25.0,1019.5,2.1,100.0,
2017-06-29 09:00:00,117.34270000000001,27.2,23.9,1019.5,3.1,100.0,
2017-06-29 10:00:00,100.1794,28.3,22.8,1019.5,2.6,80.0,
2017-06-29 11:00:00,98.73910000000001,28.9,23.3,1019.6,3.6,120.0,
2017-06-29 12:00:00,98.339,30.0,22.8,1019.3,1.5,,
2017-06-29 13:00:00,99.69919999999999,30.6,22.8,1018.8,2.6,,6.0
2017-06-29 14:00:00,99.6993,31.1,22.8,1018.1,3.6,110.0,
2017-06-29 15:00:00,100.6594,30.0,23.3,1017.8,5.1,90.0,
2017-06-29 16:00:00,101.0595,28.9,22.8,1017.5,6.2,110.0,
2017-06-29 17:00:00,101.3396,28.3,22.8,1017.4,6.2,100.0,
2017-06-29 18:00:00,100.9795,27.8,23.3,1018.0,5.7,120.0,
2017-06-29 19:00:00,98.21889999999999,25.6,23.9,1018.4,5.7,100.0,6.0
2017-06-29 20:00:00,97.3788,24.4,24.4,1019.5,3.6,100.0,
2017-06-29 21:00:00,98.299,24.4,24.4,1020.2,2.6,130.0,
2017-06-29 22:00:00,98.139,23.9,23.9,1020.4,1.5,130.0,
2017-06-29 23:00:00,99.2191,23.9,23.9,1019.4,2.6,100.0,
2017-06-30 00:00:00,98.9391,23.9,23.9,1019.2,3.1,100.0,
2017-06-30 01:00:00,98.8991,24.4,24.4,1019.1,0.0,0.0,8.0
2017-06-30 02:00:00,99.3792,23.3,22.8,1018.5,0.0,0.0,
2017-06-30 03:00:00,98.499,23.9,23.9,1018.2,1.5,120.0,
2017-06-30 04:00:00,95.8585,23.3,23.3,1018.0,1.5,130.0,
2017-06-30 05:00:00,94.97829999999999,23.3,23.3,1018.2,1.5,120.0,
2017-06-30 06:00:00,88.6971,23.3,22.8,1018.7,1.5,120.0,
2017-06-30 07:00:00,90.4174,24.4,24.4,1019.2,2.1,140.0,4.0
2017-06-30 08:00:00,97.5388,26.1,25.6,1019.9,3.1,170.0,4.0
2017-06-30 09:00:00,111.38149999999999,27.2,24.4,1019.8,3.6,140.0,4.0
2017-06-30 10:00:00,97.6588,27.8,23.3,1020.1,3.1,220.0,4.0
2017-06-30 11:00:00,97.8989,29.4,23.3,1020.1,0.0,0.0,4.0
2017-06-30 12:00:00,97.4988,30.0,22.8,1019.6,3.1,250.0,
2017-06-30 13:00:00,101.4196,31.1,22.8,1018.8,1.5,250.0,6.0
2017-06-30 14:00:00,101.4596,32.8,22.2,1017.8,3.6,210.0,
2017-06-30 15:00:00,101.0195,31.7,22.2,1017.7,1.5,120.0,
2017-06-30 16:00:00,90.3374,25.0,21.1,1018.4,3.1,70.0,
2017-06-30 17:00:00,102.4598,25.6,21.7,1019.2,1.5,,
2017-06-30 18:00:00,114.102,25.6,22.8,1018.3,0.0,0.0,
2017-06-30 19:00:00,114.2221,25.6,23.3,1019.1,3.1,100.0,6.0
2017-06-30 20:00:00,115.3423,25.0,24.4,1019.6,3.1,110.0,
2017-06-30 21:00:00,114.3421,24.4,24.4,1020.0,2.1,180.0,
2017-06-30 22:00:00,114.6221,25.0,24.4,1020.4,0.0,0.0,
2017-06-30 23:00:00,117.0625,24.4,24.4,1020.5,0.0,0.0,
2017-07-01 00:00:00,118.50280000000001,23.9,23.9,1020.6,0.0,0.0,
2017-07-01 01:00:00,118.78299999999999,23.9,23.9,1020.0,2.1,150.0,8.0
2017-07-01 02:00:00,119.4231,23.9,23.9,1019.1,1.5,140.0,
2017-07-01 03:00:00,118.7029,23.9,23.9,1018.7,2.1,150.0,
2017-07-01 04:00:00,118.4629,23.3,23.3,1018.5,2.1,150.0,4.0
2017-07-01 05:00:00,117.62270000000001,23.3,23.3,1019.0,1.5,150.0,
2017-07-01 06:00:00,117.0626,26.1,26.1,1019.8,1.5,150.0,
2017-07-01 07:00:00,116.7425,25.0,25.0,1020.5,3.1,170.0,4.0
2017-07-01 08:00:00,121.54339999999999,26.7,25.0,1021.1,3.6,180.0,4.0
2017-07-01 09:00:00,129.2649,27.8,24.4,1021.5,4.1,180.0,
2017-07-01 10:00:00,116.7825,28.9,24.4,1021.3,3.6,180.0,
2017-07-01 11:00:00,97.09870000000001,30.0,23.9,1021.0,2.6,,
2017-07-01 12:00:00,96.3786,31.1,23.9,1020.5,3.1,220.0,
2017-07-01 13:00:00,96.61869999999999,30.6,23.3,1020.1,3.1,170.0,6.0
2017-07-01 14:00:00,94.73830000000001,31.0,23.0,1019.7,6.2,230.0,
2017-07-01 15:00:00,85.3365,22.8,22.8,,8.2,360.0,
2017-07-01 16:00:00,88.337,22.8,22.2,1021.2,4.1,70.0,
2017-07-01 17:00:00,91.0176,22.8,22.8,1020.2,0.0,0.0,
2017-07-01 18:00:00,91.7777,23.3,23.3,1020.0,2.1,160.0,
2017-07-01 19:00:00,92.9779,23.3,23.3,1020.0,3.1,110.0,6.0
2017-07-01 20:00:00,92.3378,22.8,22.8,1019.8,3.1,180.0,
2017-07-01 21:00:00,93.458,22.8,22.8,1020.3,1.5,190.0,2.0
2017-07-01 22:00:00,92.77789999999999,22.2,22.2,1020.8,0.0,0.0,4.0
2017-07-01 23:00:00,94.4182,22.8,22.8,1021.3,0.0,0.0,
2017-07-02 00:00:00,96.8587,23.3,23.3,1021.7,0.0,0.0,
2017-07-02 01:00:00,97.0587,21.7,21.7,1021.1,0.0,0.0,6.0
2017-07-02 02:00:00,98.499,22.8,22.8,1021.1,0.0,0.0,
2017-07-02 03:00:00,98.6191,22.8,22.8,1020.9,0.0,0.0,4.0
2017-07-02 04:00:00,98.299,21.7,21.7,1020.6,1.5,160.0,4.0
2017-07-02 05:00:00,97.8189,21.7,21.1,1020.7,0.0,0.0,4.0
2017-07-02 06:00:00,97.0587,22.2,22.2,1021.2,0.0,0.0,4.0
2017-07-02 07:00:00,96.7387,23.9,23.9,1021.5,1.5,120.0,6.0
2017-07-02 08:00:00,97.33879999999999,25.0,25.0,1021.8,0.0,0.0,
2017-07-02 09:00:00,96.8987,27.2,25.0,1021.6,1.5,180.0,
2017-07-02 10:00:00,98.4989,28.3,23.9,1021.5,2.6,220.0,
2017-07-02 11:00:00,99.2191,29.4,22.8,1021.5,2.6,200.0,
2017-07-02 12:00:00,99.3391,30.0,23.3,1021.2,0.0,0.0,
2017-07-02 13:00:00,97.1387,30.6,22.2,1020.9,2.6,200.0,6.0
2017-07-02 14:00:00,97.93889999999999,32.2,22.8,1020.2,0.0,0.0,
2017-07-02 15:00:00,99.2191,32.2,21.7,1019.3,1.5,200.0,
2017-07-02 16:00:00,99.0591,31.7,21.7,1018.9,3.1,170.0,
2017-07-02 17:00:00,100.1793,32.2,21.1,1018.6,2.1,160.0,
2017-07-02 18:00:00,101.6996,30.6,23.3,1018.8,3.1,170.0,
2017-07-02 19:00:00,99.8193,28.9,22.8,1020.2,2.1,,6.0
2017-07-02 20:00:00,98.2189,26.7,25.0,1020.5,3.1,10.0,
2017-07-02 21:00:00,98.8991,26.1,24.4,1020.4,3.1,180.0,4.0
2017-07-02 22:00:00,99.0591,26.1,25.0,1021.1,1.5,100.0,
2017-07-02 23:00:00,99.0191,26.1,25.0,1020.8,3.1,130.0,
2017-07-03 00:00:00,100.0193,25.6,24.4,1020.4,3.1,160.0,4.0
2017-07-03 01:00:00,98.899,24.4,23.9,1019.5,2.6,160.0,2.0
2017-07-03 02:00:00,97.1387,24.4,23.9,1019.0,2.6,170.0,0.0
2017-07-03 03:00:00,96.6986,24.4,23.9,1018.7,2.1,170.0,0.0
2017-07-03 04:00:00,97.53890000000001,23.9,23.9,1018.7,2.6,150.0,0.0
2017-07-03 05:00:00,95.0183,23.9,23.9,1018.7,0.0,0.0,4.0
2017-07-03 06:00:00,93.618,23.9,23.9,1019.2,0.0,0.0,4.0
2017-07-03 07:00:00,94.8183,25.6,25.0,1019.7,2.1,170.0,2.0
2017-07-03 08:00:00,99.4192,27.2,23.9,1020.4,4.1,200.0,2.0
2017-07-03 09:00:00,113.0218,28.9,23.3,1020.5,3.6,200.0,2.0
2017-07-03 10:00:00,98.73910000000001,30.0,23.3,1020.5,3.6,200.0,4.0
2017-07-03 11:00:00,98.9391,31.1,23.3,1020.4,2.6,150.0,4.0
2017-07-03 12:00:00,96.8187,32.2,23.3,1020.0,2.1,,4.0
2017-07-03 13:00:00,99.3791,31.7,22.2,1019.4,2.6,170.0,6.0
2017-07-03 14:00:00,99.7793,33.3,22.8,1018.4,3.6,120.0,
2017-07-03 15:00:00,102.85990000000001,33.9,20.0,1017.6,3.6,130.0,
2017-07-03 16:00:00,99.89930000000001,28.0,22.0,1019.2,9.3,270.0,
2017-07-03 17:00:00,97.8989,24.0,20.0,1019.0,4.1,350.0,
2017-07-03 18:00:00,95.5384,23.9,21.1,1018.4,3.6,70.0,
2017-07-03 19:00:00,94.9383,25.6,20.6,1017.7,2.1,60.0,6.0
2017-07-03 20:00:00,94.6182,23.9,21.1,1019.1,3.1,240.0,
2017-07-03 21:00:00,96.6586,23.3,21.7,1019.9,0.0,0.0,
2017-07-03 22:00:00,95.9385,24.4,22.2,1020.4,2.1,120.0,
2017-07-03 23:00:00,97.1387,23.3,22.2,1020.3,1.5,140.0,
2017-07-04 00:00:00,97.5788,23.3,22.8,1019.6,2.6,140.0,
2017-07-04 01:00:00,96.7387,23.9,22.2,1019.4,0.0,0.0,2.0
2017-07-04 02:00:00,96.2585,23.3,22.8,1018.5,1.5,160.0,0.0
2017-07-04 03:00:00,96.6987,22.8,22.8,1018.3,1.5,170.0,0.0
2017-07-04 04:00:00,96.6586,23.9,23.3,1018.3,0.0,0.0,0.0
2017-07-04 05:00:00,95.85849999999999,23.3,22.8,1018.5,0.0,0.0,0.0
2017-07-04 06:00:00,95.9385,23.9,23.3,1018.9,0.0,0.0,
2017-07-04 07:00:00,96.8187,25.0,23.9,1019.6,0.0,0.0,0.0
2017-07-04 08:00:00,95.2184,27.2,23.9,1020.0,3.1,200.0,0.0
2017-07-04 09:00:00,97.1388,29.4,24.4,1020.2,3.1,190.0,
2017-07-04 10:00:00,95.6585,30.6,22.8,1020.1,2.1,230.0,
2017-07-04 11:00:00,98.339,30.6,22.8,1020.0,0.0,0.0,
2017-07-04 12:00:00,100.5394,32.2,22.8,1019.6,0.0,0.0,
2017-07-04 13:00:00,99.7792,32.8,22.2,1019.1,1.5,310.0,6.0
2017-07-04 14:00:00,99.2192,32.8,21.7,1018.9,2.1,,
2017-07-04 15:00:00,99.7792,29.4,23.3,1018.5,3.6,260.0,
2017-07-04 16:00:00,98.41900000000001,28.3,23.9,,6.7,160.0,
2017-07-04 17:00:00,96.6187,22.8,21.1,,7.7,100.0,
2017-07-04 18:00:00,95.29839999999999,24.4,23.3,1019.2,2.6,160.0,
2017-07-04 19:00:00,96.21860000000001,25.6,23.3,1018.2,3.1,100.0,6.0
2017-07-04 20:00:00,97.4588,25.6,23.3,1018.4,4.1,90.0,
2017-07-04 21:00:00,97.93889999999999,25.6,23.3,1019.4,2.1,110.0,0.0
2017-07-04 22:00:00,98.0589,23.9,23.3,1020.4,1.5,170.0,0.0
2017-07-04 23:00:00,98.57900000000001,24.4,23.3,1020.4,2.1,130.0,2.0
2017-07-05 00:00:00,97.0187,24.4,23.9,1020.4,2.1,140.0,2.0
2017-07-05 01:00:00,97.33879999999999,23.9,23.9,1020.1,2.1,170.0,2.0
2017-07-05 02:00:00,97.2987,24.4,24.4,1019.7,0.0,0.0,2.0
2017-07-05 03:00:00,97.9389,23.9,23.9,1019.8,0.0,0.0,2.0
2017-07-05 04:00:00,96.7787,23.9,23.9,1019.9,0.0,0.0,2.0
2017-07-05 05:00:00,97.3788,23.3,23.3,1020.3,0.0,0.0,2.0
2017-07-05 06:00:00,98.259,23.3,23.3,1020.6,0.0,0.0,4.0
2017-07-05 07:00:00,96.2986,25.6,25.6,1020.9,0.0,0.0,2.0
2017-07-05 08:00:00,98.539,27.2,25.6,1021.3,0.0,0.0,2.0
2017-07-05 09:00:00,98.899,28.9,24.4,1021.2,2.6,110.0,2.0
2017-07-05 10:00:00,99.4991,30.0,23.3,1021.4,1.5,,2.0
2017-07-05 11:00:00,100.17930000000001,31.1,22.2,1020.9,2.1,,2.0
2017-07-05 12:00:00,101.4596,32.2,22.2,1020.6,1.5,,4.0
2017-07-05 13:00:00,101.4195,33.3,22.2,1020.5,1.5,90.0,4.0
2017-07-05 14:00:00,102.49969999999999,33.3,21.7,1020.3,3.1,110.0,4.0
2017-07-05 15:00:00,104.5402,34.4,21.1,1019.6,1.5,,4.0
2017-07-05 16:00:00,102.5398,32.8,22.8,1019.4,6.2,110.0,
2017-07-05 17:00:00,102.5798,31.1,23.9,1019.3,3.6,160.0,
2017-07-05 18:00:00,102.09960000000001,31.7,22.2,1019.1,6.2,110.0,2.0
2017-07-05 19:00:00,100.05930000000001,30.0,22.8,1019.5,5.1,110.0,2.0
2017-07-05 20:00:00,99.09909999999999,28.3,23.3,1020.4,4.1,120.0,2.0
2017-07-05 21:00:00,99.3392,27.8,24.4,1021.0,3.6,110.0,0.0
2017-07-05 22:00:00,97.6588,27.2,24.4,1021.4,3.1,120.0,0.0
2017-07-05 23:00:00,98.73910000000001,26.7,24.4,1021.2,3.1,130.0,0.0
2017-07-06 00:00:00,99.8593,25.6,24.4,1021.1,2.1,130.0,0.0
2017-07-06 01:00:00,100.1793,25.0,24.4,1020.7,2.6,140.0,0.0
2017-07-06 02:00:00,99.3391,24.4,24.4,1020.2,2.1,140.0,0.0
2017-07-06 03:00:00,98.9791,23.9,23.9,1019.6,2.1,160.0,0.0
2017-07-06 04:00:00,97.8989,23.9,23.9,1019.6,1.5,130.0,0.0
2017-07-06 05:00:00,97.4988,24.4,24.4,1019.9,1.5,300.0,0.0
2017-07-06 06:00:00,94.8983,23.3,23.3,1020.4,1.5,140.0,2.0
2017-07-06 07:00:00,95.8185,26.7,25.0,1021.0,0.0,0.0,2.0
2017-07-06 08:00:00,100.4994,27.2,25.0,1021.5,2.1,140.0,2.0
2017-07-06 09:00:00,99.2991,28.9,24.4,1021.7,2.1,180.0,4.0
2017-07-06 10:00:00,101.2195,30.0,22.8,1021.9,2.1,120.0,4.0
2017-07-06 11:00:00,101.61959999999999,31.7,21.7,1021.9,0.0,0.0,4.0
2017-07-06 12:00:00,100.3394,31.7,21.7,1021.5,1.5,180.0,4.0
2017-07-06 13:00:00,99.9393,33.3,21.7,1020.9,2.6,,4.0
2017-07-06 14:00:00,100.13929999999999,34.4,20.0,1020.2,1.5,40.0,
2017-07-06 15:00:00,101.1796,32.8,21.1,1019.6,3.6,100.0,
2017-07-06 16:00:00,99.9793,32.2,22.8,1019.1,5.7,120.0,
2017-07-06 17:00:00,99.7792,32.2,23.9,1018.9,5.1,100.0,
2017-07-06 18:00:00,100.01929999999999,30.0,23.3,1019.0,4.1,100.0,
2017-07-06 19:00:00,98.9791,28.9,23.3,1019.1,4.1,90.0,6.0
2017-07-06 20:00:00,95.6585,28.3,22.8,1019.5,3.6,120.0,
2017-07-06 21:00:00,95.4984,27.2,23.3,1020.0,3.1,130.0,2.0
2017-07-06 22:00:00,96.3786,26.1,24.4,1020.8,2.6,140.0,2.0
2017-07-06 23:00:00,94.4982,25.0,24.4,1020.9,2.1,160.0,2.0
2017-07-07 00:00:00,96.49860000000001,25.6,25.0,1020.4,3.1,150.0,2.0
2017-07-07 01:00:00,97.5788,24.4,24.4,1020.0,1.5,160.0,2.0
2017-07-07 02:00:00,97.33869999999999,25.0,25.0,1019.5,2.6,290.0,2.0
2017-07-07 03:00:00,96.4186,24.4,24.4,1019.1,2.6,170.0,2.0
2017-07-07 04:00:00,95.1383,24.4,24.4,1019.0,0.0,0.0,2.0
2017-07-07 05:00:00,96.89869999999999,24.4,24.4,1019.0,0.0,0.0,2.0
2017-07-07 06:00:00,94.37819999999999,23.9,23.9,1019.6,0.0,0.0,2.0
2017-07-07 07:00:00,100.6594,26.1,25.6,1020.1,0.0,0.0,2.0
2017-07-07 08:00:00,120.38319999999999,27.2,25.6,1020.6,1.5,230.0,4.0
2017-07-07 09:00:00,116.42240000000001,28.9,24.4,1020.6,1.5,,4.0
2017-07-07 10:00:00,100.5394,30.0,23.3,1020.4,2.1,170.0,4.0
2017-07-07 11:00:00,99.6592,31.1,22.2,1020.5,0.0,0.0,4.0
2017-07-07 12:00:00,98.57900000000001,32.8,21.1,1020.5,1.5,,4.0
2017-07-07 13:00:00,99.7393,32.2,21.1,1019.6,0.0,0.0,6.0
2017-07-07 14:00:00,100.6594,33.3,21.1,1018.5,2.1,140.0,
2017-07-07 15:00:00,101.4196,34.4,20.0,1018.2,2.6,100.0,
2017-07-07 16:00:00,101.6996,34.4,18.9,1017.4,2.1,,
2017-07-07 17:00:00,101.9397,33.9,18.9,1017.0,3.6,120.0,
2017-07-07 18:00:00,101.8596,33.3,18.9,1016.9,3.1,130.0,
2017-07-07 19:00:00,101.53960000000001,31.1,23.9,1016.9,6.7,110.0,6.0
2017-07-07 20:00:00,100.1394,27.0,19.0,1018.6,4.1,220.0,
2017-07-07 21:00:00,100.93950000000001,26.1,20.6,1018.4,1.5,220.0,
2017-07-07 22:00:00,99.2992,25.6,20.6,1019.2,0.0,0.0,
2017-07-07 23:00:00,98.8991,25.0,21.7,1019.1,2.6,160.0,
2017-07-08 00:00:00,100.3794,25.6,22.8,1019.1,2.6,190.0,4.0
2017-07-08 01:00:00,100.6194,25.6,23.3,1018.7,3.1,210.0,2.0
2017-07-08 02:00:00,101.2995,24.4,23.3,1018.3,2.1,190.0,2.0
2017-07-08 03:00:00,101.61959999999999,24.4,23.3,1017.9,1.5,220.0,2.0
2017-07-08 04:00:00,101.1396,23.9,23.3,1017.7,1.5,160.0,4.0
2017-07-08 05:00:00,99.1392,24.4,23.9,1018.1,0.0,0.0,4.0
2017-07-08 06:00:00,99.0591,23.9,23.9,1018.4,0.0,0.0,2.0
2017-07-08 07:00:00,99.4591,26.1,24.4,1018.8,0.0,0.0,4.0
2017-07-08 08:00:00,102.1398,27.8,23.9,1019.4,0.0,0.0,4.0
2017-07-08 09:00:00,107.5007,29.4,23.9,1019.6,0.0,0.0,4.0
2017-07-08 10:00:00,114.2621,31.1,23.3,1019.2,2.1,330.0,4.0
2017-07-08 11:00:00,103.90010000000001,33.3,23.3,1019.0,0.0,0.0,4.0
2017-07-08 12:00:00,110.6613,31.7,22.8,1018.8,0.0,0.0,
2017-07-08 13:00:00,96.9787,28.3,23.9,1018.2,2.1,340.0,6.0
2017-07-08 14:00:00,96.8187,24.4,21.1,,4.1,20.0,
2017-07-08 15:00:00,92.3378,25.0,23.3,1018.6,4.1,360.0,
2017-07-08 16:00:00,94.6583,25.6,23.3,1017.2,4.1,50.0,
2017-07-08 17:00:00,97.49889999999999,25.0,23.3,1017.9,2.6,130.0,
2017-07-08 18:00:00,97.6188,23.3,22.8,1018.2,2.6,200.0,
2017-07-08 19:00:00,96.5786,23.3,23.3,1017.7,3.6,200.0,8.0
2017-07-08 20:00:00,98.85910000000001,23.9,23.3,1017.5,2.1,30.0,
2017-07-08 21:00:00,98.57900000000001,23.9,23.9,1019.0,0.0,0.0,
2017-07-08 22:00:00,98.0589,23.3,23.3,1019.0,0.0,0.0,
2017-07-08 23:00:00,100.8995,23.9,23.9,1019.0,2.1,240.0,
2017-07-09 00:00:00,98.21889999999999,23.3,23.3,1018.8,1.5,170.0,
2017-07-09 01:00:00,95.6585,23.3,23.3,1018.4,1.5,110.0,4.0
2017-07-09 02:00:00,96.89869999999999,22.8,22.8,1017.6,1.5,130.0,4.0
2017-07-09 03:00:00,100.2193,23.3,23.3,1017.4,0.0,0.0,2.0
2017-07-09 04:00:00,99.7793,23.3,23.3,1017.2,0.0,0.0,2.0
2017-07-09 05:00:00,100.89949999999999,22.8,22.8,1017.6,0.0,0.0,2.0
2017-07-09 06:00:00,98.219,22.8,22.8,1018.0,0.0,0.0,4.0
2017-07-09 07:00:00,99.2192,24.4,24.4,1018.8,1.5,180.0,4.0
2017-07-09 08:00:00,110.3013,25.6,24.4,1019.3,1.5,200.0,4.0
2017-07-09 09:00:00,107.82079999999999,27.8,23.9,1019.2,2.1,,4.0
2017-07-09 10:00:00,101.49959999999999,28.9,23.3,1019.1,2.1,180.0,4.0
2017-07-09 11:00:00,102.2197,30.0,22.8,1019.1,0.0,0.0,4.0
2017-07-09 12:00:00,97.7789,30.6,23.3,1018.3,2.1,,
2017-07-09 13:00:00,101.3396,31.1,22.2,1017.8,2.1,170.0,6.0
2017-07-09 14:00:00,99.1391,32.8,22.8,1017.4,4.6,160.0,
2017-07-09 15:00:00,98.339,31.1,23.9,1017.1,6.2,140.0,
2017-07-09 16:00:00,98.0989,30.0,23.3,1016.7,4.1,140.0,
2017-07-09 17:00:00,98.0589,29.4,22.8,1016.5,5.1,130.0,
2017-07-09 18:00:00,97.7789,28.3,22.8,1017.6,3.6,200.0,
2017-07-09 19:00:00,99.3392,27.8,23.3,1017.7,1.5,310.0,6.0
2017-07-09 20:00:00,98.819,26.7,23.9,1017.7,1.5,140.0,
2017-07-09 21:00:00,98.1789,26.1,23.3,1018.0,2.1,10.0,
2017-07-09 22:00:00,98.419,26.1,23.3,1018.8,1.5,150.0,
2017-07-09 23:00:00,98.57900000000001,25.6,23.9,1018.9,2.1,70.0,
2017-07-10 00:00:00,99.0191,25.0,24.4,1018.8,0.0,0.0,
2017-07-10 01:00:00,99.9393,25.0,24.4,1018.3,1.5,120.0,4.0
2017-07-10 02:00:00,99.6593,25.0,24.4,1017.6,2.1,120.0,0.0
2017-07-10 03:00:00,99.1792,24.4,24.4,1017.6,1.5,130.0,0.0
2017-07-10 04:00:00,99.8593,24.4,24.4,1017.6,1.5,140.0,0.0
2017-07-10 05:00:00,100.57939999999999,23.9,23.9,1017.8,0.0,0.0,2.0
2017-07-10 06:00:00,99.5792,24.4,24.4,1018.0,2.6,130.0,2.0
2017-07-10 07:00:00,95.8185,26.1,25.0,1018.4,3.1,160.0,2.0
2017-07-10 08:00:00,100.1793,27.8,25.0,1018.7,4.1,150.0,2.0
2017-07-10 09:00:00,100.49940000000001,28.9,23.9,1019.2,3.1,170.0,2.0
2017-07-10 10:00:00,102.81989999999999,30.6,22.8,1019.4,3.6,170.0,4.0
2017-07-10 11:00:00,101.3796,31.7,22.8,1019.2,3.1,,4.0
2017-07-10 12:00:00,101.6596,32.2,22.8,1018.6,3.1,150.0,4.0
2017-07-10 13:00:00,101.1795,33.3,22.8,1017.9,3.6,170.0,6.0
2017-07-10 14:00:00,101.8596,33.9,22.8,1017.3,3.1,120.0,
2017-07-10 15:00:00,102.4598,29.4,24.4,1017.4,3.6,210.0,
2017-07-10 16:00:00,100.6194,26.1,23.3,1018.1,4.1,170.0,
2017-07-10 17:00:00,101.0995,26.7,23.3,1017.6,1.5,170.0,
2017-07-10 18:00:00,99.5393,27.2,23.9,1018.1,2.6,150.0,
2017-07-10 19:00:00,98.0189,26.7,23.9,1019.2,2.6,270.0,6.0
2017-07-10 20:00:00,106.94069999999999,24.4,22.2,1019.4,5.7,340.0,
2017-07-10 21:00:00,116.82249999999999,23.9,21.7,1019.6,3.1,350.0,
2017-07-10 22:00:00,114.6221,23.9,21.7,1019.3,3.1,90.0,
2017-07-10 23:00:00,115.5423,23.9,21.7,1019.2,2.1,120.0,
2017-07-11 00:00:00,116.7425,23.9,22.2,1019.3,0.0,0.0,
2017-07-11 01:00:00,116.0224,23.3,22.2,1019.2,1.5,290.0,6.0
2017-07-11 02:00:00,116.4624,23.3,22.2,1018.8,0.0,0.0,4.0
2017-07-11 03:00:00,118.3028,23.3,22.8,1018.3,2.1,10.0,4.0
2017-07-11 04:00:00,117.9827,23.3,22.8,1018.3,0.0,0.0,2.0
2017-07-11 05:00:00,115.10220000000001,23.9,22.8,1018.3,0.0,0.0,2.0
2017-07-11 06:00:00,115.9023,23.9,22.8,1018.7,0.0,0.0,2.0
2017-07-11 07:00:00,113.622,25.6,23.9,1018.9,2.1,70.0,2.0
2017-07-11 08:00:00,116.42250000000001,27.8,25.0,1019.2,2.6,90.0,2.0
2017-07-11 09:00:00,119.66310000000001,29.4,23.9,1019.5,2.1,,2.0
2017-07-11 10:00:00,98.9391,29.4,23.3,1019.7,2.1,180.0,4.0
2017-07-11 11:00:00,100.21940000000001,31.1,23.3,1019.9,1.5,130.0,4.0
2017-07-11 12:00:00,102.1397,32.2,22.2,1019.4,2.6,130.0,4.0
2017-07-11 13:00:00,101.53960000000001,33.9,20.6,1018.9,2.6,90.0,4.0
2017-07-11 14:00:00,99.01910000000001,31.1,22.8,1018.8,4.6,90.0,
2017-07-11 15:00:00,99.1391,31.1,22.2,1018.1,3.1,80.0,
2017-07-11 16:00:00,103.2199,31.7,23.3,1017.4,5.1,80.0,
2017-07-11 17:00:00,101.8197,30.6,22.2,1017.2,6.2,100.0,
2017-07-11 18:00:00,102.2998,30.0,21.7,1018.3,5.1,100.0,
2017-07-11 19:00:00,118.3029,28.3,21.1,1018.9,2.6,130.0,6.0
2017-07-11 20:00:00,117.5426,27.8,23.3,1019.3,2.1,100.0,
2017-07-11 21:00:00,118.06280000000001,27.2,22.8,1019.7,3.1,80.0,4.0
2017-07-11 22:00:00,115.2222,26.7,23.9,1019.8,3.6,80.0,
2017-07-11 23:00:00,115.9824,25.6,23.9,1020.1,1.5,130.0,
2017-07-12 00:00:00,118.3829,25.6,24.4,1019.8,0.0,0.0,
2017-07-12 01:00:00,119.18299999999999,25.6,23.9,1019.3,0.0,0.0,6.0
2017-07-12 02:00:00,117.86269999999999,25.6,23.9,1018.9,0.0,0.0,
2017-07-12 03:00:00,117.1427,25.6,24.4,1018.5,2.1,70.0,
2017-07-12 04:00:00,117.0626,24.4,24.4,1018.6,2.1,90.0,
2017-07-12 05:00:00,115.9024,25.0,24.4,1019.0,0.0,0.0,4.0
2017-07-12 06:00:00,114.4221,25.0,24.4,1019.3,2.1,350.0,
2017-07-12 07:00:00,115.2622,26.7,25.0,1019.5,1.5,350.0,4.0
2017-07-12 08:00:00,119.503,27.2,25.0,1020.2,2.6,20.0,2.0
2017-07-12 09:00:00,109.5011,29.4,25.0,1020.3,2.6,70.0,4.0
2017-07-12 10:00:00,102.8199,31.1,24.4,1020.5,3.1,40.0,4.0
2017-07-12 11:00:00,101.93969999999999,31.1,24.4,1020.4,4.6,40.0,4.0
2017-07-12 12:00:00,107.58080000000001,30.6,26.1,1020.0,4.6,30.0,
2017-07-12 13:00:00,101.1395,27.8,25.6,1019.6,2.1,,6.0
2017-07-12 14:00:00,101.2195,32.2,23.3,1018.8,7.2,60.0,
2017-07-12 15:00:00,98.25890000000001,32.2,20.6,1018.9,8.8,60.0,
2017-07-12 16:00:00,101.4196,28.9,23.9,1019.9,6.2,120.0,
2017-07-12 17:00:00,101.3396,26.1,24.4,1019.5,3.1,140.0,
2017-07-12 18:00:00,99.29920000000001,24.4,24.4,1020.1,4.1,100.0,
2017-07-12 19:00:00,96.8186,24.4,24.4,1020.2,3.6,70.0,8.0
2017-07-12 20:00:00,108.1409,23.9,23.9,1020.7,3.6,150.0,
2017-07-12 21:00:00,117.74279999999999,22.8,22.8,1020.3,3.1,130.0,
2017-07-12 22:00:00,116.1025,22.8,22.8,1019.4,5.7,70.0,
2017-07-12 23:00:00,115.6223,23.3,23.3,1019.8,4.1,90.0,
2017-07-13 00:00:00,118.06280000000001,23.3,23.3,1019.4,2.6,90.0,
2017-07-13 01:00:00,117.18260000000001,23.3,23.3,1019.3,2.1,90.0,8.0
2017-07-13 02:00:00,117.8628,23.9,23.9,1019.2,2.1,70.0,
2017-07-13 03:00:00,118.2228,23.9,23.9,1018.7,2.6,20.0,
2017-07-13 04:00:00,116.6225,23.9,23.9,1018.8,2.6,30.0,
2017-07-13 05:00:00,116.4625,23.9,23.9,1019.3,2.6,10.0,2.0
2017-07-13 06:00:00,115.34219999999999,24.4,24.4,1019.4,3.1,30.0,4.0
2017-07-13 07:00:00,114.9822,26.1,25.6,1019.9,3.6,30.0,4.0
2017-07-13 08:00:00,115.5823,27.8,26.1,1020.5,4.1,70.0,4.0
2017-07-13 09:00:00,99.0591,29.4,26.1,1020.7,5.7,80.0,4.0
2017-07-13 10:00:00,100.7795,29.4,25.0,1020.8,2.6,140.0,4.0
2017-07-13 11:00:00,102.8198,31.7,24.4,1020.8,5.7,100.0,4.0
2017-07-13 12:00:00,102.4197,31.7,25.0,1020.6,4.6,100.0,4.0
2017-07-13 13:00:00,100.4194,32.8,24.4,1020.1,5.7,80.0,6.0
2017-07-13 14:00:00,100.6194,32.8,23.9,1019.3,7.2,110.0,
2017-07-13 15:00:00,101.4195,31.1,23.3,1019.6,4.1,110.0,
2017-07-13 16:00:00,102.1397,30.6,23.9,1019.3,3.6,140.0,
2017-07-13 17:00:00,101.1795,30.0,23.9,1019.3,4.6,120.0,
2017-07-13 18:00:00,101.53960000000001,29.4,23.9,1018.7,6.7,110.0,
2017-07-13 19:00:00,100.8194,28.3,25.0,1019.0,6.2,100.0,6.0
2017-07-13 20:00:00,98.7791,27.8,25.0,1019.6,4.1,100.0,
2017-07-13 21:00:00,99.8193,27.2,25.6,1020.2,2.6,90.0,
2017-07-13 22:00:00,97.4588,26.7,25.6,1020.3,3.1,100.0,
2017-07-13 23:00:00,97.0587,26.7,25.6,1020.6,3.6,110.0,
2017-07-14 00:00:00,99.1391,26.1,25.6,1020.3,2.1,90.0,
2017-07-14 01:00:00,98.8991,25.6,25.6,1019.7,2.1,80.0,8.0
2017-07-14 02:00:00,98.0189,25.6,25.6,1019.3,2.6,90.0,
2017-07-14 03:00:00,97.7389,25.0,25.0,1019.2,2.1,80.0,4.0
2017-07-14 04:00:00,97.53880000000001,25.0,25.0,1019.3,2.1,70.0,4.0
2017-07-14 05:00:00,97.77890000000001,25.0,25.0,1019.4,2.1,80.0,4.0
2017-07-14 06:00:00,95.4984,25.0,25.0,1019.7,1.5,80.0,
2017-07-14 07:00:00,95.8185,26.1,25.6,1020.3,2.1,70.0,6.0
2017-07-14 08:00:00,99.4192,28.3,25.6,1020.7,3.6,90.0,
2017-07-14 09:00:00,99.5392,29.4,25.0,1020.9,4.1,90.0,
2017-07-14 10:00:00,100.8595,30.0,24.4,1020.7,3.1,120.0,
2017-07-14 11:00:00,99.7793,31.1,24.4,1020.7,4.6,110.0,
2017-07-14 12:00:00,101.8596,28.9,25.0,1020.7,4.6,180.0,
2017-07-14 13:00:00,102.0196,25.6,23.9,1020.1,5.1,190.0,6.0
2017-07-14 14:00:00,101.97970000000001,29.4,22.2,1019.5,4.6,70.0,
2017-07-14 15:00:00,102.6198,30.6,23.9,1018.9,5.7,120.0,
2017-07-14 16:00:00,103.2599,30.6,23.3,1018.9,7.2,120.0,
2017-07-14 17:00:00,101.6996,29.4,23.9,1019.5,4.1,100.0,
2017-07-14 18:00:00,101.2996,28.9,23.9,1018.8,4.1,110.0,
2017-07-14 19:00:00,99.9793,27.8,24.4,1018.1,5.1,100.0,6.0
2017-07-14 20:00:00,104.46010000000001,27.2,24.4,1018.3,3.6,120.0,
2017-07-14 21:00:00,121.9436,26.7,24.4,1019.4,2.6,130.0,
2017-07-14 22:00:00,118.8229,26.1,24.4,1019.7,2.1,130.0,
2017-07-14 23:00:00,119.9431,25.6,24.4,1019.6,2.1,110.0,
2017-07-15 00:00:00,120.66319999999999,25.6,25.0,1019.3,2.1,100.0,
2017-07-15 01:00:00,119.343,25.0,25.0,1019.2,3.6,80.0,6.0
2017-07-15 02:00:00,118.3829,24.4,24.4,1018.6,2.1,90.0,
2017-07-15 03:00:00,119.063,24.4,24.4,1018.5,0.0,0.0,4.0
2017-07-15 04:00:00,119.4231,24.4,24.4,1018.7,0.0,0.0,4.0
2017-07-15 05:00:00,118.8229,24.4,24.4,1018.8,0.0,0.0,2.0
2017-07-15 06:00:00,117.2227,23.9,23.9,1018.8,0.0,0.0,2.0
2017-07-15 07:00:00,116.0624,26.1,25.0,1019.1,0.0,0.0,4.0
2017-07-15 08:00:00,126.14439999999999,27.8,25.0,1019.3,2.6,90.0,4.0
2017-07-15 09:00:00,119.7831,28.9,22.8,1019.5,2.6,160.0,4.0
2017-07-15 10:00:00,107.74080000000001,30.6,23.9,1019.8,1.5,,4.0
2017-07-15 11:00:00,101.0195,31.1,20.6,1019.4,0.0,0.0,4.0
2017-07-15 12:00:00,108.18090000000001,32.2,22.8,1018.6,2.6,,4.0
2017-07-15 13:00:00,100.5394,32.2,22.2,1017.8,4.6,120.0,4.0
2017-07-15 14:00:00,100.8595,32.8,21.7,1016.8,3.6,110.0,
2017-07-15 15:00:00,101.81970000000001,33.9,21.7,1015.9,3.6,90.0,
2017-07-15 16:00:00,101.4596,32.8,23.3,1015.7,5.1,100.0,
2017-07-15 17:00:00,101.53960000000001,32.2,22.8,1015.2,6.2,110.0,4.0
2017-07-15 18:00:00,101.4596,31.1,22.2,1015.4,6.7,90.0,2.0
2017-07-15 19:00:00,100.5394,29.4,22.8,1015.9,5.7,110.0,2.0
2017-07-15 20:00:00,98.9391,27.8,23.9,1016.2,4.1,110.0,2.0
2017-07-15 21:00:00,100.05930000000001,27.2,23.9,1016.4,3.1,120.0,2.0
2017-07-15 22:00:00,99.1391,26.1,24.4,1016.7,2.1,140.0,2.0
2017-07-15 23:00:00,100.05930000000001,25.6,24.4,1016.9,2.6,130.0,2.0
2017-07-16 00:00:00,99.6992,24.4,23.9,1016.8,0.0,0.0,2.0
2017-07-16 01:00:00,99.41919999999999,24.4,24.4,1016.3,1.5,150.0,2.0
2017-07-16 02:00:00,97.0587,25.0,24.4,1016.0,0.0,0.0,2.0
2017-07-16 03:00:00,100.1393,23.9,23.9,1015.6,0.0,0.0,2.0
2017-07-16 04:00:00,99.29910000000001,23.9,23.9,1015.3,0.0,0.0,2.0
2017-07-16 05:00:00,99.8993,23.9,23.9,1015.8,0.0,0.0,2.0
2017-07-16 06:00:00,100.3393,23.9,23.9,1016.0,0.0,0.0,2.0
2017-07-16 07:00:00,98.5791,26.1,25.6,1016.4,0.0,0.0,2.0
2017-07-16 08:00:00,102.7799,27.8,25.0,1016.8,0.0,0.0,2.0
2017-07-16 09:00:00,99.1391,28.9,23.9,1016.9,0.0,0.0,4.0
2017-07-16 10:00:00,96.45859999999999,30.6,23.3,1016.9,0.0,0.0,4.0
2017-07-16 11:00:00,98.6591,31.1,22.2,1016.8,2.6,170.0,4.0
2017-07-16 12:00:00,98.1789,32.2,20.0,1016.4,0.0,0.0,4.0
2017-07-16 13:00:00,98.259,32.8,21.1,1015.4,2.1,120.0,4.0
2017-07-16 14:00:00,100.57939999999999,33.9,21.7,1014.4,3.1,,
2017-07-16 15:00:00,99.8193,32.2,22.2,1014.1,5.1,120.0,
2017-07-16 16:00:00,99.4192,32.8,22.2,1013.8,5.1,120.0,4.0
2017-07-16 17:00:00,99.1391,31.7,21.1,1013.6,7.2,110.0,4.0
2017-07-16 18:00:00,99.4992,31.1,22.2,1014.0,6.2,120.0,4.0
2017-07-16 19:00:00,99.6592,29.4,22.8,1014.9,5.1,110.0,6.0
2017-07-16 20:00:00,98.6991,28.3,23.3,1015.2,4.1,120.0,
2017-07-16 21:00:00,98.8591,27.2,23.9,1015.9,4.1,130.0,2.0
2017-07-16 22:00:00,98.6991,26.7,23.9,1015.9,3.6,130.0,2.0
2017-07-16 23:00:00,99.7793,25.6,24.4,1015.9,1.5,170.0,2.0
2017-07-17 00:00:00,98.57900000000001,25.6,24.4,1015.9,1.5,90.0,2.0
2017-07-17 01:00:00,99.85929999999999,25.0,24.4,1015.3,1.5,140.0,2.0
2017-07-17 02:00:00,100.8995,25.0,24.4,1015.0,0.0,0.0,2.0
2017-07-17 03:00:00,98.85900000000001,24.4,24.4,1014.6,1.5,140.0,2.0
2017-07-17 04:00:00,99.2992,23.9,23.9,1014.7,2.1,130.0,4.0
2017-07-17 05:00:00,99.9793,23.9,23.9,1015.1,1.5,160.0,2.0
2017-07-17 06:00:00,97.65889999999999,24.4,24.4,1015.5,0.0,0.0,2.0
2017-07-17 07:00:00,103.4599,26.1,25.6,1016.1,0.0,0.0,2.0
2017-07-17 08:00:00,119.82310000000001,27.2,25.0,1016.5,2.6,150.0,2.0
2017-07-17 09:00:00,100.6194,29.4,25.6,1016.3,2.6,190.0,4.0
2017-07-17 10:00:00,101.0995,29.4,23.3,1016.5,1.5,190.0,4.0
2017-07-17 11:00:00,99.6992,30.0,23.3,1016.5,2.6,190.0,4.0
2017-07-17 12:00:00,99.25909999999999,32.8,23.3,1016.4,1.5,,4.0
2017-07-17 13:00:00,100.8195,33.9,22.2,1015.7,4.1,170.0,4.0
2017-07-17 14:00:00,100.9795,33.9,22.8,1014.4,4.1,160.0,4.0
2017-07-17 15:00:00,103.4999,31.1,23.3,1014.9,5.7,70.0,
2017-07-17 16:00:00,103.34,26.1,22.2,1014.8,3.1,70.0,
2017-07-17 17:00:00,99.5793,26.0,23.0,,6.2,280.0,
2017-07-17 18:00:00,95.69839999999999,22.0,22.0,1018.3,2.1,310.0,
2017-07-17 19:00:00,95.9785,22.8,22.2,1017.8,3.1,30.0,6.0
2017-07-17 20:00:00,106.6206,22.8,22.8,1017.5,2.6,40.0,
2017-07-17 21:00:00,117.7027,23.3,23.3,1017.5,2.1,100.0,
2017-07-17 22:00:00,116.8226,23.3,22.8,1017.6,3.1,110.0,
2017-07-17 23:00:00,116.6625,22.8,22.8,1017.9,1.5,170.0,
2017-07-18 00:00:00,117.78280000000001,22.8,22.8,1017.5,2.6,140.0,
2017-07-18 01:00:00,118.2628,23.9,23.3,1017.3,3.6,140.0,6.0
2017-07-18 02:00:00,118.6629,23.3,23.3,1016.6,3.1,150.0,
2017-07-18 03:00:00,119.6631,23.3,23.3,1016.3,0.0,0.0,
2017-07-18 04:00:00,118.82300000000001,23.9,23.9,1016.9,0.0,0.0,4.0
2017-07-18 05:00:00,117.1827,22.8,22.8,1017.3,2.1,170.0,
2017-07-18 06:00:00,115.6223,23.3,23.3,1018.0,1.5,160.0,4.0
2017-07-18 07:00:00,115.2623,24.4,24.4,1018.6,2.1,180.0,4.0
2017-07-18 08:00:00,117.3427,26.1,24.4,1019.2,1.5,170.0,2.0
2017-07-18 09:00:00,119.143,27.8,25.0,1019.6,3.1,170.0,4.0
2017-07-18 10:00:00,101.53960000000001,29.4,24.4,1019.7,3.1,190.0,4.0
2017-07-18 11:00:00,101.9397,29.4,22.8,1019.7,1.5,,4.0
2017-07-18 12:00:00,99.1792,31.1,23.3,1019.1,2.6,,4.0
2017-07-18 13:00:00,100.2593,32.2,23.9,1018.2,2.1,,6.0
2017-07-18 14:00:00,102.0597,32.8,22.8,1018.0,2.1,100.0,
2017-07-18 15:00:00,102.4197,33.3,21.7,1017.0,2.6,120.0,
2017-07-18 16:00:00,102.85990000000001,32.8,23.9,1016.7,5.1,110.0,
2017-07-18 17:00:00,103.29990000000001,24.4,24.4,,10.8,260.0,
2017-07-18 18:00:00,96.77869999999999,25.0,23.0,1019.4,2.1,,
2017-07-18 19:00:00,97.0587,22.8,22.2,1019.8,2.1,90.0,8.0
2017-07-18 20:00:00,98.619,23.9,23.3,1018.7,3.1,130.0,
2017-07-18 21:00:00,112.14159999999998,23.9,23.9,1019.2,0.0,0.0,
2017-07-18 22:00:00,118.2628,23.9,23.9,1019.7,0.0,0.0,
2017-07-18 23:00:00,119.8631,24.4,24.4,1019.7,2.1,110.0,
2017-07-19 00:00:00,118.94300000000001,24.4,23.9,1019.5,1.5,110.0,
2017-07-19 01:00:00,119.7831,23.9,23.3,1019.0,1.5,80.0,6.0
2017-07-19 02:00:00,120.1832,23.3,23.3,1018.8,0.0,0.0,
2017-07-19 03:00:00,118.2629,23.9,23.3,1018.6,0.0,0.0,
2017-07-19 04:00:00,119.34299999999999,23.9,23.9,1018.3,0.0,0.0,
2017-07-19 05:00:00,117.14260000000002,23.3,23.3,1018.3,0.0,0.0,4.0
2017-07-19 06:00:00,117.02260000000001,23.9,23.9,1019.0,0.0,0.0,4.0
2017-07-19 07:00:00,116.2624,25.6,24.4,1019.5,0.0,0.0,2.0
2017-07-19 08:00:00,119.50309999999999,26.7,24.4,1019.9,0.0,0.0,4.0
2017-07-19 09:00:00,119.303,27.2,24.4,1020.2,1.5,240.0,
2017-07-19 10:00:00,102.9399,28.9,24.4,1019.9,1.5,,4.0
2017-07-19 11:00:00,100.9795,30.0,23.3,1019.8,1.5,,4.0
2017-07-19 12:00:00,100.1393,31.1,22.8,1019.5,2.6,,
2017-07-19 13:00:00,102.9399,31.1,22.8,1018.9,2.1,270.0,6.0
2017-07-19 14:00:00,94.13810000000001,30.6,24.4,1018.6,4.6,330.0,
2017-07-19 15:00:00,103.0599,32.2,23.9,1017.8,5.7,60.0,
2017-07-19 16:00:00,102.9399,25.6,23.9,1018.5,6.2,130.0,
2017-07-19 17:00:00,101.7796,25.0,23.9,1018.4,5.7,110.0,
2017-07-19 18:00:00,100.2994,23.9,23.9,1019.2,3.1,140.0,
2017-07-19 19:00:00,118.8629,23.9,23.9,1019.0,2.1,180.0,6.0
2017-07-19 20:00:00,118.02279999999999,23.9,23.9,1019.1,0.0,0.0,
2017-07-19 21:00:00,119.263,23.9,23.9,1019.7,0.0,0.0,
2017-07-19 22:00:00,118.3829,23.3,23.3,1019.3,1.5,60.0,
2017-07-19 23:00:00,118.78299999999999,23.3,23.3,1019.6,2.1,60.0,
2017-07-20 00:00:00,119.50309999999999,22.8,22.8,1019.4,2.1,190.0,
2017-07-20 01:00:00,120.0232,23.3,23.3,1019.0,0.0,0.0,6.0
2017-07-20 02:00:00,118.7029,22.8,22.8,1018.3,0.0,0.0,4.0
2017-07-20 03:00:00,120.7833,23.3,23.3,1018.2,0.0,0.0,2.0
2017-07-20 04:00:00,117.0626,23.3,23.3,1018.0,0.0,0.0,2.0
2017-07-20 05:00:00,118.06280000000001,22.8,22.8,1018.3,0.0,0.0,4.0
2017-07-20 06:00:00,115.0622,23.3,23.3,1018.5,0.0,0.0,4.0
2017-07-20 07:00:00,116.6625,24.4,23.9,1018.9,0.0,0.0,4.0
2017-07-20 08:00:00,117.9427,25.6,25.0,1019.5,0.0,0.0,4.0
2017-07-20 09:00:00,115.38229999999999,27.2,24.4,1019.6,1.5,230.0,4.0
2017-07-20 10:00:00,100.6194,28.9,23.9,1019.8,2.1,180.0,4.0
2017-07-20 11:00:00,100.8194,28.9,24.4,1019.5,2.1,160.0,4.0
2017-07-20 12:00:00,101.3796,30.6,23.9,1018.7,3.1,170.0,4.0
2017-07-20 13:00:00,101.4996,31.1,22.8,1018.5,0.0,0.0,6.0
2017-07-20 14:00:00,102.3797,32.8,22.8,1017.5,0.0,0.0,
2017-07-20 15:00:00,104.14009999999999,32.2,23.3,1016.6,3.6,70.0,
2017-07-20 16:00:00,101.7396,26.0,23.0,1017.0,5.1,90.0,
2017-07-20 17:00:00,99.0992,21.7,21.7,,5.7,150.0,
2017-07-20 18:00:00,99.6592,22.2,22.2,1017.6,3.6,330.0,
2017-07-20 19:00:00,116.3825,22.8,22.2,1017.1,3.1,170.0,6.0
2017-07-20 20:00:00,117.3426,23.3,23.3,1016.6,3.6,50.0,
2017-07-20 21:00:00,118.4629,23.3,22.8,1018.3,0.0,0.0,
2017-07-20 22:00:00,117.1026,22.8,22.8,1017.6,2.1,130.0,
2017-07-20 23:00:00,118.4229,22.8,22.8,1018.5,1.5,190.0,
2017-07-21 00:00:00,118.2228,22.8,22.8,1017.5,0.0,0.0,2.0
2017-07-21 01:00:00,118.6629,22.8,22.8,1016.4,2.1,130.0,2.0
2017-07-21 02:00:00,118.4629,23.3,23.3,,2.1,310.0,
2017-07-21 03:00:00,120.2632,23.9,23.3,1016.4,0.0,0.0,4.0
2017-07-21 04:00:00,119.5031,23.3,23.3,1016.6,0.0,0.0,
2017-07-21 05:00:00,119.143,22.8,22.8,1016.4,1.5,130.0,
2017-07-21 06:00:00,118.78290000000001,22.8,22.8,1017.0,0.0,0.0,4.0
2017-07-21 07:00:00,118.1028,25.6,24.4,1017.6,0.0,0.0,4.0
2017-07-21 08:00:00,118.50280000000001,26.1,25.0,1018.4,1.5,220.0,2.0
2017-07-21 09:00:00,120.0231,27.2,25.0,1018.4,2.6,190.0,4.0
2017-07-21 10:00:00,106.78059999999999,29.4,25.0,1018.4,3.1,200.0,4.0
2017-07-21 11:00:00,101.2195,30.0,23.9,1018.3,0.0,0.0,
2017-07-21 12:00:00,100.57939999999999,31.1,23.9,1017.6,2.1,190.0,
2017-07-21 13:00:00,102.1797,30.0,23.9,1017.4,4.1,210.0,8.0
2017-07-21 14:00:00,101.5797,25.0,23.3,1017.4,7.2,220.0,
2017-07-21 15:00:00,109.181,23.9,23.3,1019.1,4.6,150.0,
2017-07-21 16:00:00,118.02279999999999,23.3,22.2,1018.7,0.0,0.0,
2017-07-21 17:00:00,116.30250000000001,23.3,22.8,1016.5,2.6,210.0,
2017-07-21 18:00:00,118.06280000000001,23.9,23.9,1016.2,2.1,280.0,
2017-07-21 19:00:00,117.7427,23.9,23.9,1017.0,2.1,120.0,6.0
2017-07-21 20:00:00,117.42269999999999,23.3,23.3,1017.7,2.6,110.0,
2017-07-21 21:00:00,119.18299999999999,23.3,23.3,1018.6,0.0,0.0,
2017-07-21 22:00:00,116.1025,23.3,23.3,1019.1,2.1,220.0,
2017-07-21 23:00:00,119.38300000000001,22.8,22.8,1018.9,2.1,210.0,4.0
2017-07-22 00:00:00,119.143,22.8,22.8,1018.2,0.0,0.0,
2017-07-22 01:00:00,119.1831,22.8,22.8,1017.6,1.5,220.0,6.0
2017-07-22 02:00:00,119.34309999999999,22.8,22.8,1017.2,0.0,0.0,4.0
2017-07-22 03:00:00,119.9032,22.8,22.8,1016.6,2.1,120.0,2.0
2017-07-22 04:00:00,119.54310000000001,22.8,22.8,1016.7,1.5,220.0,4.0
2017-07-22 05:00:00,118.5429,22.8,22.8,1017.5,0.0,0.0,4.0
2017-07-22 06:00:00,118.9029,22.8,22.8,1017.9,0.0,0.0,4.0
2017-07-22 07:00:00,117.8227,24.4,24.4,1018.6,0.0,0.0,4.0
2017-07-22 08:00:00,117.86269999999999,26.1,26.1,1019.0,2.1,180.0,4.0
2017-07-22 09:00:00,115.82239999999999,28.3,25.6,1019.2,3.6,210.0,4.0
2017-07-22 10:00:00,98.899,28.9,25.0,1019.1,4.1,200.0,4.0
2017-07-22 11:00:00,99.3391,29.4,24.4,1018.7,4.1,210.0,
2017-07-22 12:00:00,99.8193,31.1,23.9,1018.1,4.6,180.0,
2017-07-22 13:00:00,100.05930000000001,26.1,21.7,1019.0,10.8,280.0,6.0
2017-07-22 14:00:00,96.4986,23.3,21.1,1018.1,3.1,270.0,
2017-07-22 15:00:00,93.8981,24.4,22.8,1018.0,2.6,300.0,
2017-07-22 16:00:00,96.6987,25.0,23.9,1018.5,2.1,100.0,
2017-07-22 17:00:00,97.1387,25.0,23.3,1018.2,1.5,,
2017-07-22 18:00:00,98.1389,25.0,23.3,1017.9,2.1,80.0,
2017-07-22 19:00:00,98.8591,24.4,24.4,1017.4,5.7,160.0,8.0
2017-07-22 20:00:00,98.819,23.9,23.3,1017.5,2.1,200.0,
2017-07-22 21:00:00,99.69919999999999,23.9,23.3,1017.3,1.5,190.0,
2017-07-22 22:00:00,99.2991,23.3,23.3,1017.8,2.1,150.0,
2017-07-22 23:00:00,98.459,23.9,23.9,1018.0,1.5,160.0,
2017-07-23 00:00:00,97.8989,23.9,23.9,1018.0,0.0,0.0,
2017-07-23 01:00:00,100.6594,23.9,23.9,1017.7,2.1,190.0,8.0
2017-07-23 02:00:00,99.89920000000001,23.3,23.3,1017.3,1.5,170.0,
2017-07-23 03:00:00,99.5392,23.3,23.3,1016.7,2.6,190.0,
2017-07-23 04:00:00,100.57939999999999,23.3,23.3,1016.4,2.1,160.0,
2017-07-23 05:00:00,99.29910000000001,23.3,23.3,1016.7,0.0,0.0,
2017-07-23 06:00:00,100.1393,23.3,23.3,1016.9,2.1,160.0,
2017-07-23 07:00:00,103.9801,23.9,23.9,1017.4,0.0,0.0,8.0
2017-07-23 08:00:00,102.5798,25.0,24.4,1017.9,2.1,200.0,
2017-07-23 09:00:00,95.25829999999999,26.7,23.9,1017.9,3.1,190.0,
2017-07-23 10:00:00,97.7389,28.9,24.4,1017.8,4.1,200.0,
2017-07-23 11:00:00,107.9409,28.9,24.4,1018.0,4.1,210.0,
2017-07-23 12:00:00,112.5817,27.2,23.9,1018.3,6.7,270.0,
2017-07-23 13:00:00,110.2613,27.2,22.2,1018.1,4.1,290.0,8.0
2017-07-23 14:00:00,117.8228,27.8,21.7,1017.8,3.1,260.0,
2017-07-23 15:00:00,116.6225,27.8,21.1,1017.2,2.6,220.0,
2017-07-23 16:00:00,113.70200000000003,27.8,21.7,1016.9,2.6,260.0,
2017-07-23 17:00:00,115.8623,27.8,21.7,1016.4,2.6,230.0,
2017-07-23 18:00:00,115.9024,27.8,22.2,1015.5,2.6,190.0,
2017-07-23 19:00:00,116.3424,26.7,23.3,1015.3,3.1,170.0,6.0
2017-07-23 20:00:00,116.0624,26.1,24.4,1015.5,0.0,0.0,
2017-07-23 21:00:00,119.303,26.7,24.4,1016.3,0.0,0.0,4.0
2017-07-23 22:00:00,118.62280000000001,25.6,24.4,1017.2,1.5,110.0,
2017-07-23 23:00:00,116.98259999999999,25.6,25.0,1017.7,1.5,160.0,
2017-07-24 00:00:00,118.5829,25.0,25.0,1017.4,2.1,160.0,
2017-07-24 01:00:00,115.82239999999999,25.0,25.0,1017.0,0.0,0.0,8.0
2017-07-24 02:00:00,119.1029,25.0,25.0,1016.5,1.5,190.0,
2017-07-24 03:00:00,119.9432,25.6,24.4,1016.1,2.1,230.0,
2017-07-24 04:00:00,117.78280000000001,24.4,24.4,1015.9,1.5,200.0,
2017-07-24 05:00:00,117.9828,24.4,24.4,1016.4,1.5,220.0,
2017-07-24 06:00:00,116.1824,24.4,24.4,1017.4,1.5,220.0,
2017-07-24 07:00:00,119.10300000000001,25.0,25.0,1018.3,1.5,170.0,8.0
2017-07-24 08:00:00,111.8615,26.7,24.4,1018.4,2.6,200.0,
2017-07-24 09:00:00,97.8189,28.3,25.0,1018.6,3.6,230.0,
2017-07-24 10:00:00,99.8993,28.9,25.0,1019.0,3.1,210.0,
2017-07-24 11:00:00,101.0995,30.0,23.9,1018.4,5.1,200.0,
2017-07-24 12:00:00,101.2595,31.7,23.3,1017.9,5.7,210.0,
2017-07-24 13:00:00,100.5394,31.1,23.9,1017.8,4.6,200.0,8.0
2017-07-24 14:00:00,101.4196,31.1,24.4,1017.5,4.6,190.0,
2017-07-24 15:00:00,95.33840000000001,30.6,23.9,1017.5,3.6,190.0,
2017-07-24 16:00:00,87.3368,28.3,25.6,1017.0,4.1,340.0,
2017-07-24 17:00:00,99.8592,28.3,25.0,1017.2,4.1,300.0,
2017-07-24 18:00:00,101.8597,28.3,24.4,1016.9,0.0,0.0,
2017-07-24 19:00:00,99.4191,27.8,23.9,1017.2,2.1,280.0,6.0
2017-07-24 20:00:00,109.34119999999999,27.8,24.4,1018.0,0.0,0.0,
2017-07-24 21:00:00,121.98349999999999,27.2,24.4,1018.5,2.1,,
2017-07-24 22:00:00,120.22319999999999,26.7,24.4,1019.3,0.0,0.0,
2017-07-24 23:00:00,121.42349999999999,25.6,25.0,1019.4,0.0,0.0,
2017-07-25 00:00:00,121.86349999999999,25.0,25.0,1019.7,2.1,140.0,4.0
2017-07-25 01:00:00,122.14359999999999,24.4,24.4,1019.5,1.5,170.0,2.0
2017-07-25 02:00:00,122.0635,25.0,25.0,1019.0,0.0,0.0,2.0
2017-07-25 03:00:00,104.9402,25.0,25.0,1018.3,0.0,0.0,2.0
2017-07-25 04:00:00,118.7029,24.4,24.4,1018.5,0.0,0.0,4.0
2017-07-25 05:00:00,116.5025,23.9,23.9,1019.0,1.5,170.0,4.0
2017-07-25 06:00:00,116.0624,24.4,24.4,1019.7,0.0,0.0,
2017-07-25 07:00:00,116.1023,25.6,25.6,1020.3,1.5,260.0,6.0
2017-07-25 08:00:00,120.22319999999999,27.8,25.0,1020.9,1.5,300.0,
2017-07-25 09:00:00,114.6221,29.4,23.9,1020.8,2.1,300.0,4.0
2017-07-25 10:00:00,110.9014,30.6,23.9,1020.8,2.1,,
2017-07-25 11:00:00,99.61930000000001,31.7,21.7,1020.8,2.1,310.0,4.0
2017-07-25 12:00:00,97.4188,32.2,21.1,1020.5,2.6,290.0,4.0
2017-07-25 13:00:00,101.0594,32.8,22.2,1020.0,2.1,,6.0
2017-07-25 14:00:00,101.61959999999999,33.3,22.2,1019.3,2.6,250.0,
2017-07-25 15:00:00,101.97970000000001,33.3,22.8,1019.0,3.1,240.0,
2017-07-25 16:00:00,102.9399,33.3,21.7,1018.4,1.5,,
2017-07-25 17:00:00,103.2199,33.3,21.7,1018.2,0.0,0.0,
2017-07-25 18:00:00,102.9399,33.3,21.7,1017.9,1.5,,4.0
2017-07-25 19:00:00,102.4197,32.2,21.7,1018.1,2.6,250.0,4.0
2017-07-25 20:00:00,101.97970000000001,29.4,25.0,1018.6,3.6,120.0,
2017-07-25 21:00:00,100.89949999999999,28.3,25.6,1019.3,2.6,170.0,
2017-07-25 22:00:00,100.4594,27.2,25.0,1019.5,2.1,180.0,2.0
2017-07-25 23:00:00,118.74289999999999,26.7,24.4,1019.8,3.1,200.0,0.0
2017-07-26 00:00:00,122.2636,26.7,24.4,1019.5,0.0,0.0,2.0
2017-07-26 01:00:00,123.0238,26.1,25.0,1018.9,0.0,0.0,2.0
2017-07-26 02:00:00,121.0634,26.1,25.6,1018.7,1.5,220.0,4.0
2017-07-26 03:00:00,121.3034,26.1,25.6,1018.5,0.0,0.0,2.0
2017-07-26 04:00:00,117.70270000000001,26.7,25.6,1018.4,1.5,310.0,2.0
2017-07-26 05:00:00,118.5429,25.6,24.4,1018.3,0.0,0.0,
2017-07-26 06:00:00,117.3827,26.1,24.4,1019.0,0.0,0.0,
2017-07-26 07:00:00,116.9826,26.7,25.0,1019.3,1.5,360.0,6.0
2017-07-26 08:00:00,121.70349999999999,28.3,24.4,1019.9,0.0,0.0,
2017-07-26 09:00:00,103.94,30.0,22.2,1019.8,0.0,0.0,4.0
2017-07-26 10:00:00,99.8993,30.6,21.7,1019.6,0.0,0.0,4.0
2017-07-26 11:00:00,98.7791,32.8,23.9,1019.3,1.5,,4.0
2017-07-26 12:00:00,96.7787,32.8,23.3,1018.6,0.0,0.0,4.0
2017-07-26 13:00:00,99.8193,32.8,23.9,1018.3,1.5,180.0,8.0
2017-07-26 14:00:00,101.0995,33.3,23.3,1017.6,1.5,250.0,
2017-07-26 15:00:00,101.61959999999999,33.3,23.3,1016.9,2.1,250.0,
2017-07-26 16:00:00,120.2632,33.0,23.0,1016.4,1.5,160.0,
2017-07-26 17:00:00,106.9006,30.0,23.9,1016.2,4.6,120.0,
2017-07-26 18:00:00,98.379,28.9,23.9,1016.0,6.2,100.0,
2017-07-26 19:00:00,96.7787,28.9,24.4,1016.4,5.7,110.0,6.0
2017-07-26 20:00:00,98.57900000000001,27.8,24.4,1016.5,3.6,130.0,
2017-07-26 21:00:00,99.0992,27.2,24.4,1017.0,0.0,0.0,
2017-07-26 22:00:00,102.05969999999999,27.2,24.4,1017.5,1.5,90.0,
2017-07-26 23:00:00,121.90350000000001,27.2,24.4,1017.6,2.1,,
2017-07-27 00:00:00,122.18359999999998,26.7,25.0,1017.3,2.1,220.0,
2017-07-27 01:00:00,123.7839,25.6,25.0,1016.9,3.6,160.0,6.0
2017-07-27 02:00:00,121.7835,25.6,25.0,1016.6,2.6,150.0,
2017-07-27 03:00:00,121.90350000000001,25.6,25.6,1016.4,2.6,150.0,
2017-07-27 04:00:00,120.7033,25.0,25.0,1016.5,1.5,190.0,4.0
2017-07-27 05:00:00,118.18280000000001,24.4,24.4,1016.7,1.5,200.0,
2017-07-27 06:00:00,117.2226,24.4,24.4,1016.8,1.5,190.0,
2017-07-27 07:00:00,117.4627,25.0,25.0,1016.9,2.6,200.0,6.0
2017-07-27 08:00:00,118.2228,26.7,23.9,1017.1,4.1,220.0,
2017-07-27 09:00:00,109.2211,28.3,23.3,1017.5,4.1,230.0,
2017-07-27 10:00:00,98.339,28.9,24.4,1017.3,2.1,230.0,
2017-07-27 11:00:00,100.65950000000001,30.0,23.9,1016.9,0.0,0.0,
2017-07-27 12:00:00,98.0189,31.7,23.9,1016.4,3.6,190.0,
2017-07-27 13:00:00,101.5796,32.8,23.9,1015.9,2.6,,6.0
2017-07-27 14:00:00,102.5798,33.3,23.9,1015.0,4.1,180.0,
2017-07-27 15:00:00,102.7399,33.9,22.8,1014.5,4.1,220.0,
2017-07-27 16:00:00,103.62,32.2,22.8,1013.8,3.1,190.0,
2017-07-27 17:00:00,103.29990000000001,26.1,22.8,,5.7,330.0,
2017-07-27 18:00:00,99.4192,23.9,23.3,1014.3,3.1,110.0,
2017-07-27 19:00:00,95.8184,24.0,24.0,,4.1,110.0,
2017-07-27 20:00:00,115.5023,25.0,22.0,,0.0,0.0,
2017-07-27 21:00:00,117.02260000000001,26.0,23.0,,0.0,0.0,
2017-07-27 22:00:00,119.78310000000002,25.0,24.4,1015.3,0.0,0.0,
2017-07-27 23:00:00,118.1028,25.6,24.4,1015.3,0.0,0.0,
2017-07-28 00:00:00,119.463,25.0,24.4,1014.9,1.5,170.0,
2017-07-28 01:00:00,121.5835,25.0,24.4,1014.8,1.5,190.0,8.0
2017-07-28 02:00:00,122.14359999999999,25.6,24.4,1014.4,2.1,220.0,
2017-07-28 03:00:00,121.1033,25.6,24.4,1013.8,2.6,240.0,
2017-07-28 04:00:00,120.1832,25.6,24.4,1013.8,1.5,270.0,
2017-07-28 05:00:00,120.3432,25.0,24.4,1013.7,2.1,270.0,
2017-07-28 06:00:00,117.26259999999999,25.0,24.4,1014.7,0.0,0.0,
2017-07-28 07:00:00,116.1024,26.1,25.6,1015.0,0.0,0.0,6.0
2017-07-28 08:00:00,103.58,28.3,25.0,1014.8,2.1,220.0,4.0
2017-07-28 09:00:00,99.6592,29.4,23.9,1014.9,2.6,200.0,2.0
2017-07-28 10:00:00,99.3792,30.6,22.8,1014.8,3.6,230.0,2.0
2017-07-28 11:00:00,101.0995,31.7,22.8,1014.5,4.1,220.0,2.0
2017-07-28 12:00:00,103.0199,32.8,21.7,1014.3,4.1,210.0,4.0
2017-07-28 13:00:00,104.5402,33.9,21.7,1013.8,5.7,220.0,6.0
2017-07-28 14:00:00,104.1401,33.9,21.7,1013.1,5.7,250.0,
2017-07-28 15:00:00,103.54,33.9,21.1,1012.6,2.6,290.0,
2017-07-28 16:00:00,101.97970000000001,25.0,21.7,,5.7,250.0,
2017-07-28 17:00:00,102.2598,26.7,23.3,1012.2,0.0,0.0,
2017-07-28 18:00:00,102.69980000000001,26.7,23.9,1012.0,2.1,170.0,
2017-07-28 19:00:00,103.3399,26.7,23.9,1012.5,0.0,0.0,4.0
2017-07-28 20:00:00,104.8202,26.7,23.9,1012.8,2.1,220.0,
2017-07-28 21:00:00,103.53999999999999,26.7,23.9,1013.0,1.5,250.0,
2017-07-28 22:00:00,100.9795,25.6,25.0,1013.1,2.6,140.0,
2017-07-28 23:00:00,102.2998,25.6,25.0,1013.1,2.1,150.0,
2017-07-29 00:00:00,104.8602,25.0,25.0,1013.1,2.1,200.0,
2017-07-29 01:00:00,105.66040000000001,25.0,24.4,1012.8,1.5,190.0,6.0
2017-07-29 02:00:00,104.4202,24.4,24.4,1012.2,2.1,200.0,4.0
2017-07-29 03:00:00,105.7404,24.4,24.4,1011.7,2.1,210.0,2.0
2017-07-29 04:00:00,106.34049999999999,25.0,24.4,1011.7,2.1,220.0,2.0
2017-07-29 05:00:00,106.34049999999999,25.0,24.4,1011.8,2.1,200.0,4.0
2017-07-29 06:00:00,106.2205,24.4,24.4,1012.1,1.5,180.0,2.0
2017-07-29 07:00:00,102.8598,25.6,25.0,1012.8,2.1,190.0,2.0
2017-07-29 08:00:00,110.4613,27.8,25.0,1012.8,4.1,220.0,2.0
2017-07-29 09:00:00,110.8614,29.4,25.0,1013.0,5.1,240.0,4.0
2017-07-29 10:00:00,111.9816,30.6,23.9,1013.1,5.7,240.0,4.0
2017-07-29 11:00:00,99.6993,31.1,23.9,1012.7,4.6,220.0,
2017-07-29 12:00:00,98.499,28.3,22.8,1012.8,5.1,230.0,
2017-07-29 13:00:00,99.0992,31.1,24.4,1011.9,5.7,250.0,6.0
2017-07-29 14:00:00,99.25909999999999,31.1,22.8,1011.8,7.2,250.0,
2017-07-29 15:00:00,99.01910000000001,26.7,24.4,1012.1,6.7,290.0,
2017-07-29 16:00:00,98.259,29.4,24.4,1011.3,5.1,260.0,
2017-07-29 17:00:00,98.41900000000001,30.0,22.8,1010.9,4.1,260.0,
2017-07-29 18:00:00,98.7791,30.0,23.3,1011.0,4.6,240.0,
2017-07-29 19:00:00,98.57910000000001,28.9,23.9,1011.3,4.6,230.0,8.0
2017-07-29 20:00:00,98.9791,28.3,23.3,1011.3,3.6,240.0,
2017-07-29 21:00:00,100.2593,27.8,23.9,1011.7,3.6,230.0,
2017-07-29 22:00:00,99.3392,26.7,24.4,1012.1,2.6,210.0,
2017-07-29 23:00:00,99.3792,26.7,25.0,1012.2,2.6,210.0,
2017-07-30 00:00:00,98.9391,25.6,25.0,1012.0,2.6,190.0,
2017-07-30 01:00:00,102.4998,25.6,25.0,1011.7,2.1,200.0,6.0
2017-07-30 02:00:00,103.1399,25.6,25.0,1011.3,3.1,200.0,
2017-07-30 03:00:00,101.61959999999999,25.6,25.0,1010.5,3.1,200.0,
2017-07-30 04:00:00,103.0999,25.6,25.0,1011.0,2.6,210.0,
2017-07-30 05:00:00,103.4599,25.0,25.0,1011.1,3.1,200.0,
2017-07-30 06:00:00,104.9803,25.0,25.0,1011.2,3.1,200.0,
2017-07-30 07:00:00,102.6198,26.1,25.6,1011.6,2.6,190.0,6.0
2017-07-30 08:00:00,111.1815,27.2,25.0,1011.6,4.6,210.0,
2017-07-30 09:00:00,102.21969999999999,27.8,25.0,1011.9,4.6,220.0,
2017-07-30 10:00:00,99.45920000000001,27.2,25.0,1012.5,4.6,240.0,
2017-07-30 11:00:00,99.4191,27.8,26.1,1012.4,4.6,230.0,
2017-07-30 12:00:00,98.73910000000001,26.7,24.4,1012.8,4.1,250.0,
2017-07-30 13:00:00,98.339,26.1,25.0,1012.3,3.1,240.0,8.0
2017-07-30 14:00:00,97.9789,25.0,25.0,,2.6,260.0,
2017-07-30 15:00:00,92.6979,26.7,25.0,1012.2,0.0,0.0,
2017-07-30 16:00:00,98.85900000000001,25.0,25.0,1012.4,2.1,220.0,
2017-07-30 17:00:00,97.8989,25.0,25.0,1012.5,0.0,0.0,
2017-07-30 18:00:00,97.7789,25.0,25.0,1012.4,0.0,0.0,
2017-07-30 19:00:00,98.0189,25.0,25.0,1012.1,0.0,0.0,6.0
2017-07-30 20:00:00,98.0589,25.0,25.0,1012.8,2.1,50.0,
2017-07-30 21:00:00,99.09909999999999,24.4,24.4,1013.8,1.5,90.0,
2017-07-30 22:00:00,96.5386,24.4,24.4,1013.9,0.0,0.0,
2017-07-30 23:00:00,95.2184,24.4,24.4,1014.2,2.6,20.0,
2017-07-31 00:00:00,94.9783,24.4,24.4,1013.6,0.0,0.0,
2017-07-31 01:00:00,98.8991,23.9,23.3,1013.2,2.1,210.0,6.0
2017-07-31 02:00:00,99.0191,23.3,23.3,1012.7,0.0,0.0,
2017-07-31 03:00:00,99.89920000000001,23.3,23.3,1013.0,2.6,200.0,
2017-07-31 04:00:00,98.499,23.3,23.3,1012.8,2.6,310.0,
2017-07-31 05:00:00,97.5788,23.3,23.3,1012.7,1.5,240.0,
2017-07-31 06:00:00,96.3786,23.9,23.9,1013.2,2.6,230.0,
2017-07-31 07:00:00,96.65870000000001,24.4,23.9,1013.6,2.1,290.0,6.0
2017-07-31 08:00:00,98.69909999999999,25.0,23.9,1014.0,2.1,320.0,
2017-07-31 09:00:00,98.859,25.6,23.9,1014.2,1.5,60.0,
2017-07-31 10:00:00,97.7388,25.0,24.4,1014.6,2.6,130.0,
2017-07-31 11:00:00,97.8989,23.9,23.9,1014.9,0.0,0.0,
2017-07-31 12:00:00,96.77860000000001,24.4,23.9,1014.2,0.0,0.0,
2017-07-31 13:00:00,96.2185,25.0,24.4,1014.0,3.6,60.0,8.0
2017-07-31 14:00:00,96.3786,25.0,23.9,1013.7,4.1,30.0,
2017-07-31 15:00:00,94.37819999999999,24.4,24.4,1013.7,4.6,20.0,
2017-07-31 16:00:00,94.4182,25.0,24.4,1013.1,4.1,10.0,
2017-07-31 17:00:00,93.93809999999999,25.0,23.3,,6.7,30.0,
2017-07-31 18:00:00,82.936,23.9,23.9,1012.9,6.2,20.0,
2017-07-31 19:00:00,93.93809999999999,23.9,23.3,1013.2,6.2,30.0,6.0
2017-07-31 20:00:00,94.6182,23.9,23.3,1014.1,4.1,40.0,
2017-07-31 21:00:00,95.45840000000001,23.9,23.9,1014.5,6.7,10.0,
2017-07-31 22:00:00,93.4981,23.9,23.9,1014.6,5.1,360.0,
2017-07-31 23:00:00,93.538,23.9,23.9,1014.3,3.6,10.0,
2017-08-01 00:00:00,94.4582,23.9,23.9,1013.8,3.1,360.0,
2017-08-01 01:00:00,92.5378,23.9,23.9,1013.6,3.1,10.0,8.0
2017-08-01 02:00:00,94.2582,23.9,23.9,1013.2,4.1,340.0,
2017-08-01 03:00:00,93.2179,23.9,23.9,1013.3,3.6,340.0,
2017-08-01 04:00:00,93.578,23.9,23.9,1013.7,3.1,320.0,
2017-08-01 05:00:00,94.57820000000001,23.9,23.9,1014.2,3.1,330.0,
2017-08-01 06:00:00,96.0985,23.9,23.9,,3.6,310.0,
2017-08-01 07:00:00,94.4182,24.4,23.9,1014.5,5.1,340.0,6.0
2017-08-01 08:00:00,98.2989,26.1,24.4,1015.2,3.1,340.0,
2017-08-01 09:00:00,97.5388,26.7,23.9,1015.8,2.6,340.0,
2017-08-01 10:00:00,97.8989,28.3,23.9,1016.2,2.1,300.0,
2017-08-01 11:00:00,98.819,30.0,23.3,1016.1,1.5,50.0,
2017-08-01 12:00:00,97.4588,30.6,22.2,1015.8,2.1,,
2017-08-01 13:00:00,98.1389,30.6,22.2,1015.4,3.6,340.0,4.0
2017-08-01 14:00:00,99.1391,31.7,22.2,1014.7,0.0,0.0,
2017-08-01 15:00:00,97.8589,32.2,22.2,1014.9,3.1,230.0,
2017-08-01 16:00:00,98.339,32.8,22.2,1014.6,1.5,,
2017-08-01 17:00:00,98.81909999999999,32.8,21.1,1014.2,1.5,,
2017-08-01 18:00:00,99.25919999999999,31.1,22.2,1014.9,1.5,130.0,
2017-08-01 19:00:00,99.85929999999999,28.3,24.4,1016.2,6.2,70.0,6.0
2017-08-01 20:00:00,100.01929999999999,27.2,23.9,1017.0,4.1,70.0,
2017-08-01 21:00:00,100.4593,27.2,23.9,1017.3,4.1,90.0,
2017-08-01 22:00:00,98.9791,23.9,23.9,1018.3,0.0,0.0,
2017-08-01 23:00:00,95.6584,23.9,23.9,1018.0,1.5,190.0,
2017-08-02 00:00:00,98.0989,23.9,23.9,1017.5,2.1,170.0,
2017-08-02 01:00:00,96.9787,23.9,23.9,1017.1,0.0,0.0,6.0
2017-08-02 02:00:00,96.6586,23.3,23.3,1017.3,1.5,190.0,
2017-08-02 03:00:00,98.9391,23.3,23.3,1016.9,0.0,0.0,4.0
2017-08-02 04:00:00,97.4588,23.9,23.9,1016.6,0.0,0.0,
2017-08-02 05:00:00,95.7385,23.9,23.9,1017.0,0.0,0.0,4.0
2017-08-02 06:00:00,98.9791,23.3,23.3,1017.9,2.1,170.0,
2017-08-02 07:00:00,97.4588,24.4,24.4,1018.4,2.6,180.0,6.0
2017-08-02 08:00:00,97.2587,25.6,24.4,1018.7,2.1,190.0,
2017-08-02 09:00:00,96.2586,26.7,24.4,1019.0,2.6,200.0,
2017-08-02 10:00:00,93.138,28.3,24.4,1018.9,2.6,170.0,
2017-08-02 11:00:00,95.7384,28.9,23.9,1019.2,4.6,200.0,
2017-08-02 12:00:00,95.0984,29.4,24.4,1019.0,3.6,210.0,
2017-08-02 13:00:00,97.3788,29.4,24.4,1018.2,4.1,180.0,8.0
2017-08-02 14:00:00,97.9389,26.7,21.1,1018.2,12.4,200.0,
2017-08-02 15:00:00,105.46039999999999,24.0,24.0,1018.7,5.7,240.0,
2017-08-02 16:00:00,115.7424,24.4,23.9,1017.9,2.6,220.0,
2017-08-02 17:00:00,118.3028,25.6,23.9,1018.2,2.6,240.0,
2017-08-02 18:00:00,118.02279999999999,25.6,23.3,1018.7,3.1,210.0,
2017-08-02 19:00:00,118.6629,25.0,23.3,1019.2,4.1,220.0,8.0
2017-08-02 20:00:00,118.7029,24.4,23.3,1019.0,0.0,0.0,
2017-08-02 21:00:00,118.8629,23.3,23.3,1020.0,1.5,200.0,
2017-08-02 22:00:00,117.7827,23.9,23.9,1020.0,0.0,0.0,
2017-08-02 23:00:00,115.82230000000001,23.3,23.3,1020.1,2.1,180.0,
2017-08-03 00:00:00,114.46209999999999,23.9,23.3,1020.2,3.6,180.0,
2017-08-03 01:00:00,115.5023,23.3,23.3,1019.6,1.5,180.0,6.0
2017-08-03 02:00:00,114.02199999999999,23.3,23.3,1019.1,2.6,170.0,
2017-08-03 03:00:00,114.94219999999999,23.3,23.3,1018.6,3.6,170.0,
2017-08-03 04:00:00,112.42170000000002,23.3,23.3,1018.8,3.6,170.0,
2017-08-03 05:00:00,113.902,23.3,23.3,1019.2,2.1,200.0,
2017-08-03 06:00:00,114.4221,23.3,23.3,1019.9,0.0,0.0,
2017-08-03 07:00:00,115.8624,23.9,23.9,1020.4,1.5,160.0,6.0
2017-08-03 08:00:00,117.74270000000001,25.6,23.9,1020.7,2.6,170.0,
2017-08-03 09:00:00,115.4623,27.8,24.4,1020.8,3.6,160.0,4.0
2017-08-03 10:00:00,99.1391,29.4,25.0,1020.9,3.6,180.0,4.0
2017-08-03 11:00:00,100.7795,31.1,25.0,1020.7,3.6,140.0,4.0
2017-08-03 12:00:00,98.739,31.7,25.0,1020.1,4.6,190.0,4.0
2017-08-03 13:00:00,98.219,32.2,23.3,1019.7,5.7,160.0,6.0
2017-08-03 14:00:00,98.41900000000001,32.8,22.8,1018.9,4.6,190.0,4.0
2017-08-03 15:00:00,99.4592,33.3,22.8,1018.1,6.2,220.0,
2017-08-03 16:00:00,103.7,33.9,22.8,1017.8,3.6,220.0,
2017-08-03 17:00:00,106.3006,24.4,23.3,,8.8,260.0,
2017-08-03 18:00:00,100.6994,24.4,23.9,1020.1,5.1,360.0,
2017-08-03 19:00:00,98.739,24.4,23.9,1021.3,3.6,80.0,8.0
2017-08-03 20:00:00,103.8201,24.4,23.9,1021.6,4.6,80.0,
2017-08-03 21:00:00,105.5804,23.9,23.9,1021.4,2.1,80.0,
2017-08-03 22:00:00,104.0201,23.9,23.9,1021.5,0.0,0.0,
2017-08-03 23:00:00,100.7795,23.9,23.9,1021.5,2.1,160.0,
2017-08-04 00:00:00,99.6593,23.9,23.9,1021.2,0.0,0.0,
2017-08-04 01:00:00,98.299,23.3,23.3,1020.4,1.5,140.0,6.0
2017-08-04 02:00:00,96.8187,23.3,23.3,1019.5,3.6,120.0,
2017-08-04 03:00:00,97.7789,22.8,22.8,1019.2,2.1,150.0,4.0
2017-08-04 04:00:00,97.6189,22.8,22.8,1019.2,0.0,0.0,
2017-08-04 05:00:00,97.37880000000001,23.3,23.3,1019.4,0.0,0.0,
2017-08-04 06:00:00,100.6594,23.3,23.3,1019.6,1.5,130.0,
2017-08-04 07:00:00,98.699,24.4,23.9,1020.2,0.0,0.0,6.0
2017-08-04 08:00:00,105.1403,25.6,25.0,1020.6,2.1,160.0,
2017-08-04 09:00:00,105.4603,27.8,26.1,1020.5,4.1,160.0,
2017-08-04 10:00:00,105.3803,29.4,26.7,1020.7,4.1,140.0,
2017-08-04 11:00:00,105.30030000000001,30.6,26.1,1020.6,3.1,160.0,
2017-08-04 12:00:00,105.7404,31.1,25.0,1020.1,2.6,180.0,
2017-08-04 13:00:00,107.3007,32.2,25.0,1019.3,3.6,180.0,6.0
2017-08-04 14:00:00,106.5406,32.8,23.9,1018.6,4.6,180.0,
2017-08-04 15:00:00,105.7005,32.8,23.3,1018.0,3.1,150.0,
2017-08-04 16:00:00,106.5806,32.8,22.8,1017.7,2.6,190.0,
2017-08-04 17:00:00,106.9006,32.8,22.2,1017.3,4.1,190.0,
2017-08-04 18:00:00,105.9405,31.7,21.7,1017.7,3.1,200.0,
2017-08-04 19:00:00,108.18090000000001,30.0,23.3,1018.4,1.5,190.0,6.0
2017-08-04 20:00:00,108.6209,27.8,23.9,1018.7,2.1,200.0,
2017-08-04 21:00:00,110.0212,28.3,25.6,1019.5,0.0,0.0,
2017-08-04 22:00:00,106.3006,27.8,23.3,1020.0,2.1,350.0,
2017-08-04 23:00:00,104.2601,26.7,23.3,1019.8,2.1,360.0,
2017-08-05 00:00:00,104.9803,26.7,22.8,1019.3,2.1,50.0,
2017-08-05 01:00:00,105.6604,26.1,23.3,1018.6,2.1,80.0,6.0
2017-08-05 02:00:00,106.5806,25.6,23.3,1018.2,1.5,80.0,4.0
2017-08-05 03:00:00,107.9008,25.6,23.9,1018.0,1.5,360.0,
2017-08-05 04:00:00,104.78020000000001,25.0,24.4,1018.0,2.1,70.0,
2017-08-05 05:00:00,104.4602,25.0,24.4,1018.2,1.5,110.0,
2017-08-05 06:00:00,103.82,25.0,25.0,1018.0,3.1,130.0,
2017-08-05 07:00:00,101.2596,26.1,25.6,1018.6,2.6,160.0,6.0
2017-08-05 08:00:00,103.94,27.2,25.6,1018.7,4.6,170.0,
2017-08-05 09:00:00,117.1026,28.9,25.6,1019.2,4.6,200.0,
2017-08-05 10:00:00,97.5788,31.1,25.6,1019.4,3.1,240.0,4.0
2017-08-05 11:00:00,106.8606,30.6,23.9,1019.3,0.0,0.0,
2017-08-05 12:00:00,114.1421,32.2,24.4,1018.8,3.1,170.0,
2017-08-05 13:00:00,103.25999999999999,32.8,23.3,1018.3,1.5,,6.0
2017-08-05 14:00:00,104.02010000000001,33.3,23.3,1017.8,2.6,220.0,
2017-08-05 15:00:00,104.46010000000001,33.3,22.8,1017.0,2.1,,
2017-08-05 16:00:00,104.18010000000001,32.8,23.9,1016.7,2.6,10.0,
2017-08-05 17:00:00,103.69999999999999,26.1,22.8,1017.8,3.6,140.0,
2017-08-05 18:00:00,100.0993,23.9,22.8,1019.1,2.6,170.0,
2017-08-05 19:00:00,101.9397,23.9,23.9,1018.4,2.6,170.0,8.0
2017-08-05 20:00:00,104.6601,23.9,23.9,1018.1,0.0,0.0,
2017-08-05 21:00:00,104.6601,25.0,23.9,1018.1,0.0,0.0,
2017-08-05 22:00:00,104.3001,25.6,24.4,1018.9,1.5,340.0,
2017-08-05 23:00:00,97.4588,25.0,24.4,1019.3,0.0,0.0,
2017-08-06 00:00:00,97.7388,25.0,23.9,1018.9,2.1,50.0,
2017-08-06 01:00:00,98.7791,23.9,23.9,1018.5,1.5,100.0,6.0
2017-08-06 02:00:00,94.4182,23.9,23.9,1017.8,1.5,100.0,
2017-08-06 03:00:00,97.5788,24.4,23.9,1017.6,0.0,0.0,
2017-08-06 04:00:00,97.45880000000001,24.4,24.4,1017.3,2.1,130.0,
2017-08-06 05:00:00,96.6987,24.4,24.4,1017.7,2.1,150.0,
2017-08-06 06:00:00,101.97970000000001,23.9,23.9,1018.0,1.5,130.0,4.0
2017-08-06 07:00:00,98.25890000000001,25.0,25.0,1018.6,1.5,160.0,2.0
2017-08-06 08:00:00,118.5429,26.7,25.6,1018.9,3.1,160.0,2.0
2017-08-06 09:00:00,114.66210000000001,28.3,25.6,1019.0,2.6,170.0,4.0
2017-08-06 10:00:00,104.3801,29.4,23.9,1019.0,3.6,200.0,2.0
2017-08-06 11:00:00,104.18,30.6,23.3,1019.1,1.5,170.0,4.0
2017-08-06 12:00:00,103.94,31.7,23.3,1019.1,1.5,,4.0
2017-08-06 13:00:00,105.34030000000001,32.2,21.1,1018.8,3.6,160.0,4.0
2017-08-06 14:00:00,104.94030000000001,32.8,22.8,1018.2,2.6,150.0,4.0
2017-08-06 15:00:00,105.7804,33.3,22.2,1017.6,2.6,,4.0
2017-08-06 16:00:00,104.9003,33.3,21.1,1017.2,2.6,110.0,4.0
2017-08-06 17:00:00,104.1801,32.2,24.4,1017.4,6.7,110.0,4.0
2017-08-06 18:00:00,105.78039999999999,31.1,23.9,1017.6,5.1,120.0,4.0
2017-08-06 19:00:00,106.06049999999999,29.4,23.3,1018.0,4.6,130.0,4.0
2017-08-06 20:00:00,104.5401,28.3,23.9,1018.5,4.1,120.0,4.0
2017-08-06 21:00:00,105.7004,27.8,25.0,1019.3,3.6,130.0,
2017-08-06 22:00:00,105.62039999999999,26.7,25.6,1019.9,3.1,130.0,
2017-08-06 23:00:00,106.3405,26.7,25.6,1019.6,2.6,120.0,0.0
2017-08-07 00:00:00,104.3801,26.1,25.6,1019.4,2.6,120.0,4.0
2017-08-07 01:00:00,104.5402,26.1,23.9,1018.7,3.1,120.0,4.0
2017-08-07 02:00:00,103.13990000000001,25.6,23.9,1018.1,2.6,140.0,0.0
2017-08-07 03:00:00,100.93950000000001,25.0,23.9,1017.6,2.6,120.0,0.0
2017-08-07 04:00:00,103.66,25.0,23.9,1017.2,2.1,130.0,0.0
2017-08-07 05:00:00,103.9,25.0,24.4,1017.4,2.1,130.0,0.0
2017-08-07 06:00:00,104.1802,25.6,25.0,1017.8,2.1,120.0,2.0
2017-08-07 07:00:00,104.1401,26.1,25.6,1018.1,2.1,80.0,2.0
2017-08-07 08:00:00,102.05969999999999,28.3,25.6,1018.4,3.1,140.0,2.0
2017-08-07 09:00:00,98.459,30.0,25.0,1018.5,4.1,130.0,
2017-08-07 10:00:00,104.74019999999999,30.0,25.0,1018.8,4.6,150.0,
2017-08-07 11:00:00,106.22049999999999,31.7,23.3,1018.4,4.6,140.0,4.0
2017-08-07 12:00:00,107.2207,32.2,22.8,1018.1,6.2,180.0,4.0
2017-08-07 13:00:00,106.5406,32.8,22.8,1017.5,4.1,160.0,4.0
2017-08-07 14:00:00,103.86,33.3,23.9,1016.5,5.1,130.0,
2017-08-07 15:00:00,104.8203,33.3,23.3,1016.0,2.6,130.0,
2017-08-07 16:00:00,107.90090000000001,31.7,23.3,1015.8,5.7,120.0,
2017-08-07 17:00:00,107.5008,31.7,25.0,1015.3,5.7,110.0,
2017-08-07 18:00:00,107.26069999999999,30.6,24.4,1015.5,5.7,100.0,
2017-08-07 19:00:00,106.5806,28.9,25.0,1015.4,6.2,110.0,4.0
2017-08-07 20:00:00,107.26070000000001,28.3,24.4,1016.2,5.7,100.0,4.0
2017-08-07 21:00:00,108.581,27.8,24.4,1017.4,3.6,110.0,
2017-08-07 22:00:00,105.30030000000001,27.2,25.0,1017.9,3.1,110.0,
2017-08-07 23:00:00,105.4204,26.7,25.0,1018.2,2.6,130.0,
2017-08-08 00:00:00,105.5004,26.1,25.0,1017.9,2.6,130.0,2.0
2017-08-08 01:00:00,105.1003,26.1,25.6,1017.2,2.6,130.0,6.0
2017-08-08 02:00:00,106.54060000000001,25.6,25.6,1016.2,0.0,0.0,
2017-08-08 03:00:00,105.46029999999999,26.1,25.6,1016.0,0.0,0.0,
2017-08-08 04:00:00,101.9396,26.1,25.6,1016.1,0.0,0.0,
2017-08-08 05:00:00,100.4593,25.0,25.0,1016.0,0.0,0.0,4.0
2017-08-08 06:00:00,102.25980000000001,25.0,25.0,1016.4,1.5,160.0,
2017-08-08 07:00:00,125.2642,26.1,26.1,1016.6,1.5,170.0,6.0
2017-08-08 08:00:00,113.78200000000001,27.8,25.6,1017.1,4.6,160.0,4.0
2017-08-08 09:00:00,111.10140000000001,28.9,25.0,1017.6,5.1,160.0,
2017-08-08 10:00:00,105.18029999999999,30.6,25.6,1017.7,5.1,160.0,4.0
2017-08-08 11:00:00,102.8999,30.6,24.4,1017.5,4.1,170.0,
2017-08-08 12:00:00,96.1385,31.7,23.9,1017.0,4.6,190.0,4.0
2017-08-08 13:00:00,105.9005,32.8,23.3,1016.4,4.6,170.0,4.0
2017-08-08 14:00:00,105.3003,33.3,22.2,1015.6,3.6,170.0,2.0
2017-08-08 15:00:00,107.5808,33.3,20.6,1014.7,2.1,140.0,2.0
2017-08-08 16:00:00,106.7405,33.9,21.7,1014.4,3.1,180.0,2.0
2017-08-08 17:00:00,105.1003,33.3,21.1,1014.4,0.0,0.0,4.0
2017-08-08 18:00:00,102.1397,31.1,25.0,1014.6,6.2,130.0,
2017-08-08 19:00:00,106.98060000000001,30.0,24.4,1015.6,3.1,130.0,6.0
2017-08-08 20:00:00,107.6208,28.9,22.8,1016.1,4.6,130.0,
2017-08-08 21:00:00,108.1808,27.8,23.3,1016.7,3.6,130.0,
2017-08-08 22:00:00,106.1405,27.8,23.3,1018.0,0.0,0.0,
2017-08-08 23:00:00,103.09989999999999,27.2,24.4,1018.3,1.5,190.0,
2017-08-09 00:00:00,106.7406,25.6,25.0,1018.1,0.0,0.0,
2017-08-09 01:00:00,105.62040000000002,26.1,25.0,1017.2,1.5,150.0,6.0
2017-08-09 02:00:00,106.78059999999999,25.6,25.0,1017.0,2.1,180.0,
2017-08-09 03:00:00,106.9406,26.1,25.0,1016.7,1.5,40.0,
2017-08-09 04:00:00,103.62,26.1,25.0,1016.7,2.1,110.0,
2017-08-09 05:00:00,100.2594,25.6,25.0,1016.6,2.6,130.0,
2017-08-09 06:00:00,106.1005,25.6,25.0,1017.2,2.1,130.0,4.0
2017-08-09 07:00:00,126.02430000000001,25.6,25.0,1017.9,2.6,120.0,4.0
2017-08-09 08:00:00,122.6636,27.8,25.0,1018.6,2.6,130.0,4.0
2017-08-09 09:00:00,106.1005,29.4,23.9,1018.7,3.1,150.0,4.0
2017-08-09 10:00:00,105.1402,30.6,22.8,1019.2,3.1,130.0,4.0
2017-08-09 11:00:00,105.1403,31.1,23.3,1019.1,1.5,160.0,4.0
2017-08-09 12:00:00,101.2595,32.8,22.8,1018.7,2.1,,4.0
2017-08-09 13:00:00,104.3801,32.8,22.2,1018.2,1.5,160.0,4.0
2017-08-09 14:00:00,105.9005,33.3,21.7,1017.4,0.0,0.0,
2017-08-09 15:00:00,108.58090000000001,33.3,23.3,1016.9,4.1,110.0,
2017-08-09 16:00:00,107.0607,32.2,22.8,1016.6,4.6,100.0,
2017-08-09 17:00:00,107.0606,31.7,22.8,1016.8,4.6,110.0,
2017-08-09 18:00:00,105.3004,30.6,22.2,1017.2,5.1,100.0,
2017-08-09 19:00:00,105.78039999999999,29.4,22.2,1017.7,5.1,100.0,6.0
2017-08-09 20:00:00,105.8604,28.3,23.9,1018.0,4.6,90.0,
2017-08-09 21:00:00,107.82079999999999,27.2,24.4,1019.2,3.1,100.0,
2017-08-09 22:00:00,104.9802,27.2,24.4,1020.0,0.0,0.0,
2017-08-09 23:00:00,102.85990000000001,27.2,24.4,1020.0,2.1,60.0,
2017-08-10 00:00:00,104.7803,26.7,24.4,1020.1,2.6,60.0,
2017-08-10 01:00:00,104.2601,26.7,25.0,1019.6,3.1,60.0,4.0
2017-08-10 02:00:00,104.4201,26.1,25.0,1018.8,2.1,30.0,4.0
2017-08-10 03:00:00,103.2599,26.1,25.0,1018.0,2.1,60.0,4.0
2017-08-10 04:00:00,102.2197,25.6,25.0,1018.0,2.1,360.0,4.0
2017-08-10 05:00:00,99.73920000000001,25.6,25.0,1018.3,2.6,360.0,4.0
2017-08-10 06:00:00,105.9404,25.0,25.0,1018.5,2.6,350.0,4.0
2017-08-10 07:00:00,126.58439999999999,26.7,25.6,1018.7,2.6,350.0,4.0
2017-08-10 08:00:00,111.1014,28.3,25.0,1019.2,3.6,40.0,4.0
2017-08-10 09:00:00,107.1006,29.4,25.0,1019.4,2.6,40.0,4.0
2017-08-10 10:00:00,106.7406,31.1,24.4,1019.1,4.6,340.0,4.0
2017-08-10 11:00:00,105.30030000000001,31.1,23.3,1019.0,5.1,340.0,4.0
2017-08-10 12:00:00,101.2995,32.8,22.2,1018.6,6.7,10.0,4.0
2017-08-10 13:00:00,106.10050000000001,32.8,23.3,1018.4,5.7,350.0,6.0
2017-08-10 14:00:00,107.3407,33.3,22.8,1017.5,7.7,10.0,
2017-08-10 15:00:00,106.1405,33.9,22.2,1016.9,7.2,10.0,
2017-08-10 16:00:00,106.38059999999999,32.8,22.2,1016.4,7.2,10.0,
2017-08-10 17:00:00,105.8205,31.7,22.8,1016.6,5.1,30.0,
2017-08-10 18:00:00,105.7404,31.1,22.8,1016.6,6.2,20.0,
2017-08-10 19:00:00,97.09870000000001,28.9,23.3,1017.1,5.1,30.0,6.0
2017-08-10 20:00:00,95.2984,28.3,23.9,1017.5,4.6,10.0,
2017-08-10 21:00:00,96.25850000000001,27.2,23.9,1018.0,3.6,10.0,
2017-08-10 22:00:00,92.7378,26.7,24.4,1018.3,3.6,340.0,
2017-08-10 23:00:00,94.2581,26.7,24.4,1018.3,1.5,340.0,4.0
2017-08-11 00:00:00,95.0983,26.7,23.9,1017.6,3.1,320.0,4.0
2017-08-11 01:00:00,94.4582,26.1,24.4,1017.4,3.1,300.0,4.0
2017-08-11 02:00:00,96.4986,25.6,24.4,1017.2,2.6,260.0,4.0
2017-08-11 03:00:00,95.5784,25.6,24.4,1016.8,2.1,290.0,4.0
2017-08-11 04:00:00,95.85849999999999,25.6,25.0,1016.8,2.6,270.0,4.0
2017-08-11 05:00:00,96.6986,25.6,25.0,1016.6,2.1,260.0,
2017-08-11 06:00:00,97.8989,25.6,25.0,1016.9,2.6,250.0,
2017-08-11 07:00:00,122.6637,25.0,25.0,1017.0,2.6,260.0,6.0
2017-08-11 08:00:00,119.263,27.2,25.0,1017.7,3.1,270.0,
2017-08-11 09:00:00,106.1805,27.2,24.4,1018.0,3.1,270.0,
2017-08-11 10:00:00,107.54079999999999,28.3,23.3,1018.0,3.6,290.0,
2017-08-11 11:00:00,105.5403,30.0,23.3,1017.9,3.6,250.0,
2017-08-11 12:00:00,105.8204,31.1,23.3,1016.9,3.6,280.0,
2017-08-11 13:00:00,106.9006,31.7,23.3,1016.4,5.7,280.0,6.0
2017-08-11 14:00:00,106.54060000000001,30.6,23.3,1016.4,4.1,340.0,
2017-08-11 15:00:00,105.9804,29.4,23.9,1015.6,3.6,60.0,
2017-08-11 16:00:00,106.4605,27.2,25.0,1015.9,4.6,110.0,
2017-08-11 17:00:00,112.1016,26.7,24.4,1015.5,3.6,110.0,
2017-08-11 18:00:00,107.5808,26.7,24.4,1015.7,2.6,110.0,
2017-08-11 19:00:00,105.9805,26.1,24.4,1016.1,4.1,150.0,8.0
2017-08-11 20:00:00,107.3407,26.1,25.0,1016.5,2.1,190.0,
2017-08-11 21:00:00,107.66069999999999,26.1,25.6,1016.7,2.6,190.0,
2017-08-11 22:00:00,103.34,26.1,23.9,1016.9,2.6,200.0,
2017-08-11 23:00:00,96.5386,25.6,23.9,1016.5,3.1,210.0,
2017-08-12 00:00:00,92.49780000000001,25.6,23.9,1016.4,2.6,200.0,
2017-08-12 01:00:00,91.9777,24.4,23.9,1015.9,2.1,180.0,8.0
2017-08-12 02:00:00,93.218,25.0,24.4,1015.6,3.1,190.0,
2017-08-12 03:00:00,93.7781,24.4,24.4,1015.5,2.1,190.0,
2017-08-12 04:00:00,94.5382,24.4,24.4,1015.3,2.1,210.0,
2017-08-12 05:00:00,94.6182,23.9,23.9,1015.5,0.0,0.0,
2017-08-12 06:00:00,97.6588,23.3,23.3,1016.3,2.1,180.0,
2017-08-12 07:00:00,101.8997,24.4,24.4,1016.8,1.5,200.0,6.0
2017-08-12 08:00:00,105.9404,26.7,24.4,1017.0,3.1,210.0,4.0
2017-08-12 09:00:00,110.8214,28.3,24.4,1016.9,3.6,240.0,4.0
2017-08-12 10:00:00,115.9824,30.0,25.0,1016.4,3.1,190.0,
2017-08-12 11:00:00,115.22219999999999,30.6,23.9,1016.4,3.6,200.0,
2017-08-12 12:00:00,104.9002,32.2,23.9,1015.7,2.6,210.0,
2017-08-12 13:00:00,105.2603,32.8,23.3,1015.2,2.1,170.0,6.0
2017-08-12 14:00:00,106.6206,32.8,23.9,1014.5,3.1,140.0,
2017-08-12 15:00:00,106.3006,25.6,23.3,,4.1,290.0,
2017-08-12 16:00:00,98.179,26.1,25.0,1015.0,2.1,150.0,
2017-08-12 17:00:00,97.9389,26.1,24.4,1014.6,4.1,50.0,
2017-08-12 18:00:00,99.9793,25.6,25.0,1015.2,1.5,,
2017-08-12 19:00:00,104.94030000000001,26.1,25.6,1015.5,4.6,290.0,8.0
2017-08-12 20:00:00,105.1003,23.9,22.8,1015.5,1.5,30.0,
2017-08-12 21:00:00,104.74019999999999,23.9,23.3,1015.6,0.0,0.0,
2017-08-12 22:00:00,104.2601,23.9,23.9,1016.3,0.0,0.0,
2017-08-12 23:00:00,103.26,24.4,24.4,1016.2,0.0,0.0,
2017-08-13 00:00:00,103.0599,23.9,23.9,1015.6,0.0,0.0,
2017-08-13 01:00:00,97.33879999999999,23.9,23.9,1015.0,1.5,150.0,4.0
2017-08-13 02:00:00,93.81809999999999,23.9,23.9,1014.9,2.1,210.0,4.0
2017-08-13 03:00:00,99.7393,24.4,24.4,1014.7,0.0,0.0,4.0
2017-08-13 04:00:00,103.13990000000001,24.4,24.4,1014.4,0.0,0.0,2.0
2017-08-13 05:00:00,104.18010000000001,23.9,23.9,1014.7,2.1,210.0,2.0
2017-08-13 06:00:00,107.1007,23.3,23.3,1015.2,0.0,0.0,2.0
2017-08-13 07:00:00,105.0603,24.4,24.4,1015.7,0.0,0.0,2.0
2017-08-13 08:00:00,100.13929999999999,26.7,24.4,1015.8,3.1,230.0,2.0
2017-08-13 09:00:00,113.542,28.3,25.0,1016.1,2.6,190.0,2.0
2017-08-13 10:00:00,95.7785,30.0,24.4,1016.4,0.0,0.0,4.0
2017-08-13 11:00:00,95.1384,31.1,24.4,1016.2,2.6,300.0,
2017-08-13 12:00:00,105.6604,30.6,23.9,1015.7,2.1,170.0,
2017-08-13 13:00:00,105.18029999999999,25.0,24.4,1016.2,1.5,240.0,6.0
2017-08-13 14:00:00,103.25999999999999,26.7,25.0,1015.7,5.1,290.0,
2017-08-13 15:00:00,104.4202,27.8,24.4,1014.6,4.1,270.0,
2017-08-13 16:00:00,104.2201,28.3,23.3,1014.9,1.5,320.0,
2017-08-13 17:00:00,105.5404,28.3,23.9,1014.8,1.5,290.0,
2017-08-13 18:00:00,105.8204,28.3,23.9,1014.9,0.0,0.0,
2017-08-13 19:00:00,106.1805,26.7,24.4,1014.9,2.1,100.0,4.0
2017-08-13 20:00:00,105.66040000000001,26.1,24.4,1015.5,2.1,140.0,
2017-08-13 21:00:00,107.9008,25.6,25.0,1016.1,2.1,170.0,4.0
2017-08-13 22:00:00,104.9003,25.6,25.0,1016.5,2.1,170.0,
2017-08-13 23:00:00,104.5402,25.0,25.0,1016.7,1.5,170.0,2.0
2017-08-14 00:00:00,105.5804,25.0,25.0,1016.2,2.6,170.0,4.0
2017-08-14 01:00:00,101.2596,25.0,23.9,1015.1,1.5,180.0,4.0
2017-08-14 02:00:00,91.3776,24.4,23.9,1014.5,0.0,0.0,2.0
2017-08-14 03:00:00,95.4984,23.9,23.9,1014.1,0.0,0.0,2.0
2017-08-14 04:00:00,104.86030000000001,23.3,23.3,1014.3,2.1,170.0,2.0
2017-08-14 05:00:00,100.41929999999999,23.3,23.3,1014.4,2.1,190.0,2.0
2017-08-14 06:00:00,104.7402,23.9,23.9,1014.9,2.1,210.0,2.0
2017-08-14 07:00:00,107.74080000000001,25.0,25.0,1015.4,2.6,220.0,2.0
2017-08-14 08:00:00,118.1428,26.7,25.0,1015.9,2.1,220.0,2.0
2017-08-14 09:00:00,105.6604,28.9,25.0,1016.1,2.1,,2.0
2017-08-14 10:00:00,105.4203,30.6,24.4,1016.1,3.6,270.0,4.0
2017-08-14 11:00:00,105.5004,30.6,23.9,1016.2,2.6,,4.0
2017-08-14 12:00:00,107.2607,31.7,23.3,1015.9,1.5,250.0,4.0
2017-08-14 13:00:00,107.0207,32.8,23.3,1015.1,3.6,220.0,4.0
2017-08-14 14:00:00,107.0607,31.1,23.3,1014.6,6.2,260.0,
2017-08-14 15:00:00,106.26050000000001,33.3,22.8,1013.7,4.6,220.0,
2017-08-14 16:00:00,104.6602,31.7,23.3,1013.8,3.6,240.0,4.0
2017-08-14 17:00:00,105.3803,32.8,22.8,1013.2,3.1,230.0,4.0
2017-08-14 18:00:00,105.6604,30.0,22.8,1013.9,4.6,240.0,
2017-08-14 19:00:00,105.8204,28.9,23.3,1014.2,3.6,230.0,6.0
2017-08-14 20:00:00,103.86010000000002,28.9,23.9,1014.6,2.1,330.0,
2017-08-14 21:00:00,104.5401,28.3,23.9,1015.2,2.1,250.0,
2017-08-14 22:00:00,98.9791,26.1,25.0,1015.6,0.0,0.0,
2017-08-14 23:00:00,102.0598,27.2,24.4,1015.9,1.5,250.0,4.0
2017-08-15 00:00:00,103.7,26.7,24.4,1015.2,2.1,260.0,2.0
2017-08-15 01:00:00,102.4998,26.1,24.4,1014.9,1.5,270.0,0.0
2017-08-15 02:00:00,103.66,24.4,24.4,1014.6,2.1,200.0,0.0
2017-08-15 03:00:00,100.5394,25.6,24.4,1014.5,1.5,230.0,0.0
2017-08-15 04:00:00,99.5392,24.4,24.4,1014.3,2.1,210.0,0.0
2017-08-15 05:00:00,97.49879999999999,25.0,25.0,1014.6,0.0,0.0,2.0
2017-08-15 06:00:00,99.2191,24.4,24.4,1015.0,1.5,210.0,4.0
2017-08-15 07:00:00,98.1389,25.6,25.6,1015.7,2.1,220.0,4.0
2017-08-15 08:00:00,105.6604,28.3,25.6,1016.5,3.1,230.0,4.0
2017-08-15 09:00:00,106.82060000000001,28.9,25.0,1016.6,4.1,260.0,4.0
2017-08-15 10:00:00,104.90020000000001,31.1,23.3,1016.6,4.1,250.0,4.0
2017-08-15 11:00:00,108.981,31.7,23.9,1016.6,3.6,260.0,4.0
2017-08-15 12:00:00,104.8602,30.6,23.9,1016.5,4.1,280.0,4.0
2017-08-15 13:00:00,102.0997,32.8,22.8,1015.8,4.1,290.0,
2017-08-15 14:00:00,104.02009999999999,32.8,23.3,1015.4,4.1,270.0,
2017-08-15 15:00:00,105.5804,32.8,23.9,1014.8,5.1,320.0,
2017-08-15 16:00:00,104.7002,31.7,23.9,1014.5,3.6,270.0,
2017-08-15 17:00:00,97.33879999999999,32.2,23.9,1014.6,2.6,280.0,
2017-08-15 18:00:00,104.2201,31.7,22.8,1014.9,2.6,270.0,
2017-08-15 19:00:00,104.78020000000001,30.6,23.3,1015.4,2.6,270.0,6.0
2017-08-15 20:00:00,104.7002,29.4,23.9,1015.9,3.1,280.0,4.0
2017-08-15 21:00:00,106.3805,28.9,23.9,1016.5,2.1,230.0,
2017-08-15 22:00:00,104.42009999999999,28.3,25.0,1017.4,0.0,0.0,
2017-08-15 23:00:00,102.81989999999999,26.7,25.6,1017.7,2.6,160.0,
2017-08-16 00:00:00,102.8999,26.1,25.6,1017.5,1.5,200.0,
2017-08-16 01:00:00,103.90010000000001,26.7,25.6,1016.7,2.1,250.0,6.0
2017-08-16 02:00:00,102.2998,25.0,25.0,1016.3,1.5,200.0,
2017-08-16 03:00:00,103.74000000000001,25.0,25.0,1016.3,1.5,180.0,
2017-08-16 04:00:00,97.4588,25.6,25.6,1016.5,0.0,0.0,
2017-08-16 05:00:00,92.4178,25.6,25.6,1017.1,0.0,0.0,
2017-08-16 06:00:00,93.65799999999999,25.6,25.6,1017.8,1.5,230.0,
2017-08-16 07:00:00,97.21879999999999,27.2,25.6,1018.5,0.0,0.0,4.0
2017-08-16 08:00:00,106.4205,28.9,25.0,1019.0,0.0,0.0,4.0
2017-08-16 09:00:00,105.02029999999999,30.6,25.6,1019.1,3.1,10.0,4.0
2017-08-16 10:00:00,105.2603,31.1,23.9,1019.4,0.0,0.0,4.0
2017-08-16 11:00:00,103.86,31.7,23.9,1019.0,1.5,,4.0
2017-08-16 12:00:00,103.78,32.2,22.8,1018.5,2.1,80.0,4.0
2017-08-16 13:00:00,101.8597,33.3,24.4,1017.8,4.1,70.0,6.0
2017-08-16 14:00:00,104.6201,31.7,23.9,1017.5,3.1,60.0,
2017-08-16 15:00:00,103.4599,26.0,24.0,1018.6,5.1,300.0,
2017-08-16 16:00:00,103.90010000000001,25.0,23.9,1018.0,1.5,160.0,
2017-08-16 17:00:00,103.37989999999999,26.1,23.9,1018.1,3.6,120.0,
2017-08-16 18:00:00,103.90010000000001,26.1,23.9,1018.0,2.6,150.0,
2017-08-16 19:00:00,102.97989999999999,25.0,23.9,1017.6,1.5,170.0,6.0
2017-08-16 20:00:00,102.7799,24.4,23.3,1017.8,0.0,0.0,
2017-08-16 21:00:00,103.58,23.9,23.3,1018.4,0.0,0.0,2.0
2017-08-16 22:00:00,95.45840000000001,23.9,23.3,1018.7,0.0,0.0,4.0
2017-08-16 23:00:00,102.0197,23.9,23.9,1018.8,2.1,190.0,2.0
2017-08-17 00:00:00,103.2199,23.9,23.9,1018.8,0.0,0.0,2.0
2017-08-17 01:00:00,96.6186,23.9,23.9,1018.4,0.0,0.0,2.0
2017-08-17 02:00:00,92.6578,23.9,23.9,1018.1,0.0,0.0,0.0
2017-08-17 03:00:00,94.29820000000001,23.9,23.9,1017.9,2.1,190.0,4.0
2017-08-17 04:00:00,94.0981,24.4,24.4,1017.6,0.0,0.0,0.0
2017-08-17 05:00:00,94.0181,23.9,23.9,1018.3,0.0,0.0,2.0
2017-08-17 06:00:00,97.49879999999999,23.3,23.3,1018.8,1.5,180.0,2.0
2017-08-17 07:00:00,97.37880000000001,24.4,24.4,1018.9,0.0,0.0,2.0
2017-08-17 08:00:00,104.1401,27.2,25.0,1019.2,2.1,220.0,2.0
2017-08-17 09:00:00,104.0201,29.4,25.0,1019.0,1.5,220.0,2.0
2017-08-17 10:00:00,104.9002,30.0,24.4,1018.9,0.0,0.0,4.0
2017-08-17 11:00:00,105.3404,31.1,23.9,1018.8,0.0,0.0,4.0
2017-08-17 12:00:00,102.2597,31.7,22.8,1018.4,1.5,270.0,4.0
2017-08-17 13:00:00,98.8591,32.2,22.2,1017.7,0.0,0.0,4.0
2017-08-17 14:00:00,104.5002,31.7,23.9,1016.7,2.1,160.0,4.0
2017-08-17 15:00:00,104.78020000000001,33.9,22.8,1016.0,1.5,270.0,
2017-08-17 16:00:00,106.3006,31.7,24.4,1015.5,0.0,0.0,
2017-08-17 17:00:00,102.0997,23.3,23.3,,9.8,50.0,
2017-08-17 18:00:00,97.4588,24.4,22.8,1016.7,0.0,0.0,
2017-08-17 19:00:00,96.6986,23.3,23.3,1017.3,3.1,180.0,6.0
2017-08-17 20:00:00,96.5387,23.9,23.9,1017.8,1.5,200.0,
2017-08-17 21:00:00,95.8185,23.9,23.9,1018.4,2.6,180.0,2.0
2017-08-17 22:00:00,93.218,23.9,23.9,1018.2,2.1,230.0,2.0
2017-08-17 23:00:00,92.4178,23.9,23.9,1017.8,0.0,0.0,2.0
2017-08-18 00:00:00,92.89789999999999,23.9,23.9,1017.6,2.6,280.0,
2017-08-18 01:00:00,94.29820000000001,23.9,23.9,1016.5,0.0,0.0,2.0
2017-08-18 02:00:00,94.37819999999999,22.8,22.8,1016.1,1.5,160.0,0.0
2017-08-18 03:00:00,94.0981,22.8,22.8,1015.8,1.5,180.0,4.0
2017-08-18 04:00:00,94.0181,22.8,22.8,1015.9,0.0,0.0,
2017-08-18 05:00:00,94.4182,23.3,23.3,1016.1,0.0,0.0,4.0
2017-08-18 06:00:00,95.0983,23.9,23.9,1016.5,0.0,0.0,4.0
2017-08-18 07:00:00,103.0599,23.9,23.9,1017.0,0.0,0.0,4.0
2017-08-18 08:00:00,104.90020000000001,25.6,24.4,1017.1,0.0,0.0,4.0
2017-08-18 09:00:00,105.38040000000001,27.8,25.0,1017.3,0.0,0.0,4.0
2017-08-18 10:00:00,105.3003,30.6,25.0,1017.1,1.5,30.0,4.0
2017-08-18 11:00:00,105.1002,30.0,23.9,1016.9,0.0,0.0,4.0
2017-08-18 12:00:00,98.459,31.7,24.4,1016.2,0.0,0.0,4.0
2017-08-18 13:00:00,98.499,32.2,24.4,1015.7,2.6,,6.0
2017-08-18 14:00:00,97.6188,33.3,23.9,1015.0,4.6,160.0,
2017-08-18 15:00:00,101.4596,32.8,23.9,1014.5,3.1,170.0,
2017-08-18 16:00:00,105.1003,28.9,22.8,1015.3,7.2,280.0,
2017-08-18 17:00:00,105.8205,28.3,23.9,1015.3,7.2,320.0,
2017-08-18 18:00:00,105.7404,27.2,22.8,1015.9,6.7,340.0,
2017-08-18 19:00:00,105.18029999999999,26.7,23.3,1016.5,3.6,360.0,6.0
2017-08-18 20:00:00,107.9408,26.1,22.8,1016.7,0.0,0.0,4.0
2017-08-18 21:00:00,107.6207,23.9,21.7,1017.4,2.6,170.0,2.0
2017-08-18 22:00:00,107.3007,23.9,21.7,1016.5,0.0,0.0,4.0
2017-08-18 23:00:00,106.0204,23.3,22.2,1016.4,2.6,170.0,4.0
2017-08-19 00:00:00,105.3404,22.8,21.7,1016.5,3.1,210.0,
2017-08-19 01:00:00,99.5392,24.0,22.0,,0.0,0.0,6.0
2017-08-19 02:00:00,95.5384,23.3,22.2,1015.6,0.0,0.0,
2017-08-19 03:00:00,96.6586,22.8,22.8,1015.5,0.0,0.0,
2017-08-19 04:00:00,102.81989999999999,22.8,22.8,1015.3,1.5,140.0,
2017-08-19 05:00:00,102.0197,22.8,22.8,1015.1,0.0,0.0,
2017-08-19 06:00:00,104.46010000000001,22.8,22.8,1015.4,0.0,0.0,4.0
2017-08-19 07:00:00,102.97980000000001,23.9,23.3,1015.8,0.0,0.0,4.0
2017-08-19 08:00:00,110.3413,26.1,23.3,1016.3,1.5,290.0,4.0
2017-08-19 09:00:00,100.49940000000001,27.8,22.8,1016.5,0.0,0.0,4.0
2017-08-19 10:00:00,96.4586,29.4,23.3,1016.5,2.1,,4.0
2017-08-19 11:00:00,107.4607,30.6,22.2,1016.4,0.0,0.0,2.0
2017-08-19 12:00:00,118.7429,32.2,22.2,1016.0,0.0,0.0,2.0
2017-08-19 13:00:00,105.18029999999999,32.8,22.2,1015.6,2.1,,4.0
2017-08-19 14:00:00,105.02029999999999,33.3,22.8,1014.8,1.5,,4.0
2017-08-19 15:00:00,106.26050000000001,33.3,22.2,1014.1,3.6,140.0,4.0
2017-08-19 16:00:00,105.9004,33.3,20.6,1014.0,2.6,,
2017-08-19 17:00:00,105.7004,33.3,20.6,1013.5,2.6,160.0,4.0
2017-08-19 18:00:00,106.1405,32.8,22.2,1013.4,3.1,170.0,4.0
2017-08-19 19:00:00,105.94040000000001,30.0,23.3,1013.5,5.1,130.0,6.0
2017-08-19 20:00:00,103.3399,28.3,21.1,1014.9,3.6,130.0,2.0
2017-08-19 21:00:00,107.4607,27.8,23.9,1015.7,3.6,120.0,2.0
2017-08-19 22:00:00,105.78040000000001,26.7,25.0,1015.8,3.1,140.0,2.0
2017-08-19 23:00:00,106.54060000000001,26.1,25.0,1016.2,2.1,170.0,2.0
2017-08-20 00:00:00,105.0203,26.1,25.6,1015.9,2.1,160.0,
2017-08-20 01:00:00,106.70060000000001,26.1,25.6,1016.0,2.1,280.0,4.0
2017-08-20 02:00:00,107.3407,26.7,25.0,1015.7,0.0,0.0,
2017-08-20 03:00:00,107.22059999999999,25.0,25.0,1015.5,0.0,0.0,
2017-08-20 04:00:00,105.7004,25.0,25.0,1015.4,0.0,0.0,
2017-08-20 05:00:00,101.8997,25.6,25.0,1015.8,2.1,80.0,2.0
2017-08-20 06:00:00,103.86,25.6,25.0,1016.3,0.0,0.0,4.0
2017-08-20 07:00:00,118.3029,25.6,25.6,1016.8,1.5,90.0,6.0
2017-08-20 08:00:00,120.6233,26.7,25.6,1017.2,0.0,0.0,
2017-08-20 09:00:00,118.2628,28.3,25.6,1017.4,1.5,130.0,
2017-08-20 10:00:00,109.90119999999999,30.6,25.0,1017.7,2.6,,
2017-08-20 11:00:00,101.53960000000001,30.6,23.9,1017.7,3.6,100.0,
2017-08-20 12:00:00,95.6585,31.1,24.4,1017.7,2.6,,
2017-08-20 13:00:00,95.4984,30.6,24.4,1017.5,4.1,90.0,8.0
2017-08-20 14:00:00,94.73830000000001,28.9,26.1,1017.5,4.1,90.0,
2017-08-20 15:00:00,94.8583,29.4,26.1,1016.8,4.6,110.0,
2017-08-20 16:00:00,101.45949999999999,27.2,25.6,1017.0,4.6,80.0,
2017-08-20 17:00:00,102.69980000000001,26.7,26.7,1017.6,3.1,140.0,
2017-08-20 18:00:00,102.2997,25.0,24.4,1017.4,0.0,0.0,
2017-08-20 19:00:00,102.3798,25.0,24.4,1017.8,0.0,0.0,
2017-08-20 20:00:00,105.02029999999999,25.0,25.0,1018.3,0.0,0.0,
2017-08-20 21:00:00,110.22130000000001,26.1,25.6,1018.6,3.1,130.0,
2017-08-20 22:00:00,107.0206,26.1,25.0,1019.0,2.1,130.0,
2017-08-20 23:00:00,107.3807,26.1,24.4,1019.8,1.5,110.0,
2017-08-21 00:00:00,105.66040000000001,26.1,25.0,1019.6,1.5,90.0,
2017-08-21 01:00:00,104.2201,25.6,25.0,1019.3,2.1,90.0,6.0
2017-08-21 02:00:00,104.9402,25.0,25.0,1018.7,0.0,0.0,2.0
2017-08-21 03:00:00,105.62039999999999,25.0,24.4,1018.2,2.1,50.0,2.0
2017-08-21 04:00:00,104.3401,25.0,24.4,1017.9,2.6,40.0,2.0
2017-08-21 05:00:00,97.77890000000001,25.0,25.0,1018.4,3.1,50.0,2.0
2017-08-21 06:00:00,106.4205,25.0,25.0,1019.0,3.1,60.0,4.0
2017-08-21 07:00:00,108.42089999999999,26.1,25.6,1019.5,3.6,70.0,2.0
2017-08-21 08:00:00,111.7816,27.8,25.6,1020.1,4.6,70.0,2.0
2017-08-21 09:00:00,104.9002,27.8,25.6,1020.3,3.1,90.0,4.0
2017-08-21 10:00:00,108.0208,28.9,25.0,1020.7,3.1,110.0,4.0
2017-08-21 11:00:00,107.1007,30.6,26.1,1020.5,3.1,110.0,
2017-08-21 12:00:00,99.2992,30.0,25.0,1020.0,4.6,50.0,4.0
2017-08-21 13:00:00,93.378,30.6,25.0,1019.4,3.6,10.0,6.0
2017-08-21 14:00:00,96.49860000000001,30.6,23.3,1018.7,4.6,100.0,
2017-08-21 15:00:00,98.41890000000001,31.1,22.8,1018.5,6.2,100.0,4.0
2017-08-21 16:00:00,100.6194,32.2,21.1,1018.7,5.1,80.0,2.0
2017-08-21 17:00:00,99.2191,31.1,21.7,1018.7,5.7,110.0,2.0
2017-08-21 18:00:00,98.9391,30.6,22.2,1018.7,5.1,90.0,2.0
2017-08-21 19:00:00,97.97890000000001,28.3,23.9,1019.2,4.6,90.0,2.0
2017-08-21 20:00:00,98.81909999999999,27.2,23.9,1019.8,3.6,90.0,0.0
2017-08-21 21:00:00,99.57929999999999,26.7,23.9,1020.4,2.6,100.0,0.0
2017-08-21 22:00:00,90.8575,26.1,24.4,1020.6,2.6,80.0,0.0
2017-08-21 23:00:00,100.6194,25.6,24.4,1020.4,1.5,70.0,0.0
2017-08-22 00:00:00,99.4992,25.0,24.4,1020.0,2.6,80.0,0.0
2017-08-22 01:00:00,105.3803,24.4,24.4,1019.6,0.0,0.0,0.0
2017-08-22 02:00:00,103.9401,24.4,24.4,1018.8,1.5,100.0,0.0
2017-08-22 03:00:00,100.9795,24.4,24.4,1018.1,0.0,0.0,4.0
2017-08-22 04:00:00,103.29990000000001,24.4,24.4,1017.5,2.1,80.0,0.0
2017-08-22 05:00:00,102.7399,23.9,23.9,1017.9,2.1,70.0,0.0
2017-08-22 06:00:00,104.14009999999999,23.9,23.9,1018.0,2.6,80.0,2.0
2017-08-22 07:00:00,104.0201,25.0,24.4,1018.3,2.6,70.0,2.0
2017-08-22 08:00:00,104.8202,27.2,24.4,1018.7,3.1,60.0,2.0
2017-08-22 09:00:00,113.30189999999999,28.9,24.4,1019.1,3.6,90.0,2.0
2017-08-22 10:00:00,107.10069999999999,30.6,23.3,1019.1,4.1,60.0,2.0
2017-08-22 11:00:00,100.21940000000001,31.7,22.8,1018.6,3.6,110.0,2.0
2017-08-22 12:00:00,99.89930000000001,31.7,21.7,1018.4,3.1,80.0,4.0
2017-08-22 13:00:00,103.38,33.3,22.2,1017.9,2.1,,6.0
2017-08-22 14:00:00,105.9805,34.4,20.0,1017.1,5.7,50.0,
2017-08-22 15:00:00,105.8204,33.9,22.8,1016.3,5.1,60.0,4.0
2017-08-22 16:00:00,108.4209,33.3,21.7,1015.6,6.2,50.0,4.0
2017-08-22 17:00:00,108.6609,32.2,21.7,1015.9,6.2,60.0,4.0
2017-08-22 18:00:00,104.0201,30.6,22.8,1015.7,6.7,50.0,2.0
2017-08-22 19:00:00,100.49940000000001,28.9,23.9,1015.8,6.7,50.0,2.0
2017-08-22 20:00:00,99.4992,27.8,24.4,1015.9,5.7,50.0,2.0
2017-08-22 21:00:00,98.81909999999999,27.2,25.0,1016.1,4.1,60.0,2.0
2017-08-22 22:00:00,97.6988,27.2,25.0,1016.5,2.6,60.0,2.0
2017-08-22 23:00:00,107.6208,26.7,25.6,1016.3,2.1,80.0,0.0
2017-08-23 00:00:00,106.70060000000001,26.1,25.0,1015.7,0.0,0.0,0.0
2017-08-23 01:00:00,107.58070000000001,25.6,25.0,1015.1,1.5,110.0,2.0
2017-08-23 02:00:00,108.90100000000001,25.6,25.0,1014.9,1.5,130.0,0.0
2017-08-23 03:00:00,107.3407,25.0,25.0,1014.2,2.1,80.0,2.0
2017-08-23 04:00:00,100.7795,25.0,25.0,1014.0,0.0,0.0,2.0
2017-08-23 05:00:00,98.65910000000001,25.6,25.0,1014.2,0.0,0.0,4.0
2017-08-23 06:00:00,104.6602,25.6,25.0,1014.6,1.5,60.0,4.0
2017-08-23 07:00:00,104.4202,26.1,25.6,1014.9,2.1,360.0,4.0
2017-08-23 08:00:00,105.0203,27.8,25.0,1014.7,1.5,90.0,2.0
2017-08-23 09:00:00,106.0205,28.9,23.9,1014.6,2.1,70.0,4.0
2017-08-23 10:00:00,106.8606,30.0,23.9,1014.8,3.1,50.0,4.0
2017-08-23 11:00:00,106.3806,30.6,23.3,1014.4,0.0,0.0,4.0
2017-08-23 12:00:00,105.5404,31.7,23.3,1013.9,2.6,40.0,4.0
2017-08-23 13:00:00,105.5804,33.9,23.3,1013.2,3.6,70.0,6.0
2017-08-23 14:00:00,107.1007,32.8,24.4,1012.5,4.6,80.0,
2017-08-23 15:00:00,106.10050000000001,33.3,23.3,1011.2,7.2,70.0,
2017-08-23 16:00:00,106.3005,32.2,23.3,1011.1,7.2,110.0,
2017-08-23 17:00:00,106.8606,28.9,25.0,1011.3,3.1,130.0,
2017-08-23 18:00:00,106.5005,28.9,23.9,1011.7,3.6,100.0,
2017-08-23 19:00:00,106.8606,28.3,24.4,1011.9,5.1,110.0,6.0
2017-08-23 20:00:00,106.1805,27.8,25.0,1012.1,3.6,110.0,4.0
2017-08-23 21:00:00,108.1408,26.7,24.4,1012.4,3.6,130.0,2.0
2017-08-23 22:00:00,108.3409,26.1,25.0,1012.9,2.6,130.0,0.0
2017-08-23 23:00:00,104.3001,25.6,25.0,1012.9,2.6,130.0,2.0
2017-08-24 00:00:00,106.5805,25.0,25.0,1012.6,0.0,0.0,4.0
2017-08-24 01:00:00,107.22059999999999,25.0,25.0,1012.2,1.5,130.0,6.0
2017-08-24 02:00:00,107.0207,24.4,24.4,1011.9,1.5,170.0,
2017-08-24 03:00:00,103.29990000000001,24.4,24.4,1011.7,0.0,0.0,4.0
2017-08-24 04:00:00,96.1786,24.4,24.4,1011.5,0.0,0.0,
2017-08-24 05:00:00,104.3401,24.4,24.4,1011.8,1.5,100.0,4.0
2017-08-24 06:00:00,105.7004,24.4,24.4,1011.7,1.5,90.0,4.0
2017-08-24 07:00:00,104.9402,25.0,25.0,1012.0,0.0,0.0,4.0
2017-08-24 08:00:00,103.18,26.7,25.6,1012.2,1.5,110.0,4.0
2017-08-24 09:00:00,101.65969999999999,27.8,24.4,1012.7,2.6,130.0,4.0
2017-08-24 10:00:00,103.1399,30.0,23.3,1012.9,1.5,,4.0
2017-08-24 11:00:00,104.9803,31.1,23.9,1012.8,2.1,90.0,
2017-08-24 12:00:00,105.5804,29.4,23.9,1012.3,6.7,110.0,
2017-08-24 13:00:00,104.6601,31.1,23.9,1011.8,5.1,110.0,6.0
2017-08-24 14:00:00,105.7004,32.2,23.3,1011.0,4.1,110.0,
2017-08-24 15:00:00,104.9002,32.2,24.4,1010.8,7.2,130.0,
2017-08-24 16:00:00,105.4603,31.1,23.3,1010.3,6.2,120.0,
2017-08-24 17:00:00,107.14070000000001,30.6,23.3,1010.0,4.1,130.0,
2017-08-24 18:00:00,107.3407,29.4,23.3,1010.5,4.1,140.0,
2017-08-24 19:00:00,107.9808,27.8,23.9,1011.1,4.1,150.0,6.0
2017-08-24 20:00:00,104.5002,26.7,23.3,1011.9,3.6,140.0,4.0
2017-08-24 21:00:00,107.6207,25.6,22.8,1012.2,1.5,170.0,
2017-08-24 22:00:00,107.58080000000001,25.0,23.3,1012.5,3.6,130.0,
2017-08-24 23:00:00,105.78039999999999,25.0,23.9,1012.5,3.1,160.0,
2017-08-25 00:00:00,105.7405,24.4,23.9,1012.4,1.5,150.0,
2017-08-25 01:00:00,106.0205,24.4,23.9,1011.7,2.1,110.0,8.0
2017-08-25 02:00:00,99.85929999999999,24.4,23.9,1012.1,4.1,140.0,
2017-08-25 03:00:00,103.2199,24.4,24.4,1011.9,3.6,140.0,
2017-08-25 04:00:00,93.338,25.0,24.4,1012.0,2.1,140.0,
2017-08-25 05:00:00,97.21879999999999,24.4,24.4,1012.0,3.6,120.0,
2017-08-25 06:00:00,100.05930000000001,24.4,24.4,1012.6,3.1,140.0,
2017-08-25 07:00:00,97.7789,25.0,24.4,1013.3,2.6,110.0,6.0
2017-08-25 08:00:00,101.65960000000001,26.1,23.9,1013.7,3.1,130.0,
2017-08-25 09:00:00,100.4194,27.2,24.4,1013.7,3.6,140.0,
2017-08-25 10:00:00,100.8995,27.8,23.9,1014.0,3.1,170.0,
2017-08-25 11:00:00,102.5798,28.9,23.9,1014.0,5.1,190.0,
2017-08-25 12:00:00,103.58000000000001,30.0,23.9,1013.8,4.1,160.0,
2017-08-25 13:00:00,105.3803,27.8,24.4,1013.5,1.5,180.0,6.0
2017-08-25 14:00:00,106.34049999999999,31.7,23.3,1012.7,6.2,150.0,
2017-08-25 15:00:00,107.50070000000001,29.4,24.4,1012.4,4.6,180.0,
2017-08-25 16:00:00,105.7804,28.3,24.4,1012.4,5.1,170.0,
2017-08-25 17:00:00,106.6605,26.7,24.4,,3.6,160.0,
2017-08-25 18:00:00,107.8608,26.7,25.0,1013.0,4.1,110.0,
2017-08-25 19:00:00,106.1405,25.6,25.0,1013.4,3.6,130.0,6.0
2017-08-25 20:00:00,106.78059999999999,25.0,25.0,1013.6,2.6,140.0,
2017-08-25 21:00:00,108.5009,25.0,25.0,1014.2,4.1,110.0,
2017-08-25 22:00:00,107.6208,25.0,25.0,1014.4,3.6,120.0,
2017-08-25 23:00:00,104.3001,25.0,24.4,1014.4,4.1,150.0,
2017-08-26 00:00:00,105.4204,25.0,24.4,1014.4,6.2,170.0,
2017-08-26 01:00:00,100.9795,24.4,23.9,1013.7,5.1,170.0,8.0
2017-08-26 02:00:00,93.21809999999999,24.4,23.9,1013.6,4.6,150.0,
2017-08-26 03:00:00,94.01820000000001,23.9,23.9,1013.2,5.7,170.0,
2017-08-26 04:00:00,97.1388,24.4,24.4,1013.3,3.6,160.0,
2017-08-26 05:00:00,106.5406,24.4,23.9,1013.9,4.1,160.0,
2017-08-26 06:00:00,105.2203,23.9,23.9,1013.9,4.6,170.0,
2017-08-26 07:00:00,105.7804,24.4,23.9,1014.4,4.1,180.0,8.0
2017-08-26 08:00:00,114.102,25.6,24.4,1014.8,3.1,170.0,
2017-08-26 09:00:00,105.22030000000001,26.1,24.4,1014.6,4.6,170.0,
2017-08-26 10:00:00,114.342,27.2,23.9,1014.5,4.6,170.0,
2017-08-26 11:00:00,104.9802,27.8,23.9,1014.5,4.6,170.0,
2017-08-26 12:00:00,105.0203,29.4,24.4,1014.0,3.6,150.0,
2017-08-26 13:00:00,105.18029999999999,30.6,23.9,1013.4,3.6,150.0,6.0
2017-08-26 14:00:00,97.0187,30.6,25.0,1012.5,2.6,,
2017-08-26 15:00:00,93.618,31.1,24.4,1011.8,2.1,,
2017-08-26 16:00:00,100.8595,27.8,24.4,1011.8,7.7,70.0,
2017-08-26 17:00:00,106.6206,25.0,25.0,,4.6,140.0,
2017-08-26 18:00:00,105.8204,25.0,25.0,1012.4,3.1,150.0,
2017-08-26 19:00:00,106.5805,25.0,25.0,1012.2,2.6,190.0,8.0
2017-08-26 20:00:00,103.66,25.0,25.0,1012.3,2.6,150.0,
2017-08-26 21:00:00,106.70060000000001,25.0,25.0,1012.8,2.6,210.0,
2017-08-26 22:00:00,105.7804,25.6,25.6,1013.3,4.1,210.0,
2017-08-26 23:00:00,102.53980000000001,25.0,25.0,1013.2,2.6,170.0,
2017-08-27 00:00:00,103.42,25.0,25.0,1012.6,2.6,170.0,
2017-08-27 01:00:00,95.1383,25.0,25.0,1012.1,2.6,170.0,8.0
2017-08-27 02:00:00,95.01830000000001,25.0,25.0,1011.5,1.5,170.0,
2017-08-27 03:00:00,94.8183,24.4,24.4,1010.8,2.1,140.0,
2017-08-27 04:00:00,102.8199,24.4,24.4,1011.0,4.6,180.0,
2017-08-27 05:00:00,107.8208,23.9,23.9,,2.6,190.0,
2017-08-27 06:00:00,105.7804,23.9,23.9,1011.7,3.1,200.0,
2017-08-27 07:00:00,115.4223,24.4,24.4,1011.8,2.6,180.0,8.0
2017-08-27 08:00:00,104.58019999999999,24.4,24.4,1012.2,3.6,180.0,
2017-08-27 09:00:00,96.6987,25.6,24.4,1011.7,4.6,180.0,
2017-08-27 10:00:00,94.8183,25.6,25.6,1011.8,5.1,190.0,
2017-08-27 11:00:00,110.5814,27.2,25.0,1011.8,4.6,210.0,
2017-08-27 12:00:00,102.25970000000001,28.3,24.4,1011.5,6.2,180.0,
2017-08-27 13:00:00,103.9,29.4,24.4,1010.9,6.2,220.0,8.0
2017-08-27 14:00:00,104.74020000000002,30.6,23.9,1009.8,7.2,190.0,
2017-08-27 15:00:00,105.62039999999999,28.3,25.0,1009.4,3.6,290.0,
2017-08-27 16:00:00,99.6192,27.8,25.0,1009.4,3.1,260.0,
2017-08-27 17:00:00,107.2607,25.6,25.0,,2.6,240.0,
2017-08-27 18:00:00,106.5406,24.4,24.4,1009.9,2.1,160.0,
2017-08-27 19:00:00,105.9405,25.0,25.0,1009.6,1.5,170.0,8.0
2017-08-27 20:00:00,105.7004,25.0,25.0,1009.8,2.6,160.0,
2017-08-27 21:00:00,107.1807,25.0,25.0,1010.4,2.1,190.0,
2017-08-27 22:00:00,106.70060000000001,25.0,25.0,1010.5,2.1,190.0,
2017-08-27 23:00:00,106.5005,24.4,24.4,1010.2,4.6,180.0,
2017-08-28 00:00:00,106.1405,23.9,23.9,1010.6,2.1,190.0,
2017-08-28 01:00:00,99.25909999999999,24.4,24.4,1010.0,3.1,160.0,8.0
2017-08-28 02:00:00,95.33840000000001,24.4,24.4,1009.1,3.6,170.0,
2017-08-28 03:00:00,94.9783,24.4,24.4,1008.8,4.6,180.0,
2017-08-28 04:00:00,93.8181,24.4,24.4,1008.7,5.1,180.0,
2017-08-28 05:00:00,97.4588,24.4,24.4,1009.3,4.6,170.0,
2017-08-28 06:00:00,104.3802,24.4,24.4,1009.5,4.1,170.0,
2017-08-28 07:00:00,105.18029999999999,25.0,24.4,1010.2,5.1,180.0,8.0
2017-08-28 08:00:00,105.1403,25.6,25.0,1010.2,6.7,180.0,
2017-08-28 09:00:00,105.5404,26.1,24.4,1010.4,7.2,190.0,
2017-08-28 10:00:00,102.1797,26.1,24.4,1010.5,6.2,200.0,
2017-08-28 11:00:00,96.1785,27.2,25.0,1010.4,4.6,200.0,
2017-08-28 12:00:00,95.6985,29.4,24.4,1010.0,6.2,190.0,
2017-08-28 13:00:00,103.0599,27.2,23.3,1010.6,10.3,230.0,6.0
2017-08-28 14:00:00,98.13900000000001,26.7,25.0,1010.2,5.1,220.0,
2017-08-28 15:00:00,101.17949999999999,27.2,25.6,1010.4,4.6,210.0,
2017-08-28 16:00:00,106.2206,27.2,24.4,1010.3,3.6,220.0,
2017-08-28 17:00:00,106.4206,27.8,25.0,1010.1,5.7,220.0,
2017-08-28 18:00:00,106.86070000000001,26.7,25.0,1010.4,5.1,230.0,
2017-08-28 19:00:00,108.02080000000001,24.4,23.9,1011.5,4.1,240.0,8.0
2017-08-28 20:00:00,105.1803,23.9,23.9,1012.0,5.1,230.0,
2017-08-28 21:00:00,107.6208,23.9,23.9,1013.0,3.6,230.0,
2017-08-28 22:00:00,106.1005,23.9,23.9,1013.2,2.6,210.0,
2017-08-28 23:00:00,104.74029999999999,23.9,23.9,1013.2,4.1,200.0,
2017-08-29 00:00:00,105.2603,23.9,23.9,1013.0,2.6,210.0,
2017-08-29 01:00:00,105.5404,23.9,23.9,1012.4,2.6,240.0,8.0
2017-08-29 02:00:00,105.9405,23.3,23.3,1011.9,1.5,200.0,
2017-08-29 03:00:00,103.1399,23.3,23.3,1011.7,1.5,170.0,
2017-08-29 04:00:00,96.8587,22.8,22.8,1011.9,0.0,0.0,
2017-08-29 05:00:00,101.9797,22.8,22.8,1012.6,1.5,190.0,
2017-08-29 06:00:00,100.9795,23.9,23.9,1013.4,2.6,190.0,
2017-08-29 07:00:00,102.37979999999999,24.4,24.4,1014.1,2.6,210.0,6.0
2017-08-29 08:00:00,102.7798,25.6,25.0,1014.3,2.6,210.0,
2017-08-29 09:00:00,102.7799,28.3,25.0,1014.6,5.7,200.0,
2017-08-29 10:00:00,102.25980000000001,28.3,25.0,1014.8,4.1,220.0,
2017-08-29 11:00:00,99.5392,30.0,23.9,1014.4,5.7,230.0,
2017-08-29 12:00:00,101.0595,31.7,22.8,1014.1,6.2,240.0,
2017-08-29 13:00:00,102.1797,31.1,22.2,1013.7,4.1,220.0,6.0
2017-08-29 14:00:00,101.97970000000001,27.8,24.4,1014.1,8.2,290.0,
2017-08-29 15:00:00,101.0595,30.0,24.4,1013.6,6.2,270.0,
2017-08-29 16:00:00,104.6202,28.9,23.9,1014.0,5.1,290.0,
2017-08-29 17:00:00,105.7004,28.9,23.9,1014.5,5.1,300.0,
2017-08-29 18:00:00,105.94040000000001,27.8,23.3,1014.7,3.6,300.0,
2017-08-29 19:00:00,105.3003,26.7,22.8,1014.9,4.6,300.0,6.0
2017-08-29 20:00:00,102.4197,26.1,23.3,1015.1,2.1,290.0,
2017-08-29 21:00:00,104.78020000000001,26.1,23.3,1015.9,3.6,300.0,
2017-08-29 22:00:00,104.0201,25.6,23.9,1016.5,2.6,300.0,
2017-08-29 23:00:00,105.02029999999999,25.0,23.9,1016.4,1.5,280.0,
2017-08-30 00:00:00,104.30019999999999,24.4,23.3,1015.9,0.0,0.0,4.0
2017-08-30 01:00:00,103.1799,24.4,23.9,1015.3,1.5,100.0,4.0
2017-08-30 02:00:00,100.5395,23.3,23.3,1015.2,0.0,0.0,4.0
2017-08-30 03:00:00,98.539,23.3,23.3,1014.9,0.0,0.0,
2017-08-30 04:00:00,100.01929999999999,23.3,23.3,1015.0,0.0,0.0,2.0
2017-08-30 05:00:00,103.9801,22.8,22.8,1015.0,0.0,0.0,2.0
2017-08-30 06:00:00,100.3794,22.2,22.2,1015.4,0.0,0.0,2.0
2017-08-30 07:00:00,99.8593,23.3,23.3,1015.9,0.0,0.0,0.0
2017-08-30 08:00:00,101.61959999999999,25.6,24.4,1016.5,2.1,160.0,0.0
2017-08-30 09:00:00,95.4584,27.2,23.9,1016.7,2.1,,0.0
2017-08-30 10:00:00,91.2976,28.9,22.2,1017.0,0.0,0.0,0.0
2017-08-30 11:00:00,98.1789,30.6,22.8,1017.2,1.5,250.0,2.0
2017-08-30 12:00:00,98.219,31.7,22.2,1016.9,1.5,,2.0
2017-08-30 13:00:00,98.2589,32.8,21.7,1016.6,0.0,0.0,4.0
2017-08-30 14:00:00,98.419,32.2,21.1,1015.9,0.0,0.0,4.0
2017-08-30 15:00:00,102.21969999999999,32.2,21.1,1015.5,0.0,0.0,
2017-08-30 16:00:00,107.9008,32.2,22.2,1015.5,1.5,170.0,
2017-08-30 17:00:00,106.62049999999999,31.7,22.8,1015.3,1.5,180.0,
2017-08-30 18:00:00,106.3005,32.2,21.7,1015.2,0.0,0.0,
2017-08-30 19:00:00,108.2209,30.6,22.8,1015.6,0.0,0.0,6.0
2017-08-30 20:00:00,109.3811,28.3,24.4,1016.4,4.1,100.0,4.0
2017-08-30 21:00:00,109.6611,28.3,23.9,1017.5,3.6,100.0,
2017-08-30 22:00:00,107.98089999999999,26.7,24.4,1018.2,2.6,90.0,
2017-08-30 23:00:00,105.6204,26.1,25.0,1018.0,2.6,100.0,
2017-08-31 00:00:00,106.9006,26.1,24.4,1017.7,2.1,80.0,2.0
2017-08-31 01:00:00,107.06060000000001,25.0,25.0,1017.1,2.1,120.0,2.0
2017-08-31 02:00:00,105.66040000000001,25.0,25.0,1016.9,0.0,0.0,2.0
2017-08-31 03:00:00,104.9002,25.0,25.0,,0.0,0.0,
2017-08-31 04:00:00,105.5804,25.6,25.0,1016.5,1.5,100.0,2.0
2017-08-31 05:00:00,105.8204,23.9,23.9,1016.8,1.5,180.0,2.0
2017-08-31 06:00:00,104.3001,24.4,24.4,1017.2,0.0,0.0,0.0
2017-08-31 07:00:00,102.65979999999999,25.6,25.6,1017.8,0.0,0.0,0.0
2017-08-31 08:00:00,104.0201,27.8,26.1,1017.9,2.6,170.0,0.0
2017-08-31 09:00:00,103.9401,29.4,24.4,1017.8,3.6,160.0,0.0
2017-08-31 10:00:00,104.5402,31.1,23.9,1018.0,3.6,140.0,2.0
2017-08-31 11:00:00,104.18010000000001,32.2,23.9,1018.0,3.6,120.0,2.0
2017-08-31 12:00:00,105.3803,32.8,23.9,1017.5,4.1,150.0,4.0
2017-08-31 13:00:00,105.4204,33.9,23.3,1017.1,3.6,160.0,6.0
2017-08-31 14:00:00,105.5404,33.9,22.8,1016.2,3.1,150.0,4.0
2017-08-31 15:00:00,106.4205,33.9,22.8,1015.3,2.6,190.0,4.0
2017-08-31 16:00:00,104.3401,33.3,24.4,1015.0,5.7,100.0,
2017-08-31 17:00:00,103.3399,32.8,23.9,1014.7,5.1,100.0,
2017-08-31 18:00:00,105.2604,29.4,25.0,1015.6,5.1,130.0,
2017-08-31 19:00:00,104.6202,28.9,24.4,1015.2,4.1,130.0,6.0
2017-08-31 20:00:00,103.09989999999999,28.3,25.0,1015.7,3.1,130.0,
2017-08-31 21:00:00,101.81960000000001,28.3,25.6,1016.9,2.1,60.0,
2017-08-31 22:00:00,99.8993,27.8,25.6,1017.2,2.1,120.0,
2017-08-31 23:00:00,97.4988,23.0,22.0,1018.1,8.8,270.0,
2017-09-01 00:00:00,95.33840000000001,23.9,23.3,1018.2,4.1,30.0,
2017-09-01 01:00:00,96.0586,23.3,22.8,1017.0,4.1,100.0,8.0
2017-09-01 02:00:00,96.2986,23.3,23.3,1016.9,2.1,70.0,
2017-09-01 03:00:00,97.33879999999999,23.3,23.3,1016.2,0.0,0.0,
2017-09-01 04:00:00,97.3788,23.3,23.3,1016.0,2.6,80.0,2.0
2017-09-01 05:00:00,96.01859999999999,23.3,23.3,1016.1,1.5,120.0,2.0
2017-09-01 06:00:00,95.41839999999999,23.3,23.3,1016.7,0.0,0.0,4.0
2017-09-01 07:00:00,98.0189,23.9,23.9,1017.1,2.6,150.0,2.0
2017-09-01 08:00:00,102.5398,26.7,26.1,1017.2,5.7,160.0,2.0
2017-09-01 09:00:00,103.1799,28.9,25.6,1017.7,4.1,180.0,2.0
2017-09-01 10:00:00,103.3,30.6,25.6,1017.5,4.1,180.0,2.0
2017-09-01 11:00:00,103.58,31.7,25.0,1017.3,3.6,200.0,4.0
2017-09-01 12:00:00,102.1397,32.8,25.0,1016.8,4.1,180.0,4.0
2017-09-01 13:00:00,104.0601,32.8,24.4,1016.4,3.1,190.0,6.0
2017-09-01 14:00:00,104.5401,32.8,23.3,1015.9,3.1,190.0,
2017-09-01 15:00:00,105.8204,33.9,22.8,1014.5,5.1,170.0,4.0
2017-09-01 16:00:00,106.4606,32.2,23.3,1014.3,3.1,160.0,
2017-09-01 17:00:00,106.0605,31.1,22.8,1015.2,7.7,290.0,
2017-09-01 18:00:00,106.6206,27.8,22.8,1014.6,3.6,250.0,
2017-09-01 19:00:00,103.34,27.8,22.8,1016.6,2.1,30.0,8.0
2017-09-01 20:00:00,103.82,23.9,23.9,1017.3,4.6,360.0,
2017-09-01 21:00:00,104.9002,24.4,23.9,1018.2,2.6,310.0,
2017-09-01 22:00:00,101.97970000000001,24.4,23.9,1018.4,3.6,330.0,
2017-09-01 23:00:00,102.9799,23.9,23.9,1018.3,0.0,0.0,
2017-09-02 00:00:00,105.1803,23.9,23.9,1017.9,3.6,280.0,
2017-09-02 01:00:00,105.02029999999999,23.9,23.3,1017.9,2.6,220.0,8.0
2017-09-02 02:00:00,105.1403,23.3,22.8,1017.2,0.0,0.0,
2017-09-02 03:00:00,106.78059999999999,22.8,22.2,1016.3,0.0,0.0,
2017-09-02 04:00:00,106.0204,22.8,22.8,1016.1,0.0,0.0,
2017-09-02 05:00:00,104.6602,22.8,22.8,1016.2,0.0,0.0,
2017-09-02 06:00:00,100.6594,22.8,22.8,1017.2,1.5,180.0,
2017-09-02 07:00:00,95.33840000000001,23.3,22.8,1017.5,2.1,150.0,6.0
2017-09-02 08:00:00,98.25890000000001,23.9,23.9,1018.0,1.5,190.0,
2017-09-02 09:00:00,97.25880000000001,26.1,23.3,1018.8,2.1,240.0,
2017-09-02 10:00:00,99.1391,27.2,23.3,1018.8,0.0,0.0,
2017-09-02 11:00:00,110.4213,27.8,22.8,1018.3,0.0,0.0,
2017-09-02 12:00:00,124.94420000000001,30.0,23.3,1017.9,1.5,300.0,
2017-09-02 13:00:00,104.5001,30.6,23.3,1017.2,3.6,350.0,6.0
2017-09-02 14:00:00,104.0601,30.6,22.8,1016.9,1.5,320.0,
2017-09-02 15:00:00,103.9401,30.6,22.8,1016.2,3.6,310.0,
2017-09-02 16:00:00,106.18050000000001,30.6,22.2,1016.5,4.1,330.0,
2017-09-02 17:00:00,106.5006,28.3,22.8,1017.0,1.5,330.0,
2017-09-02 18:00:00,103.90010000000001,23.9,22.8,1018.0,6.2,110.0,
2017-09-02 19:00:00,104.6602,23.3,22.8,1017.9,3.1,110.0,8.0
2017-09-02 20:00:00,105.3803,23.3,22.8,1017.9,1.5,250.0,
2017-09-02 21:00:00,104.2601,23.3,22.8,1018.2,1.5,70.0,
2017-09-02 22:00:00,102.7398,22.8,22.8,1018.8,2.1,160.0,
2017-09-02 23:00:00,101.8996,23.3,22.8,1019.0,0.0,0.0,
2017-09-03 00:00:00,103.4599,23.3,23.3,1018.7,1.5,240.0,
2017-09-03 01:00:00,102.1798,23.3,23.3,1018.0,0.0,0.0,8.0
2017-09-03 02:00:00,93.578,23.3,23.3,1017.7,0.0,0.0,
2017-09-03 03:00:00,95.0983,23.3,23.3,1017.4,0.0,0.0,
2017-09-03 04:00:00,96.2185,23.3,23.3,1017.8,0.0,0.0,
2017-09-03 05:00:00,103.29990000000001,23.9,23.3,1018.1,2.1,310.0,
2017-09-03 06:00:00,105.90039999999999,24.4,23.9,1018.4,0.0,0.0,
2017-09-03 07:00:00,114.4221,23.9,23.9,1019.4,1.5,200.0,8.0
2017-09-03 08:00:00,109.4611,24.4,24.4,1019.5,2.1,330.0,
2017-09-03 09:00:00,117.3827,26.1,24.4,1019.5,2.6,330.0,
2017-09-03 10:00:00,114.7422,27.8,23.9,1019.5,1.5,20.0,
2017-09-03 11:00:00,106.78059999999999,29.4,23.3,1019.5,0.0,0.0,
2017-09-03 12:00:00,103.54,29.4,23.9,1019.3,2.6,70.0,
2017-09-03 13:00:00,102.33970000000001,29.4,23.9,1018.9,2.1,140.0,8.0
2017-09-03 14:00:00,103.0199,28.9,23.3,1018.4,4.6,360.0,
2017-09-03 15:00:00,103.0598,25.0,23.9,,3.1,30.0,
2017-09-03 16:00:00,100.57939999999999,27.8,24.4,1017.5,2.1,360.0,
2017-09-03 17:00:00,103.66,28.9,23.3,1017.2,2.6,20.0,
2017-09-03 18:00:00,104.8202,27.2,23.3,1017.6,3.1,130.0,
2017-09-03 19:00:00,104.6601,26.1,23.3,1017.9,2.6,130.0,6.0
2017-09-03 20:00:00,105.5804,25.0,23.9,1018.4,2.1,160.0,
2017-09-03 21:00:00,105.1804,25.0,24.4,1018.5,1.5,130.0,4.0
2017-09-03 22:00:00,104.6602,25.6,24.4,1019.1,0.0,0.0,
2017-09-03 23:00:00,103.7801,25.0,24.4,1019.1,0.0,0.0,
2017-09-04 00:00:00,104.1802,23.9,23.9,1018.7,1.5,200.0,
2017-09-04 01:00:00,99.6592,24.4,23.9,1018.3,0.0,0.0,4.0
2017-09-04 02:00:00,94.9783,24.4,23.3,1017.8,0.0,0.0,4.0
2017-09-04 03:00:00,92.6978,24.4,23.9,1017.3,0.0,0.0,
2017-09-04 04:00:00,94.9783,24.4,23.9,1017.2,0.0,0.0,
2017-09-04 05:00:00,101.0595,24.4,24.4,1017.5,0.0,0.0,
2017-09-04 06:00:00,103.0199,25.0,24.4,1017.9,1.5,50.0,4.0
2017-09-04 07:00:00,105.90039999999999,25.6,23.9,1018.3,1.5,30.0,6.0
2017-09-04 08:00:00,104.5401,26.7,24.4,1018.4,1.5,90.0,
2017-09-04 09:00:00,104.86019999999999,27.8,25.0,1018.6,2.1,130.0,
2017-09-04 10:00:00,96.5386,29.4,23.9,1018.8,2.6,90.0,
2017-09-04 11:00:00,94.53829999999999,29.4,23.3,1018.7,0.0,0.0,
2017-09-04 12:00:00,99.8192,30.6,23.3,1018.2,0.0,0.0,
2017-09-04 13:00:00,101.1795,31.7,21.7,1017.8,2.6,190.0,6.0
2017-09-04 14:00:00,102.09970000000001,32.2,21.7,1016.8,3.6,210.0,
2017-09-04 15:00:00,102.4197,29.4,22.8,1016.3,3.6,250.0,
2017-09-04 16:00:00,102.21979999999999,28.9,23.3,1016.5,4.6,100.0,
2017-09-04 17:00:00,100.5394,26.7,22.8,1016.6,4.1,90.0,
2017-09-04 18:00:00,102.4597,26.7,22.8,1017.0,2.1,20.0,
2017-09-04 19:00:00,98.73910000000001,26.1,23.3,1016.7,0.0,0.0,6.0
2017-09-04 20:00:00,100.05930000000001,25.6,23.3,1016.7,3.1,40.0,
2017-09-04 21:00:00,105.4603,25.6,23.9,1017.2,0.0,0.0,
2017-09-04 22:00:00,104.1001,25.0,23.9,1017.6,0.0,0.0,
2017-09-04 23:00:00,102.2998,24.4,24.4,1017.3,1.5,170.0,
2017-09-05 00:00:00,103.0998,25.0,24.4,1017.0,0.0,0.0,
2017-09-05 01:00:00,100.3794,23.9,23.9,1016.5,0.0,0.0,2.0
2017-09-05 02:00:00,99.85919999999999,23.9,23.9,1015.9,0.0,0.0,
2017-09-05 03:00:00,97.8588,23.9,23.9,1015.7,0.0,0.0,
2017-09-05 04:00:00,101.7397,24.4,24.4,1015.5,0.0,0.0,
2017-09-05 05:00:00,101.9397,23.9,23.9,1015.8,0.0,0.0,
2017-09-05 06:00:00,101.9396,23.9,23.9,1016.1,0.0,0.0,
2017-09-05 07:00:00,103.9,25.6,25.0,1016.5,0.0,0.0,6.0
2017-09-05 08:00:00,106.34049999999999,26.7,25.0,1016.6,0.0,0.0,
2017-09-05 09:00:00,105.8604,28.3,25.0,1016.7,3.1,190.0,
2017-09-05 10:00:00,110.34129999999999,29.4,23.9,1017.2,3.6,230.0,
2017-09-05 11:00:00,108.661,30.6,22.8,1016.9,0.0,0.0,
2017-09-05 12:00:00,102.2197,31.1,22.8,1016.2,2.1,190.0,
2017-09-05 13:00:00,104.7002,31.1,22.8,1015.5,2.6,120.0,8.0
2017-09-05 14:00:00,104.7402,31.1,22.8,1014.8,2.1,160.0,
2017-09-05 15:00:00,106.98060000000001,30.6,23.3,1014.2,2.1,250.0,
2017-09-05 16:00:00,106.4605,31.7,21.7,1013.4,1.5,,
2017-09-05 17:00:00,100.3794,26.7,22.8,1013.9,6.2,160.0,
2017-09-05 18:00:00,101.0995,25.0,22.2,1013.3,1.5,200.0,
2017-09-05 19:00:00,102.4998,25.6,23.3,1013.6,0.0,0.0,6.0
2017-09-05 20:00:00,104.3002,25.0,23.9,1013.9,1.5,120.0,
2017-09-05 21:00:00,106.94059999999999,25.0,24.4,1014.5,0.0,0.0,
2017-09-05 22:00:00,105.02029999999999,25.6,25.0,1014.9,0.0,0.0,
2017-09-05 23:00:00,104.0601,25.6,25.0,1015.2,0.0,0.0,
2017-09-06 00:00:00,105.2603,25.0,25.0,1015.1,1.5,180.0,
2017-09-06 01:00:00,102.6598,25.0,25.0,1014.6,1.5,170.0,4.0
2017-09-06 02:00:00,98.0189,25.0,24.4,1014.1,0.0,0.0,4.0
2017-09-06 03:00:00,92.818,24.4,24.4,1013.7,0.0,0.0,2.0
2017-09-06 04:00:00,93.4981,23.9,23.9,1013.3,0.0,0.0,4.0
2017-09-06 05:00:00,95.3784,24.4,24.4,1012.8,0.0,0.0,4.0
2017-09-06 06:00:00,95.3784,23.9,23.9,1013.3,0.0,0.0,4.0
2017-09-06 07:00:00,105.02019999999999,25.6,24.4,1013.6,0.0,0.0,6.0
2017-09-06 08:00:00,104.6202,26.1,25.6,1014.1,0.0,0.0,
2017-09-06 09:00:00,102.3397,27.8,24.4,1014.2,2.1,170.0,
2017-09-06 10:00:00,102.5398,28.3,24.4,1014.8,1.5,160.0,
2017-09-06 11:00:00,101.61959999999999,28.9,23.3,1014.6,1.5,260.0,
2017-09-06 12:00:00,102.7398,25.0,24.4,,6.2,340.0,
2017-09-06 13:00:00,103.46,23.9,23.9,1015.0,3.1,200.0,8.0
2017-09-06 14:00:00,103.78,25.6,23.9,1013.6,2.1,260.0,
2017-09-06 15:00:00,102.13980000000001,25.6,24.4,1013.0,2.1,240.0,
2017-09-06 16:00:00,103.4999,26.7,25.0,1012.5,1.5,300.0,
2017-09-06 17:00:00,103.1799,27.8,24.4,1012.6,0.0,0.0,
2017-09-06 18:00:00,103.0599,28.3,23.9,1012.7,2.1,280.0,
2017-09-06 19:00:00,102.6198,27.2,23.9,1013.3,0.0,0.0,6.0
2017-09-06 20:00:00,103.9001,25.6,25.0,1014.1,0.0,0.0,
2017-09-06 21:00:00,104.7402,26.1,25.0,1014.8,0.0,0.0,
2017-09-06 22:00:00,102.8998,25.6,25.0,1015.4,1.5,110.0,
2017-09-06 23:00:00,101.3395,25.0,25.0,1015.5,2.1,140.0,
2017-09-07 00:00:00,102.3797,24.4,24.4,1015.1,0.0,0.0,2.0
2017-09-07 01:00:00,100.7795,25.0,25.0,1014.6,0.0,0.0,4.0
2017-09-07 02:00:00,94.6182,24.4,24.4,1014.3,0.0,0.0,2.0
2017-09-07 03:00:00,93.338,24.4,24.4,1013.9,0.0,0.0,2.0
2017-09-07 04:00:00,92.37780000000001,24.4,24.4,1014.0,0.0,0.0,4.0
2017-09-07 05:00:00,93.8181,23.9,23.9,,0.0,0.0,2.0
2017-09-07 06:00:00,95.5785,23.9,23.9,1014.2,0.0,0.0,4.0
2017-09-07 07:00:00,103.0199,25.0,25.0,1014.8,2.1,40.0,2.0
2017-09-07 08:00:00,105.9405,26.1,25.0,1015.0,2.1,360.0,2.0
2017-09-07 09:00:00,111.38159999999999,27.2,25.0,,4.1,30.0,4.0
2017-09-07 10:00:00,102.5398,29.4,24.4,1015.7,2.6,20.0,4.0
2017-09-07 11:00:00,104.9002,29.4,25.0,1016.0,1.5,,4.0
2017-09-07 12:00:00,103.09989999999999,31.1,24.4,1015.5,2.1,110.0,4.0
2017-09-07 13:00:00,101.6196,32.2,24.4,1015.1,2.1,360.0,4.0
2017-09-07 14:00:00,99.8993,32.8,23.3,1014.5,2.6,300.0,4.0
2017-09-07 15:00:00,100.6995,31.7,22.8,1013.9,3.1,20.0,
2017-09-07 16:00:00,107.7008,30.0,24.4,1013.9,7.7,70.0,
2017-09-07 17:00:00,101.33959999999999,28.9,25.6,1014.0,4.6,100.0,
2017-09-07 18:00:00,101.1396,27.8,25.0,1014.4,5.7,60.0,
2017-09-07 19:00:00,101.8596,27.8,24.4,1014.7,5.7,60.0,6.0
2017-09-07 20:00:00,102.85990000000001,27.2,24.4,1015.6,4.6,60.0,4.0
2017-09-07 21:00:00,103.4999,27.2,24.4,1016.3,5.1,30.0,
2017-09-07 22:00:00,96.33860000000001,26.7,25.0,1016.6,3.6,10.0,
2017-09-07 23:00:00,86.1767,26.7,25.0,1016.2,4.1,20.0,
2017-09-08 00:00:00,92.49780000000001,26.1,25.0,1016.0,4.1,60.0,
2017-09-08 01:00:00,92.6979,26.1,25.0,1015.5,4.1,40.0,8.0
2017-09-08 02:00:00,92.5779,25.6,24.4,1014.9,2.6,40.0,
2017-09-08 03:00:00,92.89789999999999,25.0,24.4,1014.4,3.6,20.0,
2017-09-08 04:00:00,94.1782,25.0,24.4,1014.5,2.1,360.0,
2017-09-08 05:00:00,93.7781,25.0,25.0,1014.6,2.6,360.0,
2017-09-08 06:00:00,95.8185,25.0,25.0,1014.8,3.6,350.0,
2017-09-08 07:00:00,95.85849999999999,25.6,25.0,1015.2,3.6,360.0,6.0
2017-09-08 08:00:00,93.97819999999999,26.7,25.6,1015.4,5.1,30.0,
2017-09-08 09:00:00,102.9799,26.7,26.1,1015.6,3.6,360.0,
2017-09-08 10:00:00,90.45750000000001,27.2,26.1,,3.1,10.0,
2017-09-08 11:00:00,89.0172,24.4,24.4,1016.4,4.1,30.0,
2017-09-08 12:00:00,96.6186,26.1,25.0,1015.9,4.1,50.0,
2017-09-08 13:00:00,91.4176,27.8,25.0,1014.8,5.7,80.0,6.0
2017-09-08 14:00:00,91.4577,30.0,25.6,1014.0,6.7,50.0,
2017-09-08 15:00:00,91.3377,31.1,25.0,1013.1,6.7,40.0,
2017-09-08 16:00:00,104.2201,28.9,23.9,1013.2,6.2,70.0,
2017-09-08 17:00:00,91.5377,26.7,25.0,1013.7,6.2,20.0,
2017-09-08 18:00:00,87.89699999999999,25.0,23.9,1014.3,6.7,30.0,
2017-09-08 19:00:00,89.3373,24.4,23.9,1013.8,6.2,40.0,8.0
2017-09-08 20:00:00,92.81790000000001,24.4,23.9,1013.1,4.6,40.0,
2017-09-08 21:00:00,93.378,24.4,24.4,1013.5,6.2,20.0,
2017-09-08 22:00:00,91.5377,25.0,24.4,1014.2,4.1,20.0,
2017-09-08 23:00:00,90.8575,25.0,24.4,1013.4,5.7,20.0,
2017-09-09 00:00:00,91.8177,24.4,23.9,1012.5,4.6,10.0,2.0
2017-09-09 01:00:00,91.0575,24.4,24.4,1012.4,3.1,350.0,4.0
2017-09-09 02:00:00,92.738,25.0,25.0,1012.2,3.6,350.0,
2017-09-09 03:00:00,92.8579,25.0,25.0,1011.9,5.1,360.0,
2017-09-09 04:00:00,92.0578,24.4,24.4,1011.6,7.2,10.0,
2017-09-09 05:00:00,92.0578,24.4,24.4,1011.9,5.7,20.0,
2017-09-09 06:00:00,93.178,24.4,24.4,1012.1,8.2,20.0,
2017-09-09 07:00:00,92.61789999999999,24.4,23.3,1011.8,5.7,10.0,6.0
2017-09-09 08:00:00,95.6185,25.0,23.3,1012.3,7.2,30.0,
2017-09-09 09:00:00,99.2192,26.7,24.4,1012.5,6.7,20.0,
2017-09-09 10:00:00,106.0205,26.7,24.4,1012.9,7.2,40.0,
2017-09-09 11:00:00,89.85730000000001,27.8,25.6,1012.8,5.7,70.0,
2017-09-09 12:00:00,88.7772,27.2,23.9,1012.5,7.2,50.0,
2017-09-09 13:00:00,87.81700000000001,27.2,23.9,1011.6,8.8,60.0,8.0
2017-09-09 14:00:00,88.8572,28.3,24.4,1010.8,8.2,50.0,
2017-09-09 15:00:00,87.8569,25.6,22.8,1010.8,7.2,60.0,
2017-09-09 16:00:00,89.5373,25.0,23.9,1010.2,6.7,40.0,
2017-09-09 17:00:00,91.1376,26.1,24.4,1010.3,7.2,50.0,
2017-09-09 18:00:00,92.1378,26.1,24.4,1010.5,8.2,50.0,
2017-09-09 19:00:00,90.69749999999999,26.1,23.9,1009.4,10.3,50.0,8.0
2017-09-09 20:00:00,91.0975,26.1,24.4,1009.5,7.7,50.0,
2017-09-09 21:00:00,92.1377,26.7,23.9,1010.5,8.2,70.0,
2017-09-09 22:00:00,91.1776,26.7,24.4,1010.7,6.7,50.0,
2017-09-09 23:00:00,90.89760000000001,26.7,24.4,1010.2,6.7,60.0,
2017-09-10 00:00:00,91.1377,26.1,25.0,1009.9,8.2,80.0,
2017-09-10 01:00:00,90.6175,25.6,24.4,1009.7,6.2,90.0,8.0
2017-09-10 02:00:00,91.1377,25.0,25.0,1009.2,4.6,60.0,
2017-09-10 03:00:00,90.8176,25.0,25.0,1007.9,5.1,50.0,
2017-09-10 04:00:00,90.9376,25.0,25.0,1008.0,6.2,50.0,
2017-09-10 05:00:00,90.9376,23.9,23.9,1008.3,6.7,50.0,
2017-09-10 06:00:00,90.9776,24.4,24.4,1007.2,6.2,30.0,
2017-09-10 07:00:00,91.8577,25.0,25.0,1007.3,5.7,30.0,8.0
2017-09-10 08:00:00,92.5378,25.6,25.6,1007.8,6.7,40.0,
2017-09-10 09:00:00,92.6979,25.6,25.0,1008.0,6.2,60.0,
2017-09-10 10:00:00,92.4579,25.6,25.6,1007.1,7.2,40.0,
2017-09-10 11:00:00,98.459,25.6,25.6,1008.0,6.7,60.0,
2017-09-10 12:00:00,91.5376,23.3,23.3,1007.4,5.7,120.0,
2017-09-10 13:00:00,92.2579,22.2,22.2,1006.4,8.2,60.0,8.0
2017-09-10 14:00:00,88.337,23.3,23.3,1004.5,8.2,50.0,
2017-09-10 15:00:00,89.65729999999999,23.3,23.3,,8.8,50.0,
2017-09-10 16:00:00,90.3374,23.9,23.9,,11.8,50.0,
2017-09-10 17:00:00,90.69749999999999,22.8,22.8,999.2,10.8,40.0,
2017-09-10 18:00:00,90.29740000000001,24.4,24.4,996.3,16.0,70.0,
2017-09-10 19:00:00,86.2167,23.3,23.3,992.6,14.9,50.0,8.0
2017-09-10 20:00:00,86.0566,23.9,23.9,,24.2,80.0,9.0
2017-09-10 21:00:00,86.61670000000001,24.4,24.4,989.9,17.5,90.0,
2017-09-10 22:00:00,84.6163,25.0,25.0,986.0,17.5,80.0,
2017-09-10 23:00:00,88.97720000000001,25.6,25.6,983.6,20.6,100.0,
2017-09-11 00:00:00,85.7765,24.4,24.4,981.5,21.6,110.0,
2017-09-11 01:00:00,88.77709999999999,23.9,23.9,981.0,19.0,120.0,8.0
2017-09-11 02:00:00,88.4171,24.4,24.4,,20.1,140.0,
2017-09-11 03:00:00,89.6173,25.0,23.9,,18.5,150.0,
2017-09-11 04:00:00,89.3772,23.9,23.9,982.2,21.1,160.0,
2017-09-11 05:00:00,88.93719999999999,24.4,23.3,985.5,18.5,170.0,
2017-09-11 06:00:00,89.6173,23.9,22.8,989.1,16.0,180.0,
2017-09-11 07:00:00,89.1372,23.9,22.2,992.3,16.0,180.0,
2017-09-11 08:00:00,88.69720000000001,24.4,22.2,994.9,14.9,190.0,
2017-09-11 09:00:00,88.4571,25.6,22.2,996.8,12.9,190.0,
2017-09-11 10:00:00,87.2969,26.1,22.2,998.7,12.9,200.0,
2017-09-11 11:00:00,88.53710000000001,26.7,22.2,1000.2,11.8,200.0,
2017-09-11 12:00:00,87.1768,27.8,21.7,,11.3,200.0,4.0
2017-09-11 13:00:00,86.57669999999999,28.3,22.2,1000.8,11.8,200.0,6.0
2017-09-11 14:00:00,86.6567,28.9,21.7,1001.2,10.3,210.0,
2017-09-11 15:00:00,85.9366,27.8,21.1,1001.9,8.2,210.0,
2017-09-11 16:00:00,86.33670000000001,27.8,22.8,1002.4,8.2,220.0,
2017-09-11 17:00:00,87.0968,27.2,21.1,1003.0,6.7,220.0,
2017-09-11 18:00:00,87.4169,26.1,21.1,1004.1,10.8,230.0,
2017-09-11 19:00:00,86.6968,24.4,21.7,1004.9,5.7,220.0,4.0
2017-09-11 20:00:00,87.8169,23.3,22.2,1005.8,4.1,210.0,4.0
2017-09-11 21:00:00,87.857,22.8,22.2,1006.7,3.1,190.0,0.0
2017-09-11 22:00:00,87.1769,22.8,22.2,1007.3,3.1,190.0,2.0
2017-09-11 23:00:00,88.33709999999999,22.8,22.2,1007.6,4.1,190.0,2.0
2017-09-12 00:00:00,88.8571,22.8,22.8,1008.0,3.1,190.0,
2017-09-12 01:00:00,89.0973,22.8,22.2,1007.9,4.1,200.0,4.0
2017-09-12 02:00:00,89.37729999999999,22.2,22.2,1007.8,3.6,190.0,4.0
2017-09-12 03:00:00,88.97720000000001,22.2,22.2,1008.0,3.1,190.0,0.0
2017-09-12 04:00:00,88.9372,21.7,21.7,1008.4,2.1,180.0,0.0
2017-09-12 05:00:00,88.9372,22.2,22.2,1008.9,3.6,180.0,
2017-09-12 06:00:00,88.4971,22.2,22.2,1009.5,2.6,180.0,
2017-09-12 07:00:00,89.2573,22.8,22.8,1010.3,2.6,180.0,4.0
2017-09-12 08:00:00,89.3373,24.4,22.8,1010.9,3.6,190.0,4.0
2017-09-12 09:00:00,88.7772,26.1,22.8,1011.3,3.6,220.0,4.0
2017-09-12 10:00:00,88.337,27.2,21.1,1011.7,6.2,240.0,4.0
2017-09-12 11:00:00,88.8172,27.8,20.0,1011.8,5.1,250.0,4.0
2017-09-12 12:00:00,101.0595,29.4,20.0,1011.3,7.2,230.0,4.0
2017-09-12 13:00:00,88.7371,30.0,19.4,1011.1,6.2,260.0,4.0
2017-09-12 14:00:00,100.0993,30.6,19.4,1010.9,2.6,270.0,4.0
2017-09-12 15:00:00,84.7364,31.1,18.3,1010.7,4.6,280.0,4.0
2017-09-12 16:00:00,86.2166,30.6,18.3,1010.6,4.6,260.0,4.0
2017-09-12 17:00:00,87.0969,30.6,18.9,1010.6,3.1,290.0,4.0
2017-09-12 18:00:00,86.29660000000001,28.9,19.4,1010.7,3.1,290.0,2.0
2017-09-12 19:00:00,86.6567,27.2,19.4,1011.2,2.1,280.0,2.0
2017-09-12 20:00:00,88.0969,26.7,20.6,1012.0,2.6,320.0,0.0
2017-09-12 21:00:00,87.4169,25.6,21.1,1012.4,2.6,320.0,2.0
2017-09-12 22:00:00,89.5373,25.0,21.1,1012.6,2.6,320.0,2.0
2017-09-12 23:00:00,91.4176,24.4,21.7,1012.8,2.6,350.0,0.0
2017-09-13 00:00:00,91.2976,23.3,21.1,1012.9,2.6,10.0,2.0
2017-09-13 01:00:00,92.0578,23.3,21.1,1012.8,1.5,350.0,0.0
2017-09-13 02:00:00,91.9778,23.3,20.6,1012.6,0.0,0.0,2.0
2017-09-13 03:00:00,92.6978,22.8,20.6,1012.5,0.0,0.0,0.0
2017-09-13 04:00:00,93.098,21.7,20.6,1012.7,0.0,0.0,0.0
2017-09-13 05:00:00,92.17779999999999,22.2,20.6,1013.2,0.0,0.0,0.0
2017-09-13 06:00:00,93.6181,22.2,20.6,1013.8,0.0,0.0,2.0
2017-09-13 07:00:00,91.3376,22.2,21.7,1014.4,0.0,0.0,2.0
2017-09-13 08:00:00,87.5769,25.0,20.6,1014.5,0.0,0.0,0.0
2017-09-13 09:00:00,91.4976,27.2,20.6,1014.6,2.6,60.0,0.0
2017-09-13 10:00:00,89.3372,28.9,21.1,1015.0,1.5,80.0,2.0
2017-09-13 11:00:00,96.6587,29.4,21.7,1015.0,3.1,190.0,2.0
2017-09-13 12:00:00,95.4984,30.6,21.7,1014.6,4.1,170.0,4.0
2017-09-13 13:00:00,95.9785,30.6,20.6,1013.8,2.1,180.0,4.0
2017-09-13 14:00:00,96.5387,31.1,20.6,1013.3,2.1,,4.0
2017-09-13 15:00:00,94.8583,31.7,21.1,1012.6,3.6,180.0,4.0
2017-09-13 16:00:00,89.4573,31.1,20.6,1012.5,3.6,160.0,4.0
2017-09-13 17:00:00,88.017,31.1,20.6,1012.7,3.1,160.0,
2017-09-13 18:00:00,88.7371,29.4,21.7,1012.6,2.1,170.0,
2017-09-13 19:00:00,87.4569,28.3,23.9,1012.9,4.6,130.0,6.0
2017-09-13 20:00:00,86.8968,27.2,23.9,1013.3,3.6,120.0,2.0
2017-09-13 21:00:00,88.057,26.1,24.4,1014.1,3.1,140.0,4.0
2017-09-13 22:00:00,88.7371,26.1,24.4,1014.1,3.1,150.0,2.0
2017-09-13 23:00:00,88.5771,25.6,25.0,1014.4,3.1,150.0,2.0
2017-09-14 00:00:00,88.257,25.0,25.0,1014.6,2.1,180.0,2.0
2017-09-14 01:00:00,88.93719999999999,25.0,25.0,1014.0,2.1,190.0,2.0
2017-09-14 02:00:00,89.1372,25.0,24.4,1013.8,0.0,0.0,2.0
2017-09-14 03:00:00,89.5773,23.9,23.9,1013.8,1.5,190.0,4.0
2017-09-14 04:00:00,91.13759999999999,24.4,24.4,1013.8,0.0,0.0,
2017-09-14 05:00:00,91.4577,24.4,24.4,1014.3,2.6,310.0,4.0
2017-09-14 06:00:00,89.6973,24.4,23.9,1014.8,0.0,0.0,4.0
2017-09-14 07:00:00,90.1774,25.0,24.4,1015.2,2.1,20.0,6.0
2017-09-14 08:00:00,90.29740000000001,26.7,22.8,1015.6,0.0,0.0,2.0
2017-09-14 09:00:00,92.2578,28.3,22.8,1016.2,1.5,360.0,2.0
2017-09-14 10:00:00,104.7402,29.4,22.8,1016.3,0.0,0.0,2.0
2017-09-14 11:00:00,98.059,30.0,22.8,1016.1,1.5,,4.0
2017-09-14 12:00:00,96.21860000000001,31.1,22.8,1015.3,0.0,0.0,4.0
2017-09-14 13:00:00,95.3784,30.6,22.2,1014.9,0.0,0.0,6.0
2017-09-14 14:00:00,96.0185,31.7,22.2,1013.9,1.5,,
2017-09-14 15:00:00,94.8983,32.2,22.8,1013.1,2.1,170.0,
2017-09-14 16:00:00,95.9786,31.7,22.8,1013.0,0.0,0.0,
2017-09-14 17:00:00,97.8588,31.7,22.2,1013.0,1.5,,
2017-09-14 18:00:00,95.3784,28.9,24.4,,6.7,70.0,
2017-09-14 19:00:00,89.0171,25.6,25.6,1014.5,2.1,40.0,8.0
2017-09-14 20:00:00,90.1374,23.3,23.3,1015.3,5.1,80.0,
2017-09-14 21:00:00,89.9373,23.3,22.8,1015.5,3.6,170.0,
2017-09-14 22:00:00,89.3373,23.9,22.2,1016.4,1.5,90.0,
2017-09-14 23:00:00,89.37729999999999,23.3,23.3,1016.1,2.6,120.0,
2017-09-15 00:00:00,90.1774,23.3,23.3,1015.6,2.6,150.0,
2017-09-15 01:00:00,93.218,23.9,22.8,1014.7,0.0,0.0,6.0
2017-09-15 02:00:00,93.6181,23.3,23.3,1014.8,1.5,270.0,
2017-09-15 03:00:00,94.5382,23.3,23.3,1015.1,0.0,0.0,
2017-09-15 04:00:00,94.8983,23.3,23.3,1014.9,0.0,0.0,2.0
2017-09-15 05:00:00,94.2182,23.3,23.3,1015.2,0.0,0.0,4.0
2017-09-15 06:00:00,93.25800000000001,23.9,23.9,1016.0,1.5,80.0,
2017-09-15 07:00:00,97.4588,23.9,23.9,1016.4,2.1,30.0,4.0
2017-09-15 08:00:00,105.9805,25.6,23.9,1016.4,1.5,90.0,4.0
2017-09-15 09:00:00,89.9774,26.7,23.9,1017.2,1.5,70.0,4.0
2017-09-15 10:00:00,67.293,28.3,24.4,1017.3,2.1,80.0,2.0
2017-09-15 11:00:00,65.49260000000001,30.0,23.9,1017.2,3.6,90.0,4.0
2017-09-15 12:00:00,66.1328,31.1,23.3,1016.5,2.1,,4.0
2017-09-15 13:00:00,66.6928,31.7,23.3,1016.2,1.5,,4.0
2017-09-15 14:00:00,65.6126,30.6,23.9,1015.5,9.8,90.0,
2017-09-15 15:00:00,65.6527,28.3,25.6,1015.4,5.7,100.0,4.0
2017-09-15 16:00:00,65.6127,30.6,23.9,1014.7,5.1,80.0,4.0
2017-09-15 17:00:00,66.0128,30.0,23.9,1014.9,5.1,80.0,4.0
2017-09-15 18:00:00,65.4926,28.3,22.8,1015.1,3.6,90.0,4.0
2017-09-15 19:00:00,65.6927,27.2,22.2,1015.3,4.1,80.0,2.0
2017-09-15 20:00:00,54.4505,26.7,22.2,1016.1,3.6,70.0,4.0
2017-09-15 21:00:00,54.450500000000005,26.1,22.8,1016.5,2.1,70.0,2.0
2017-09-15 22:00:00,57.6511,25.6,23.3,1016.6,2.6,70.0,2.0
2017-09-15 23:00:00,58.6113,25.0,23.9,1016.7,1.5,80.0,
2017-09-16 00:00:00,59.011399999999995,25.6,23.9,1016.3,2.6,70.0,
2017-09-16 01:00:00,58.971399999999996,25.0,23.9,1016.0,3.1,60.0,6.0
2017-09-16 02:00:00,59.3315,25.0,23.9,1015.5,3.1,50.0,4.0
2017-09-16 03:00:00,58.971399999999996,25.0,23.9,1015.4,3.1,30.0,4.0
2017-09-16 04:00:00,59.1714,24.4,23.9,1015.2,2.6,20.0,2.0
2017-09-16 05:00:00,69.2933,23.9,23.9,1015.6,2.1,30.0,2.0
2017-09-16 06:00:00,68.89330000000001,24.4,23.9,1016.4,2.6,30.0,2.0
2017-09-16 07:00:00,69.29339999999999,25.0,23.9,1016.8,2.6,20.0,2.0
2017-09-16 08:00:00,78.6152,27.2,24.4,1017.0,2.6,20.0,2.0
2017-09-16 09:00:00,78.49520000000001,27.8,23.9,1017.6,4.6,20.0,
2017-09-16 10:00:00,73.3742,30.0,23.3,1017.6,4.6,50.0,
2017-09-16 11:00:00,70.2135,30.6,23.3,1017.3,5.1,60.0,
2017-09-16 12:00:00,68.3732,31.1,23.3,1016.7,4.6,30.0,
2017-09-16 13:00:00,78.1351,31.7,22.8,1015.8,4.1,60.0,6.0
2017-09-16 14:00:00,75.25460000000001,30.6,23.3,1015.3,5.1,40.0,4.0
2017-09-16 15:00:00,70.2935,31.1,22.8,1015.0,6.2,60.0,4.0
2017-09-16 16:00:00,63.3322,31.1,22.8,1014.7,7.7,50.0,
2017-09-16 17:00:00,61.531800000000004,30.0,22.2,1014.9,6.2,50.0,4.0
2017-09-16 18:00:00,61.4919,28.3,21.7,1015.4,6.7,20.0,
2017-09-16 19:00:00,63.292199999999994,26.7,21.7,1015.7,5.7,30.0,6.0
2017-09-16 20:00:00,63.2922,26.1,22.2,1016.2,5.1,30.0,4.0
2017-09-16 21:00:00,65.4126,25.6,22.8,1016.6,3.6,20.0,2.0
2017-09-16 22:00:00,69.0133,25.0,23.3,1016.3,3.1,10.0,2.0
2017-09-16 23:00:00,69.3334,25.0,23.3,1016.0,2.1,360.0,2.0
2017-09-17 00:00:00,70.2135,24.4,22.8,1015.6,2.6,330.0,
2017-09-17 01:00:00,70.0935,24.4,22.8,1015.0,2.1,320.0,6.0
2017-09-17 02:00:00,64.0523,23.9,22.8,1014.6,2.1,320.0,
2017-09-17 03:00:00,57.8511,23.9,22.8,1014.6,1.5,330.0,4.0
2017-09-17 04:00:00,60.7318,23.3,22.8,1014.6,2.6,330.0,4.0
2017-09-17 05:00:00,59.6515,23.3,22.2,1015.0,2.1,330.0,2.0
2017-09-17 06:00:00,70.6536,23.3,22.2,1015.9,3.6,350.0,2.0
2017-09-17 07:00:00,71.1337,23.9,22.8,1016.1,4.6,350.0,0.0
2017-09-17 08:00:00,90.61749999999999,25.0,22.8,1016.4,5.1,340.0,0.0
2017-09-17 09:00:00,83.9762,26.7,23.3,1016.6,5.7,360.0,2.0
2017-09-17 10:00:00,88.5772,27.8,22.8,1016.7,4.1,340.0,4.0
2017-09-17 11:00:00,64.5325,29.4,21.7,1016.3,6.7,360.0,4.0
2017-09-17 12:00:00,62.932100000000005,29.4,21.7,1016.0,4.6,20.0,4.0
2017-09-17 13:00:00,63.5722,30.6,20.6,1015.3,4.6,360.0,4.0
2017-09-17 14:00:00,63.4122,31.1,21.1,1014.3,5.7,350.0,4.0
2017-09-17 15:00:00,62.8521,30.0,21.1,1013.8,5.7,360.0,4.0
2017-09-17 16:00:00,62.292100000000005,30.0,20.6,1013.7,5.7,360.0,4.0
2017-09-17 17:00:00,63.0522,30.0,20.0,1013.8,5.7,30.0,4.0
2017-09-17 18:00:00,63.4922,28.9,19.4,1014.1,6.2,30.0,2.0
2017-09-17 19:00:00,64.4525,27.2,18.9,1014.4,4.6,20.0,0.0
2017-09-17 20:00:00,65.6927,25.6,18.9,1014.9,3.1,20.0,0.0
2017-09-17 21:00:00,62.7721,24.4,20.0,1015.3,3.6,360.0,0.0
2017-09-17 22:00:00,57.7312,24.4,20.0,1015.6,3.1,360.0,0.0
2017-09-17 23:00:00,59.0914,23.9,20.6,1015.5,2.6,350.0,0.0
2017-09-18 00:00:00,59.451499999999996,23.9,21.1,1015.0,2.6,350.0,0.0
2017-09-18 01:00:00,58.5714,23.9,21.1,1014.7,3.1,340.0,0.0
2017-09-18 02:00:00,59.0114,23.3,21.1,1013.9,3.1,350.0,0.0
2017-09-18 03:00:00,59.1714,23.3,21.1,1013.3,3.6,320.0,0.0
2017-09-18 04:00:00,58.731399999999994,23.3,21.7,1013.4,2.6,330.0,2.0
2017-09-18 05:00:00,64.6125,23.3,21.7,1013.2,4.1,330.0,2.0
2017-09-18 06:00:00,67.9731,23.3,22.2,1013.8,3.6,350.0,4.0
2017-09-18 07:00:00,67.09299999999999,23.9,22.2,1014.2,4.6,340.0,4.0
2017-09-18 08:00:00,67.333,24.4,22.8,1014.7,5.1,350.0,
2017-09-18 09:00:00,68.0132,26.7,22.8,1015.1,3.6,350.0,
2017-09-18 10:00:00,66.69290000000001,27.2,22.8,1015.3,5.1,350.0,
2017-09-18 11:00:00,65.5727,28.9,23.3,1015.0,5.1,20.0,
2017-09-18 12:00:00,66.5329,29.4,22.8,1014.6,5.7,350.0,
2017-09-18 13:00:00,80.5356,27.2,22.8,1014.3,6.7,10.0,6.0
2017-09-18 14:00:00,67.9731,27.8,23.9,1013.6,6.2,30.0,
2017-09-18 15:00:00,78.2951,27.8,23.3,1013.5,8.2,10.0,
2017-09-18 16:00:00,66.8929,25.6,22.2,1013.9,5.7,30.0,
2017-09-18 17:00:00,67.653,25.6,21.1,1013.4,6.7,30.0,
2017-09-18 18:00:00,69.1334,26.1,21.1,1013.5,5.1,30.0,
2017-09-18 19:00:00,66.2127,25.6,22.8,1013.8,4.1,30.0,6.0
2017-09-18 20:00:00,58.8914,25.6,22.8,1014.5,4.1,30.0,
2017-09-18 21:00:00,58.9314,25.0,23.3,1014.7,4.1,40.0,
2017-09-18 22:00:00,62.9721,24.4,23.3,1014.5,1.5,70.0,
2017-09-18 23:00:00,64.7324,24.4,23.3,1014.7,3.1,350.0,
2017-09-19 00:00:00,64.4525,25.0,23.3,1014.6,3.6,10.0,
2017-09-19 01:00:00,64.6125,24.4,23.3,1014.2,2.6,350.0,6.0
2017-09-19 02:00:00,65.1325,23.9,23.3,1013.9,2.6,350.0,
2017-09-19 03:00:00,64.0124,23.9,23.3,1013.4,2.6,360.0,
2017-09-19 04:00:00,61.3318,23.9,23.3,1013.4,1.5,360.0,
2017-09-19 05:00:00,59.891600000000004,23.9,23.3,,2.1,360.0,
2017-09-19 06:00:00,60.6117,23.9,23.3,1014.3,3.1,350.0,
2017-09-19 07:00:00,62.251999999999995,24.4,23.3,1014.7,2.1,350.0,6.0
2017-09-19 08:00:00,71.8538,25.6,23.3,1014.9,3.6,360.0,
2017-09-19 09:00:00,71.85390000000001,26.7,23.3,1015.3,4.1,20.0,
2017-09-19 10:00:00,69.13329999999999,28.3,22.8,1015.5,4.1,50.0,
2017-09-19 11:00:00,66.3728,30.0,23.3,1015.2,4.6,50.0,
2017-09-19 12:00:00,64.8126,27.2,23.9,1015.0,3.6,120.0,
2017-09-19 13:00:00,65.9727,25.0,22.2,1014.9,3.1,70.0,8.0
2017-09-19 14:00:00,71.3338,27.2,23.9,1014.2,2.6,90.0,
2017-09-19 15:00:00,68.7333,28.3,23.3,1013.8,3.6,80.0,
2017-09-19 16:00:00,68.6532,28.9,20.6,1013.4,5.1,60.0,
2017-09-19 17:00:00,69.1334,28.3,20.0,1013.7,5.7,60.0,
2017-09-19 18:00:00,67.173,27.2,21.1,1014.0,5.7,70.0,
2017-09-19 19:00:00,68.6532,26.7,21.7,1014.4,3.6,70.0,6.0
2017-09-19 20:00:00,69.93350000000001,26.1,22.2,1014.8,3.6,70.0,
2017-09-19 21:00:00,70.4536,25.6,22.8,1015.2,2.6,60.0,
2017-09-19 22:00:00,68.9333,25.6,22.8,1015.9,2.6,60.0,
2017-09-19 23:00:00,70.0935,25.0,22.8,1015.6,1.5,60.0,4.0
2017-09-20 00:00:00,70.5337,25.0,23.3,1015.4,1.5,60.0,
2017-09-20 01:00:00,70.3736,24.4,22.8,1015.2,1.5,70.0,6.0
2017-09-20 02:00:00,70.6137,23.9,22.8,1014.9,0.0,0.0,2.0
2017-09-20 03:00:00,63.01219999999999,23.3,22.8,1014.7,0.0,0.0,0.0
2017-09-20 04:00:00,58.0512,23.3,22.8,1014.9,0.0,0.0,0.0
2017-09-20 05:00:00,58.011199999999995,22.8,22.8,1015.0,0.0,0.0,2.0
2017-09-20 06:00:00,58.8114,22.8,22.8,1015.5,2.6,350.0,2.0
2017-09-20 07:00:00,62.372,23.3,23.3,1016.2,2.1,360.0,2.0
2017-09-20 08:00:00,72.334,25.6,23.3,1016.7,3.1,360.0,2.0
2017-09-20 09:00:00,72.334,27.8,23.3,1016.9,3.6,20.0,4.0
2017-09-20 10:00:00,78.2551,28.9,23.3,1017.0,2.6,60.0,4.0
2017-09-20 11:00:00,70.4936,30.0,21.7,1016.7,3.1,20.0,4.0
2017-09-20 12:00:00,69.0133,31.1,20.6,1016.2,4.1,20.0,4.0
2017-09-20 13:00:00,67.8931,31.1,19.4,1015.6,3.1,50.0,4.0
2017-09-20 14:00:00,66.4128,31.7,21.1,1015.0,4.6,70.0,
2017-09-20 15:00:00,66.4528,31.7,20.6,1014.7,5.1,80.0,
2017-09-20 16:00:00,68.2932,30.6,19.4,1014.6,6.7,60.0,2.0
2017-09-20 17:00:00,67.653,29.4,18.9,1014.7,5.7,80.0,2.0
2017-09-20 18:00:00,69.0133,27.8,20.6,1014.7,4.6,80.0,2.0
2017-09-20 19:00:00,70.8936,26.7,21.7,1015.2,3.6,80.0,2.0
2017-09-20 20:00:00,70.8937,25.6,22.2,1015.7,3.1,80.0,0.0
2017-09-20 21:00:00,71.2538,24.4,22.2,1016.3,2.6,90.0,0.0
2017-09-20 22:00:00,70.1735,25.0,22.2,1016.2,3.1,60.0,2.0
2017-09-20 23:00:00,70.17360000000001,24.4,22.2,1016.2,1.5,70.0,0.0
2017-09-21 00:00:00,70.8937,23.9,22.2,1015.9,0.0,0.0,4.0
2017-09-21 01:00:00,67.6931,23.3,22.2,1015.7,0.0,0.0,0.0
2017-09-21 02:00:00,61.2919,22.8,22.2,1015.1,0.0,0.0,0.0
2017-09-21 03:00:00,57.9712,23.3,22.2,1014.8,2.1,360.0,0.0
2017-09-21 04:00:00,57.8512,23.3,22.2,1014.6,0.0,0.0,0.0
2017-09-21 05:00:00,58.491299999999995,22.8,22.2,1014.9,1.5,360.0,0.0
2017-09-21 06:00:00,56.6109,22.8,22.2,1015.4,2.1,360.0,2.0
2017-09-21 07:00:00,63.4122,23.3,22.8,1015.9,2.6,360.0,2.0
2017-09-21 08:00:00,70.77369999999999,26.1,23.3,1016.2,3.1,10.0,2.0
2017-09-21 09:00:00,72.174,27.8,22.2,1016.4,3.1,40.0,2.0
2017-09-21 10:00:00,66.8929,28.3,21.7,1016.7,4.6,30.0,4.0
2017-09-21 11:00:00,68.45320000000001,30.0,22.2,1016.3,5.7,30.0,4.0
2017-09-21 12:00:00,66.5329,30.6,21.7,1015.9,4.6,40.0,4.0
2017-09-21 13:00:00,66.6129,30.6,20.6,1015.3,3.6,70.0,6.0
2017-09-21 14:00:00,67.81309999999999,30.6,21.1,1014.6,5.1,70.0,
2017-09-21 15:00:00,63.4123,29.4,19.4,1014.0,4.6,70.0,
2017-09-21 16:00:00,75.93469999999999,30.0,20.0,1013.4,7.2,60.0,
2017-09-21 17:00:00,119.6232,29.4,18.9,1013.5,6.2,60.0,
2017-09-21 18:00:00,114.3021,27.8,20.0,1013.8,5.1,70.0,4.0
2017-09-21 19:00:00,110.02120000000001,26.1,20.6,1013.9,4.6,60.0,4.0
2017-09-21 20:00:00,110.0213,25.6,20.6,1014.2,3.1,60.0,2.0
2017-09-21 21:00:00,109.3411,25.0,21.1,1014.7,3.6,30.0,2.0
2017-09-21 22:00:00,107.26070000000001,25.0,21.7,1015.0,3.1,20.0,4.0
2017-09-21 23:00:00,106.9406,25.0,21.7,1014.8,3.1,40.0,4.0
2017-09-22 00:00:00,107.2607,24.4,22.2,1014.4,3.6,10.0,
2017-09-22 01:00:00,108.2209,23.9,22.2,1014.0,2.1,30.0,0.0
2017-09-22 02:00:00,107.58070000000001,23.3,22.2,1013.5,2.1,350.0,0.0
2017-09-22 03:00:00,111.3815,23.3,22.2,1013.1,2.1,350.0,0.0
2017-09-22 04:00:00,112.70179999999999,22.8,22.2,1013.1,3.1,350.0,2.0
2017-09-22 05:00:00,112.46170000000001,23.3,22.8,1013.3,3.1,350.0,2.0
2017-09-22 06:00:00,111.42150000000001,23.3,22.2,1013.7,3.1,350.0,2.0
2017-09-22 07:00:00,113.2619,23.3,22.8,1014.0,2.6,360.0,2.0
2017-09-22 08:00:00,116.30250000000001,26.1,23.3,1014.1,3.6,360.0,2.0
2017-09-22 09:00:00,117.86269999999999,27.8,23.9,1014.3,4.6,10.0,4.0
2017-09-22 10:00:00,116.42250000000001,29.4,23.9,1014.4,2.6,20.0,4.0
2017-09-22 11:00:00,115.7423,28.9,23.3,1014.0,4.1,350.0,4.0
2017-09-22 12:00:00,115.94229999999999,30.0,22.8,1013.4,4.1,10.0,4.0
2017-09-22 13:00:00,111.7415,28.9,23.3,1013.0,7.2,60.0,6.0
2017-09-22 14:00:00,118.1028,30.0,22.8,1012.4,6.7,50.0,
2017-09-22 15:00:00,118.2628,29.4,22.2,1012.3,7.7,50.0,
2017-09-22 16:00:00,116.6625,23.0,22.0,1012.6,9.8,60.0,
2017-09-22 17:00:00,117.7827,24.4,23.9,1011.6,4.1,20.0,
2017-09-22 18:00:00,119.34299999999999,26.1,23.9,1011.8,3.6,70.0,
2017-09-22 19:00:00,119.6231,25.6,23.9,1012.4,3.6,60.0,8.0
2017-09-22 20:00:00,119.6231,25.0,23.9,1013.1,5.7,70.0,
2017-09-22 21:00:00,114.8621,24.4,22.8,1013.2,5.1,60.0,
2017-09-22 22:00:00,114.182,23.9,22.8,1013.1,2.6,80.0,
2017-09-22 23:00:00,103.69999999999999,24.4,23.3,1013.0,3.6,50.0,4.0
2017-09-23 00:00:00,105.2603,23.9,23.3,1012.5,2.1,20.0,4.0
2017-09-23 01:00:00,105.50040000000001,23.3,23.3,1012.4,2.1,20.0,4.0
2017-09-23 02:00:00,108.42099999999999,23.3,23.3,1012.2,3.1,360.0,2.0
2017-09-23 03:00:00,107.4608,23.3,23.3,1011.7,3.1,360.0,2.0
2017-09-23 04:00:00,110.62129999999999,23.3,23.3,1011.3,3.1,360.0,2.0
2017-09-23 05:00:00,108.78099999999999,23.3,23.3,1011.5,3.6,360.0,
2017-09-23 06:00:00,108.821,23.3,23.3,1012.2,3.6,360.0,
2017-09-23 07:00:00,113.7019,23.9,23.3,1012.4,3.6,360.0,4.0
2017-09-23 08:00:00,137.4266,25.0,23.3,1012.6,5.1,20.0,
2017-09-23 09:00:00,125.3442,28.3,23.9,1012.9,6.2,40.0,
2017-09-23 10:00:00,139.4269,28.3,22.8,1013.0,5.1,30.0,
2017-09-23 11:00:00,120.7034,30.0,22.2,1012.9,6.2,40.0,
2017-09-23 12:00:00,118.5829,30.6,21.7,1012.4,5.1,50.0,4.0
2017-09-23 13:00:00,117.4227,28.3,21.7,1012.5,6.2,100.0,6.0
2017-09-23 14:00:00,118.5829,30.6,22.8,1011.6,7.2,50.0,
2017-09-23 15:00:00,118.30290000000001,28.9,23.9,1011.4,4.6,50.0,
2017-09-23 16:00:00,119.423,25.0,24.4,1011.9,3.1,90.0,
2017-09-23 17:00:00,121.30340000000001,25.6,24.4,1011.5,4.1,20.0,
2017-09-23 18:00:00,123.18379999999999,26.1,24.4,1011.7,3.1,30.0,
2017-09-23 19:00:00,124.66399999999999,25.6,24.4,1011.6,4.1,30.0,4.0
2017-09-23 20:00:00,125.26419999999999,25.6,24.4,1011.7,4.1,30.0,4.0
2017-09-23 21:00:00,124.184,25.0,24.4,1012.2,3.1,60.0,4.0
2017-09-23 22:00:00,123.66389999999998,24.4,23.9,1012.3,4.1,40.0,4.0
2017-09-23 23:00:00,112.14169999999999,24.4,23.9,1012.4,2.6,20.0,4.0
2017-09-24 00:00:00,105.66049999999998,23.9,23.9,1011.5,2.1,360.0,4.0
2017-09-24 01:00:00,107.7808,23.9,23.9,1011.4,2.6,10.0,2.0
2017-09-24 02:00:00,110.54129999999999,23.9,23.9,1011.3,2.6,350.0,2.0
2017-09-24 03:00:00,108.981,23.9,23.3,1011.2,2.6,360.0,2.0
2017-09-24 04:00:00,110.14119999999997,23.3,23.3,1011.2,3.1,350.0,4.0
2017-09-24 05:00:00,109.94120000000001,23.3,23.3,1011.5,2.6,360.0,2.0
2017-09-24 06:00:00,108.8611,23.3,23.3,1012.1,2.1,360.0,4.0
2017-09-24 07:00:00,109.02109999999999,23.9,23.9,1012.2,3.1,360.0,4.0
2017-09-24 08:00:00,139.2669,26.1,23.3,1012.6,2.6,20.0,4.0
2017-09-24 09:00:00,125.3041,27.8,23.9,1012.9,4.1,40.0,2.0
2017-09-24 10:00:00,125.0641,28.9,23.3,1013.0,5.7,50.0,4.0
2017-09-24 11:00:00,131.1053,29.4,22.8,1013.0,5.7,60.0,4.0
2017-09-24 12:00:00,125.26410000000001,31.1,22.2,1012.6,5.7,60.0,4.0
2017-09-24 13:00:00,121.10340000000001,31.1,21.7,1012.0,4.6,30.0,4.0
2017-09-24 14:00:00,118.82289999999999,31.1,21.7,1011.3,5.1,40.0,
2017-09-24 15:00:00,117.62270000000002,30.0,20.6,1010.8,4.6,50.0,
2017-09-24 16:00:00,117.9028,30.6,20.0,1010.8,5.1,70.0,4.0
2017-09-24 17:00:00,117.8228,29.4,20.0,1011.0,4.6,30.0,4.0
2017-09-24 18:00:00,118.703,28.3,21.7,1011.2,4.6,60.0,4.0
2017-09-24 19:00:00,121.30340000000001,27.8,22.8,1011.4,5.7,40.0,4.0
2017-09-24 20:00:00,123.22380000000001,26.7,22.8,1012.5,4.1,50.0,2.0
2017-09-24 21:00:00,122.8237,26.1,23.3,1012.6,4.1,20.0,2.0
2017-09-24 22:00:00,123.1437,25.6,23.9,1012.5,3.6,10.0,2.0
2017-09-24 23:00:00,126.5044,25.0,24.4,1012.2,2.1,10.0,4.0
2017-09-25 00:00:00,121.2234,25.0,23.9,1012.0,2.6,350.0,2.0
2017-09-25 01:00:00,124.504,24.4,23.9,1011.5,3.1,350.0,0.0
2017-09-25 02:00:00,128.70479999999998,24.4,23.9,1011.4,2.6,310.0,0.0
2017-09-25 03:00:00,126.14430000000002,23.3,23.3,1011.4,2.6,310.0,0.0
2017-09-25 04:00:00,109.9812,23.3,23.3,1011.7,2.1,340.0,0.0
2017-09-25 05:00:00,109.66120000000001,23.3,22.8,1011.9,2.1,340.0,0.0
2017-09-25 06:00:00,110.10119999999999,23.3,22.8,1012.4,2.6,350.0,2.0
2017-09-25 07:00:00,108.821,23.3,23.3,1012.6,0.0,0.0,2.0
2017-09-25 08:00:00,116.42250000000001,25.6,23.9,1012.8,2.1,350.0,2.0
2017-09-25 09:00:00,126.02430000000003,27.2,23.9,1012.6,2.6,360.0,2.0
2017-09-25 10:00:00,125.14410000000001,28.9,23.3,1012.8,2.6,,4.0
2017-09-25 11:00:00,122.0235,29.4,21.7,1012.7,2.6,330.0,4.0
2017-09-25 12:00:00,123.5838,31.1,22.2,1012.3,3.6,360.0,4.0
2017-09-25 13:00:00,120.50319999999999,30.6,21.1,1011.6,2.6,320.0,6.0
2017-09-25 14:00:00,120.6633,32.2,20.0,1010.7,3.6,320.0,2.0
2017-09-25 15:00:00,121.10329999999999,32.2,18.3,1010.0,2.6,,2.0
2017-09-25 16:00:00,120.3832,32.2,21.1,1009.6,3.6,10.0,4.0
2017-09-25 17:00:00,120.42320000000001,31.7,21.1,1009.6,2.1,320.0,4.0
2017-09-25 18:00:00,111.3415,30.0,21.1,1009.9,3.1,310.0,4.0
2017-09-25 19:00:00,121.1833,27.8,23.9,1010.3,5.7,70.0,6.0
2017-09-25 20:00:00,122.1835,26.1,23.9,1011.4,4.1,70.0,4.0
2017-09-25 21:00:00,114.8221,25.6,23.3,1012.1,2.1,90.0,
2017-09-25 22:00:00,105.0202,25.0,22.8,1012.2,2.1,100.0,
2017-09-25 23:00:00,106.50049999999999,25.0,22.8,1012.1,0.0,0.0,
2017-09-26 00:00:00,109.101,24.4,22.8,1012.2,0.0,0.0,
2017-09-26 01:00:00,108.781,24.4,22.8,1012.1,0.0,0.0,6.0
2017-09-26 02:00:00,112.5017,23.9,22.8,1011.8,1.5,270.0,
2017-09-26 03:00:00,111.8215,24.4,22.8,1011.7,0.0,0.0,
2017-09-26 04:00:00,109.7012,23.3,22.8,1011.5,0.0,0.0,
2017-09-26 05:00:00,113.02180000000001,23.9,23.3,1011.7,1.5,350.0,
2017-09-26 06:00:00,113.06190000000001,23.9,22.8,1012.5,2.1,350.0,
2017-09-26 07:00:00,113.46189999999999,23.3,22.8,1013.1,0.0,0.0,2.0
2017-09-26 08:00:00,110.9014,25.6,23.3,1013.6,2.6,360.0,
2017-09-26 09:00:00,121.70349999999999,27.8,21.7,1013.7,1.5,,
2017-09-26 10:00:00,122.3836,29.4,21.1,1013.6,0.0,0.0,
2017-09-26 11:00:00,120.6632,30.6,21.1,1013.1,2.1,40.0,
2017-09-26 12:00:00,119.98320000000001,31.1,21.7,1012.7,0.0,0.0,
2017-09-26 13:00:00,117.9828,31.7,21.7,1011.7,4.1,320.0,4.0
2017-09-26 14:00:00,121.1434,32.8,21.1,1010.9,3.1,,
2017-09-26 15:00:00,121.1833,32.2,20.6,1010.4,4.1,310.0,
2017-09-26 16:00:00,119.62300000000002,31.7,20.6,1010.3,3.6,300.0,
2017-09-26 17:00:00,120.4633,32.2,21.1,1010.2,4.1,330.0,
2017-09-26 18:00:00,120.5833,30.6,20.6,1010.7,4.6,60.0,
2017-09-26 19:00:00,121.14330000000001,27.8,23.9,1011.4,4.1,90.0,6.0
2017-09-26 20:00:00,120.9434,26.7,23.9,1012.1,5.1,70.0,
2017-09-26 21:00:00,121.5834,26.1,23.9,1012.9,3.1,90.0,
2017-09-26 22:00:00,125.58420000000001,26.1,23.3,1013.3,3.1,100.0,
2017-09-26 23:00:00,122.5037,25.6,23.3,1012.9,1.5,120.0,
2017-09-27 00:00:00,115.82239999999999,25.0,23.9,1012.2,3.1,100.0,
2017-09-27 01:00:00,123.3838,24.4,23.9,1012.1,2.1,80.0,6.0
2017-09-27 02:00:00,123.3438,24.4,23.9,1011.8,2.6,80.0,2.0
2017-09-27 03:00:00,106.1405,24.4,23.9,1011.4,1.5,30.0,2.0
2017-09-27 04:00:00,108.3409,23.9,23.9,1011.6,2.6,20.0,2.0
2017-09-27 05:00:00,108.70100000000001,24.4,23.9,1012.0,2.1,60.0,2.0
2017-09-27 06:00:00,108.541,23.9,23.9,1011.7,2.1,350.0,2.0
2017-09-27 07:00:00,108.62100000000001,24.4,23.9,1012.0,0.0,0.0,2.0
2017-09-27 08:00:00,122.7037,26.1,24.4,1012.7,0.0,0.0,2.0
2017-09-27 09:00:00,124.7041,28.9,23.9,1012.8,2.6,30.0,2.0
2017-09-27 10:00:00,135.42610000000002,30.0,21.7,1013.0,1.5,10.0,2.0
2017-09-27 11:00:00,119.06299999999999,30.6,20.6,1012.6,0.0,0.0,2.0
2017-09-27 12:00:00,122.0635,31.1,20.6,1012.2,1.5,,4.0
2017-09-27 13:00:00,119.62310000000001,31.7,20.0,1011.6,2.6,280.0,6.0
2017-09-27 14:00:00,120.66329999999999,32.8,20.6,1011.1,2.1,10.0,
2017-09-27 15:00:00,120.4632,32.8,20.0,1010.5,1.5,,
2017-09-27 16:00:00,120.3832,32.8,20.0,1010.4,1.5,10.0,
2017-09-27 17:00:00,120.14320000000001,31.7,20.0,1010.7,3.1,50.0,
2017-09-27 18:00:00,120.42320000000002,28.9,22.2,1011.2,4.6,110.0,
2017-09-27 19:00:00,122.7037,27.2,22.8,1011.9,3.1,120.0,4.0
2017-09-27 20:00:00,111.38150000000002,26.7,22.2,1012.7,3.1,130.0,
2017-09-27 21:00:00,119.5831,26.7,22.8,1012.9,2.6,110.0,
2017-09-27 22:00:00,121.6635,26.1,22.8,1013.1,2.1,130.0,
2017-09-27 23:00:00,105.58030000000001,25.0,23.3,1013.0,0.0,0.0,
2017-09-28 00:00:00,105.5004,25.6,23.3,1012.9,0.0,0.0,
2017-09-28 01:00:00,107.90090000000001,25.0,23.3,1012.6,1.5,70.0,0.0
2017-09-28 02:00:00,110.82140000000001,23.9,23.3,1012.4,0.0,0.0,0.0
2017-09-28 03:00:00,108.58099999999999,24.4,23.9,1012.3,0.0,0.0,0.0
2017-09-28 04:00:00,110.5813,23.3,23.3,1012.2,0.0,0.0,0.0
2017-09-28 05:00:00,113.982,23.3,23.3,1012.3,1.5,80.0,0.0
2017-09-28 06:00:00,110.34119999999999,23.3,23.3,1012.6,0.0,0.0,2.0
2017-09-28 07:00:00,113.822,23.9,23.3,1013.0,0.0,0.0,2.0
2017-09-28 08:00:00,114.34200000000001,26.7,24.4,1013.4,1.5,350.0,2.0
2017-09-28 09:00:00,124.82410000000002,28.3,24.4,1013.5,1.5,90.0,2.0
2017-09-28 10:00:00,123.6239,30.0,21.7,1013.6,1.5,360.0,2.0
2017-09-28 11:00:00,122.7037,31.1,20.6,1013.4,3.6,70.0,2.0
2017-09-28 12:00:00,121.5435,31.1,20.6,1012.9,4.1,70.0,4.0
2017-09-28 13:00:00,119.10300000000001,32.2,20.6,1012.3,1.5,,4.0
2017-09-28 14:00:00,121.14340000000001,32.2,20.0,1011.5,2.1,,4.0
2017-09-28 15:00:00,120.9033,31.7,20.0,1011.3,3.6,90.0,4.0
2017-09-28 16:00:00,120.5432,32.2,21.1,1010.9,3.6,80.0,4.0
2017-09-28 17:00:00,120.70329999999998,30.6,22.2,1011.1,5.7,110.0,2.0
2017-09-28 18:00:00,121.1034,28.9,22.8,1011.8,4.6,100.0,2.0
2017-09-28 19:00:00,119.6231,27.8,22.8,1012.5,4.1,110.0,2.0
2017-09-28 20:00:00,121.3834,26.7,23.3,1013.4,4.6,110.0,4.0
2017-09-28 21:00:00,122.46360000000001,26.1,23.3,1013.9,2.6,100.0,
2017-09-28 22:00:00,122.5837,25.0,23.9,1014.1,1.5,140.0,
2017-09-28 23:00:00,124.584,25.6,23.3,1013.8,0.0,0.0,
2017-09-29 00:00:00,119.22300000000001,24.4,23.3,1013.4,2.1,90.0,
2017-09-29 01:00:00,123.22380000000001,25.0,23.9,1013.1,0.0,0.0,6.0
2017-09-29 02:00:00,119.70309999999999,25.0,23.9,1013.0,0.0,0.0,
2017-09-29 03:00:00,107.3007,24.4,23.9,1012.8,0.0,0.0,2.0
2017-09-29 04:00:00,110.70139999999998,23.9,23.9,1012.7,0.0,0.0,
2017-09-29 05:00:00,112.9418,23.9,23.9,1013.1,2.6,360.0,4.0
2017-09-29 06:00:00,111.1815,24.4,23.9,1013.7,0.0,0.0,4.0
2017-09-29 07:00:00,111.7815,24.4,23.9,1013.9,1.5,,6.0
2017-09-29 08:00:00,121.2234,27.2,25.0,1014.4,2.1,30.0,
2017-09-29 09:00:00,127.0245,28.3,25.0,1014.3,2.1,30.0,
2017-09-29 10:00:00,123.6639,28.9,23.9,1014.4,2.1,60.0,
2017-09-29 11:00:00,120.1832,30.0,23.3,1014.2,3.6,50.0,
2017-09-29 12:00:00,123.3038,30.6,22.8,1013.5,4.6,100.0,
2017-09-29 13:00:00,123.2237,31.7,22.8,1012.6,5.1,90.0,6.0
2017-09-29 14:00:00,121.5434,27.8,22.2,1012.7,7.2,100.0,
2017-09-29 15:00:00,121.5035,26.1,24.4,1012.9,2.6,100.0,
2017-09-29 16:00:00,121.5034,27.2,23.3,1012.3,4.6,100.0,
2017-09-29 17:00:00,121.26339999999999,27.2,23.9,1012.7,3.1,90.0,
2017-09-29 18:00:00,122.14349999999999,25.6,23.9,1013.2,2.1,360.0,
2017-09-29 19:00:00,116.6625,25.6,23.9,1013.7,0.0,0.0,8.0
2017-09-29 20:00:00,122.5036,26.1,23.3,1013.7,2.6,60.0,
2017-09-29 21:00:00,119.9031,25.6,23.3,1014.0,2.1,80.0,
2017-09-29 22:00:00,122.58359999999999,25.0,23.3,1013.9,3.1,80.0,
2017-09-29 23:00:00,122.94369999999999,24.4,24.4,1013.7,4.1,80.0,
2017-09-30 00:00:00,116.42250000000001,23.9,23.3,1013.0,3.6,70.0,
2017-09-30 01:00:00,111.70150000000001,23.9,23.9,1012.7,3.6,80.0,8.0
2017-09-30 02:00:00,129.0249,23.9,23.3,1012.0,2.6,10.0,
2017-09-30 03:00:00,115.5423,24.4,23.9,1011.9,3.6,340.0,
2017-09-30 04:00:00,125.58420000000001,23.9,23.9,1012.1,2.1,90.0,
2017-09-30 05:00:00,124.144,23.9,23.9,1012.1,1.5,310.0,
2017-09-30 06:00:00,124.70400000000001,23.3,23.3,1012.5,2.1,260.0,
2017-09-30 07:00:00,130.9052,23.3,23.3,1012.9,2.1,210.0,8.0
2017-09-30 08:00:00,132.50549999999998,24.4,24.4,1013.3,2.6,240.0,
2017-09-30 09:00:00,134.3059,25.0,25.0,,3.1,240.0,
2017-09-30 10:00:00,124.424,25.0,24.4,1014.2,2.6,280.0,
2017-09-30 11:00:00,130.7852,27.2,24.4,1013.9,2.6,270.0,
2017-09-30 12:00:00,127.5847,28.3,24.4,1013.5,3.6,260.0,
2017-09-30 13:00:00,135.7062,29.4,23.3,1012.7,4.6,250.0,6.0
2017-09-30 14:00:00,121.7035,30.0,23.3,1012.1,4.1,240.0,
2017-09-30 15:00:00,119.5831,30.0,23.3,1011.9,4.1,240.0,
2017-09-30 16:00:00,120.9833,31.1,23.3,1011.8,3.1,230.0,
2017-09-30 17:00:00,121.6235,28.9,24.4,1012.0,6.7,310.0,
2017-09-30 18:00:00,118.7829,27.2,23.9,1012.4,5.1,330.0,4.0
2017-09-30 19:00:00,117.5827,25.6,23.9,1013.8,3.6,270.0,8.0
2017-09-30 20:00:00,120.9033,23.9,23.9,1013.8,3.1,320.0,
2017-09-30 21:00:00,121.6234,24.4,24.4,1013.4,2.6,310.0,
2017-09-30 22:00:00,121.6635,23.9,23.9,1013.8,0.0,0.0,
2017-09-30 23:00:00,122.50370000000001,23.9,23.9,1014.1,2.1,30.0,
2017-10-01 00:00:00,124.024,23.9,23.9,1013.7,0.0,0.0,
2017-10-01 01:00:00,123.06370000000001,23.3,23.3,1013.7,2.1,150.0,8.0
2017-10-01 02:00:00,123.5838,23.3,23.3,1013.4,2.1,160.0,
2017-10-01 03:00:00,125.7043,23.3,23.3,1013.3,0.0,0.0,
2017-10-01 04:00:00,110.9014,23.3,23.3,1013.0,2.1,150.0,
2017-10-01 05:00:00,121.74350000000001,23.3,23.3,1013.2,2.6,100.0,4.0
2017-10-01 06:00:00,125.38419999999999,23.3,23.3,1013.7,2.6,70.0,4.0
2017-10-01 07:00:00,132.7056,24.4,24.4,1014.2,3.6,70.0,6.0
2017-10-01 08:00:00,126.6644,25.0,24.4,1015.0,5.7,80.0,4.0
2017-10-01 09:00:00,136.5063,26.1,23.9,1015.7,6.2,100.0,4.0
2017-10-01 10:00:00,124.38399999999999,27.2,23.3,1016.1,5.7,100.0,4.0
2017-10-01 11:00:00,134.70600000000002,26.7,22.8,1016.2,5.7,80.0,
2017-10-01 12:00:00,122.14359999999999,29.4,23.3,1015.8,7.2,110.0,
2017-10-01 13:00:00,128.3048,28.9,23.3,1015.2,6.7,80.0,6.0
2017-10-01 14:00:00,116.10249999999999,24.4,23.9,,4.1,60.0,
2017-10-01 15:00:00,116.6225,26.7,24.4,1014.5,5.7,90.0,
2017-10-01 16:00:00,118.30290000000001,27.2,23.9,1014.3,6.7,80.0,
2017-10-01 17:00:00,118.2228,27.2,22.8,1014.5,5.1,90.0,
2017-10-01 18:00:00,118.0628,25.6,22.8,1015.1,7.2,90.0,
2017-10-01 19:00:00,115.1022,24.4,23.3,1015.6,6.2,70.0,6.0
2017-10-01 20:00:00,105.38029999999999,23.9,22.8,1016.4,5.7,80.0,
2017-10-01 21:00:00,114.022,23.3,23.3,1017.0,3.6,90.0,
2017-10-01 22:00:00,106.5005,23.3,23.3,1017.5,4.6,80.0,
2017-10-01 23:00:00,111.82159999999999,22.8,22.8,1017.6,5.1,70.0,
2017-10-02 00:00:00,108.0208,23.3,23.3,1017.2,5.7,70.0,
2017-10-02 01:00:00,122.02349999999998,23.9,23.9,1017.2,4.6,80.0,8.0
2017-10-02 02:00:00,119.38300000000001,23.3,23.3,1016.8,3.6,60.0,
2017-10-02 03:00:00,111.3015,23.3,23.3,1016.5,5.1,70.0,
2017-10-02 04:00:00,111.3415,23.3,22.8,1016.7,3.6,70.0,
2017-10-02 05:00:00,113.3419,23.3,22.2,1016.9,4.1,60.0,
2017-10-02 06:00:00,112.42170000000002,23.9,21.7,1017.5,4.1,60.0,
2017-10-02 07:00:00,113.6219,23.9,21.1,1018.0,6.2,60.0,6.0
2017-10-02 08:00:00,112.9418,25.0,20.6,1018.8,6.2,60.0,
2017-10-02 09:00:00,107.3007,25.6,20.0,1019.3,7.2,70.0,
2017-10-02 10:00:00,107.3408,27.8,19.4,1019.7,8.2,60.0,
2017-10-02 11:00:00,104.9403,27.2,18.9,1020.2,7.7,60.0,
2017-10-02 12:00:00,103.65990000000001,27.8,19.4,1019.6,8.2,60.0,
2017-10-02 13:00:00,105.50030000000001,27.8,18.9,1019.3,7.7,50.0,6.0
2017-10-02 14:00:00,101.9796,28.9,19.4,1018.7,8.2,50.0,
2017-10-02 15:00:00,103.9,28.9,20.0,1018.3,7.2,50.0,
2017-10-02 16:00:00,105.46039999999999,27.2,19.4,1018.6,8.2,70.0,4.0
2017-10-02 17:00:00,103.66,26.7,18.9,1019.0,7.7,60.0,
2017-10-02 18:00:00,110.78139999999999,26.1,18.9,1019.5,5.1,60.0,4.0
2017-10-02 19:00:00,111.38150000000002,25.0,18.9,1019.4,5.7,50.0,2.0
2017-10-02 20:00:00,109.4211,24.4,18.9,1020.1,4.1,50.0,4.0
2017-10-02 21:00:00,113.0618,23.9,19.4,1020.3,3.6,60.0,2.0
2017-10-02 22:00:00,112.42170000000002,23.9,19.4,1020.5,4.1,50.0,4.0
2017-10-02 23:00:00,108.781,23.9,20.6,1020.4,5.1,70.0,4.0
2017-10-03 00:00:00,111.98159999999999,23.9,20.0,1020.3,5.1,60.0,2.0
2017-10-03 01:00:00,112.1816,24.4,20.0,1020.2,5.7,70.0,6.0
2017-10-03 02:00:00,110.4613,24.4,20.6,1019.9,5.1,60.0,
2017-10-03 03:00:00,111.7415,24.4,20.0,1019.3,6.2,60.0,4.0
2017-10-03 04:00:00,112.70169999999999,24.4,20.6,1019.2,5.7,60.0,4.0
2017-10-03 05:00:00,109.90119999999999,24.4,20.0,1019.4,5.7,60.0,
2017-10-03 06:00:00,109.5411,24.4,20.6,1019.8,5.7,50.0,4.0
2017-10-03 07:00:00,114.062,24.4,20.6,1020.2,6.7,60.0,4.0
2017-10-03 08:00:00,110.66129999999998,26.1,20.6,1020.8,6.7,50.0,
2017-10-03 09:00:00,118.5428,26.1,21.1,1021.2,8.8,60.0,
2017-10-03 10:00:00,106.5805,25.6,22.8,1021.9,8.2,40.0,
2017-10-03 11:00:00,121.1834,26.7,22.2,1022.0,11.3,50.0,
2017-10-03 12:00:00,122.58370000000001,26.1,22.2,1021.6,13.4,50.0,
2017-10-03 13:00:00,114.38210000000001,27.2,22.2,1021.1,11.3,50.0,6.0
2017-10-03 14:00:00,119.183,26.7,23.3,1020.7,9.8,50.0,
2017-10-03 15:00:00,117.26259999999999,26.7,23.9,1020.4,7.2,50.0,
2017-10-03 16:00:00,121.3434,25.6,22.8,1020.4,10.8,50.0,
2017-10-03 17:00:00,116.6625,26.7,21.7,1020.5,7.7,60.0,
2017-10-03 18:00:00,108.1809,26.1,21.1,1020.6,9.3,60.0,4.0
2017-10-03 19:00:00,109.06110000000001,25.6,21.1,1020.9,7.7,60.0,6.0
2017-10-03 20:00:00,110.9014,25.0,21.7,1021.4,7.7,50.0,
2017-10-03 21:00:00,113.5419,24.4,22.2,1022.1,5.7,50.0,
2017-10-03 22:00:00,111.6216,24.4,21.7,1022.2,8.8,60.0,
2017-10-03 23:00:00,113.3419,24.4,21.1,1022.3,5.7,60.0,
2017-10-04 00:00:00,114.182,24.4,20.0,1022.0,6.2,60.0,2.0
2017-10-04 01:00:00,115.4223,23.9,19.4,1021.4,5.7,60.0,2.0
2017-10-04 02:00:00,116.0224,23.3,18.9,1020.7,4.6,60.0,2.0
2017-10-04 03:00:00,113.62190000000001,22.8,18.3,1020.1,5.1,60.0,0.0
2017-10-04 04:00:00,109.90119999999999,22.8,18.3,1019.9,4.1,50.0,0.0
2017-10-04 05:00:00,109.94120000000001,22.8,18.3,1019.8,5.1,40.0,0.0
2017-10-04 06:00:00,106.5406,22.2,18.9,1020.3,4.1,30.0,2.0
2017-10-04 07:00:00,115.50229999999999,22.2,19.4,1020.5,3.6,30.0,2.0
2017-10-04 08:00:00,115.06219999999999,25.0,20.0,1020.7,5.1,50.0,4.0
2017-10-04 09:00:00,116.86259999999999,25.6,20.6,1020.8,8.8,50.0,
2017-10-04 10:00:00,110.0213,25.6,21.7,1020.7,10.8,50.0,
2017-10-04 11:00:00,120.7833,26.1,21.7,1020.8,11.3,70.0,
2017-10-04 12:00:00,113.5819,24.4,23.3,1020.5,9.3,60.0,
2017-10-04 13:00:00,104.86019999999999,25.0,21.7,1019.9,8.8,50.0,8.0
2017-10-04 14:00:00,105.18029999999999,23.3,22.8,1019.4,4.1,110.0,
2017-10-04 15:00:00,112.7818,26.1,21.7,1018.4,9.8,50.0,
2017-10-04 16:00:00,108.3409,26.7,20.6,1018.0,10.8,50.0,
2017-10-04 17:00:00,106.9406,27.2,20.6,1017.9,10.8,50.0,
2017-10-04 18:00:00,107.0606,26.1,20.6,1018.1,9.8,50.0,
2017-10-04 19:00:00,109.221,25.0,20.0,1018.1,8.8,50.0,6.0
2017-10-04 20:00:00,110.8213,25.0,20.0,1018.3,6.7,40.0,
2017-10-04 21:00:00,109.90119999999999,24.4,20.0,1018.1,6.2,40.0,
2017-10-04 22:00:00,111.0214,25.0,20.6,1018.3,6.2,40.0,
2017-10-04 23:00:00,111.7016,24.4,20.6,1017.9,5.1,40.0,
2017-10-05 00:00:00,113.30180000000001,23.9,20.6,1017.1,4.1,30.0,4.0
2017-10-05 01:00:00,111.42150000000001,23.9,20.6,1016.5,4.1,20.0,6.0
2017-10-05 02:00:00,112.4617,23.3,22.2,1016.2,7.2,50.0,
2017-10-05 03:00:00,109.46110000000002,22.8,22.2,1015.4,6.7,30.0,
2017-10-05 04:00:00,110.34129999999999,22.8,22.8,1014.7,5.1,20.0,
2017-10-05 05:00:00,110.9014,22.2,20.6,1014.4,5.7,50.0,
2017-10-05 06:00:00,112.98179999999999,22.2,22.2,1014.9,5.7,20.0,
2017-10-05 07:00:00,110.02120000000001,23.3,22.8,1014.8,7.2,30.0,8.0
2017-10-05 08:00:00,109.78110000000001,22.2,22.2,1015.8,4.6,90.0,
2017-10-05 09:00:00,112.5017,22.8,22.8,1015.7,5.7,30.0,
2017-10-05 10:00:00,127.78460000000001,24.4,23.9,,5.7,40.0,
2017-10-05 11:00:00,124.6241,23.9,23.9,1016.0,6.7,80.0,
2017-10-05 12:00:00,119.7831,23.9,23.3,1015.0,6.2,60.0,
2017-10-05 13:00:00,114.30199999999999,25.0,23.9,1014.4,7.2,70.0,8.0
2017-10-05 14:00:00,126.54440000000001,25.0,23.3,1014.1,6.2,80.0,
2017-10-05 15:00:00,128.1047,24.4,23.3,1013.7,5.1,70.0,
2017-10-05 16:00:00,125.86430000000001,23.9,23.9,1013.5,6.7,100.0,
2017-10-05 17:00:00,123.38380000000001,24.4,23.9,1013.2,6.2,70.0,
2017-10-05 18:00:00,126.0644,23.9,23.3,1013.0,5.7,70.0,
2017-10-05 19:00:00,127.5446,23.9,23.3,1013.5,4.1,60.0,6.0
2017-10-05 20:00:00,123.9839,23.3,23.3,1014.1,3.1,40.0,
2017-10-05 21:00:00,107.86080000000001,22.8,22.8,1014.5,2.1,30.0,
2017-10-05 22:00:00,109.94120000000001,22.8,22.8,1014.6,3.1,360.0,
2017-10-05 23:00:00,109.94120000000001,22.8,22.8,1014.7,2.6,20.0,
2017-10-06 00:00:00,109.3011,22.8,22.8,1014.7,2.1,30.0,
2017-10-06 01:00:00,110.1012,22.2,22.2,1014.3,2.6,20.0,4.0
2017-10-06 02:00:00,109.7012,22.8,22.8,1014.2,2.1,350.0,
2017-10-06 03:00:00,110.3013,22.8,22.8,1013.4,2.6,20.0,
2017-10-06 04:00:00,110.9014,22.8,22.8,1013.6,3.1,30.0,
2017-10-06 05:00:00,118.5029,23.3,23.3,1013.7,4.1,60.0,
2017-10-06 06:00:00,128.0247,23.3,23.3,1013.7,3.1,70.0,
2017-10-06 07:00:00,125.0241,23.9,23.9,1013.9,3.6,110.0,8.0
2017-10-06 08:00:00,120.10319999999999,24.4,24.4,1014.7,3.1,40.0,
2017-10-06 09:00:00,129.0649,26.1,25.0,1015.1,3.1,70.0,
2017-10-06 10:00:00,125.1842,27.8,25.6,1015.3,4.1,90.0,
2017-10-06 11:00:00,123.2638,28.9,25.0,1015.3,3.1,80.0,
2017-10-06 12:00:00,125.5442,30.6,25.0,1015.0,4.6,110.0,
2017-10-06 13:00:00,130.2651,31.1,24.4,1014.3,4.1,90.0,6.0
2017-10-06 14:00:00,123.82400000000001,31.1,24.4,1013.3,5.1,110.0,
2017-10-06 15:00:00,122.1036,30.0,23.9,1013.1,5.7,120.0,
2017-10-06 16:00:00,122.2236,25.6,24.4,1013.7,4.1,180.0,
2017-10-06 17:00:00,124.9041,24.4,24.4,1013.7,3.6,80.0,
2017-10-06 18:00:00,123.46379999999999,25.6,25.0,1013.0,2.1,80.0,
2017-10-06 19:00:00,123.1838,25.6,25.0,1013.5,3.1,80.0,8.0
2017-10-06 20:00:00,128.34480000000002,25.6,25.6,1013.5,2.1,70.0,
2017-10-06 21:00:00,128.78480000000002,25.0,25.0,1013.9,2.1,70.0,
2017-10-06 22:00:00,126.7444,25.6,25.6,1014.3,3.6,70.0,
2017-10-06 23:00:00,128.38479999999998,25.0,25.0,1014.5,3.1,90.0,
2017-10-07 00:00:00,127.10450000000002,25.6,25.6,1014.7,4.1,100.0,
2017-10-07 01:00:00,127.78470000000002,25.6,25.6,1014.7,4.1,130.0,6.0
2017-10-07 02:00:00,129.745,25.0,25.0,1014.3,3.1,130.0,
2017-10-07 03:00:00,129.745,25.0,25.0,1013.9,2.6,150.0,
2017-10-07 04:00:00,128.4648,25.0,25.0,1013.6,2.6,140.0,
2017-10-07 05:00:00,129.465,25.0,25.0,1013.6,2.6,100.0,
2017-10-07 06:00:00,131.4254,25.0,25.0,1013.7,3.1,120.0,4.0
2017-10-07 07:00:00,136.18630000000002,25.0,25.0,1013.8,3.6,130.0,4.0
2017-10-07 08:00:00,136.3463,25.6,25.6,1014.6,3.1,130.0,
2017-10-07 09:00:00,138.26670000000001,26.7,26.7,1015.0,3.6,170.0,
2017-10-07 10:00:00,137.3465,28.9,25.6,1015.0,3.6,150.0,4.0
2017-10-07 11:00:00,131.8255,30.6,23.9,1014.9,3.6,140.0,4.0
2017-10-07 12:00:00,132.3856,31.1,24.4,1014.5,3.6,120.0,
2017-10-07 13:00:00,138.0666,32.2,24.4,1013.6,4.6,120.0,6.0
2017-10-07 14:00:00,121.86350000000002,32.8,23.9,1013.2,4.1,130.0,
2017-10-07 15:00:00,120.0632,31.7,25.6,1013.1,6.2,90.0,
2017-10-07 16:00:00,120.6233,30.0,25.6,1012.9,5.7,90.0,
2017-10-07 17:00:00,121.6235,27.8,26.7,1013.3,2.6,90.0,
2017-10-07 18:00:00,122.1036,27.8,25.6,1013.1,5.1,110.0,
2017-10-07 19:00:00,123.9439,27.2,25.0,1014.3,4.6,120.0,6.0
2017-10-07 20:00:00,125.7042,26.1,24.4,1015.2,4.6,150.0,
2017-10-07 21:00:00,125.6642,25.6,24.4,1015.2,2.1,130.0,
2017-10-07 22:00:00,126.9845,26.1,25.6,1015.3,3.6,140.0,
2017-10-07 23:00:00,125.5443,26.1,25.6,1015.6,3.1,140.0,
2017-10-08 00:00:00,127.3846,26.1,25.6,1015.0,3.6,140.0,
2017-10-08 01:00:00,127.54460000000003,25.6,25.6,1014.6,4.1,140.0,8.0
2017-10-08 02:00:00,130.025,25.6,25.6,1014.1,3.1,150.0,
2017-10-08 03:00:00,128.7448,25.6,25.6,1013.6,3.6,160.0,
2017-10-08 04:00:00,128.2648,25.0,25.0,1013.4,2.6,160.0,
2017-10-08 05:00:00,128.4648,25.0,25.0,1013.6,2.6,150.0,
2017-10-08 06:00:00,131.02519999999998,25.6,25.6,1014.0,3.6,160.0,
2017-10-08 07:00:00,130.1852,25.6,25.6,1014.0,3.6,140.0,4.0
2017-10-08 08:00:00,128.9849,26.1,26.1,1014.2,4.6,140.0,4.0
2017-10-08 09:00:00,125.0641,27.2,25.6,1014.8,4.6,170.0,4.0
2017-10-08 10:00:00,122.9437,28.9,25.6,1014.9,4.6,140.0,4.0
2017-10-08 11:00:00,121.5034,30.6,25.0,1014.8,5.1,160.0,4.0
2017-10-08 12:00:00,125.30410000000002,32.2,25.0,1014.5,4.6,150.0,4.0
2017-10-08 13:00:00,129.58499999999998,32.2,23.9,1013.5,5.7,160.0,4.0
2017-10-08 14:00:00,134.706,32.2,23.3,1012.7,3.6,160.0,
2017-10-08 15:00:00,127.7447,31.7,23.9,1012.0,4.1,170.0,
2017-10-08 16:00:00,119.9032,31.7,23.9,1011.5,4.1,140.0,
2017-10-08 17:00:00,118.46289999999999,28.9,24.4,1011.7,6.2,110.0,
2017-10-08 18:00:00,119.4631,24.4,24.4,1013.7,3.1,330.0,
2017-10-08 19:00:00,110.22129999999999,24.4,24.4,1013.4,4.1,80.0,6.0
2017-10-08 20:00:00,120.9434,24.4,24.4,1014.1,2.1,130.0,
2017-10-08 21:00:00,125.0241,24.4,23.9,1014.0,2.6,130.0,
2017-10-08 22:00:00,128.2648,24.4,24.4,1014.7,1.5,120.0,
2017-10-08 23:00:00,124.50399999999999,24.4,24.4,1014.8,2.1,150.0,
2017-10-09 00:00:00,124.82409999999999,24.4,24.4,1014.4,3.6,150.0,
2017-10-09 01:00:00,127.50460000000001,25.0,25.0,1014.3,3.1,140.0,8.0
2017-10-09 02:00:00,127.10450000000002,25.0,24.4,1014.0,4.1,140.0,
2017-10-09 03:00:00,125.2242,24.4,23.9,1013.9,3.1,160.0,
2017-10-09 04:00:00,125.7842,25.0,24.4,1014.1,0.0,0.0,
2017-10-09 05:00:00,127.46449999999999,25.0,25.0,1014.7,2.1,150.0,
2017-10-09 06:00:00,129.7851,25.0,25.0,1015.1,2.1,130.0,
2017-10-09 07:00:00,129.625,25.0,25.0,1015.3,2.1,130.0,6.0
2017-10-09 08:00:00,134.826,26.1,25.6,1016.2,1.5,170.0,
2017-10-09 09:00:00,125.9043,27.2,25.6,1016.4,3.1,170.0,
2017-10-09 10:00:00,124.464,28.9,25.0,1016.4,3.6,150.0,4.0
2017-10-09 11:00:00,123.3838,29.4,24.4,1016.5,3.1,110.0,
2017-10-09 12:00:00,122.2636,30.6,23.9,1016.0,1.5,,
2017-10-09 13:00:00,122.8637,31.1,23.9,1015.1,2.1,100.0,6.0
2017-10-09 14:00:00,121.8235,31.7,23.3,1014.2,4.6,100.0,
2017-10-09 15:00:00,121.54339999999999,31.7,22.2,1013.9,6.2,120.0,
2017-10-09 16:00:00,121.7835,31.1,22.2,1014.0,6.2,110.0,
2017-10-09 17:00:00,122.3836,30.0,23.3,1014.4,6.2,110.0,
2017-10-09 18:00:00,122.5436,28.3,23.9,1014.9,4.6,110.0,
2017-10-09 19:00:00,119.38310000000001,26.7,23.9,1015.7,3.6,90.0,4.0
2017-10-09 20:00:00,124.22399999999999,26.1,24.4,1016.2,3.1,90.0,4.0
2017-10-09 21:00:00,126.2644,26.1,24.4,1016.8,2.6,90.0,
2017-10-09 22:00:00,125.98430000000002,25.6,25.0,1017.1,1.5,80.0,
2017-10-09 23:00:00,128.3048,25.6,25.0,1016.9,2.1,80.0,
2017-10-10 00:00:00,131.4653,25.0,25.0,1016.5,2.1,100.0,4.0
2017-10-10 01:00:00,128.38479999999998,25.6,25.0,1016.2,3.6,110.0,4.0
2017-10-10 02:00:00,128.5048,25.0,25.0,1015.8,2.6,130.0,
2017-10-10 03:00:00,128.3847,25.0,25.0,1015.5,2.6,100.0,
2017-10-10 04:00:00,123.1838,24.4,24.4,1015.8,2.6,90.0,
2017-10-10 05:00:00,116.14240000000001,24.4,24.4,1016.2,2.1,60.0,
2017-10-10 06:00:00,107.8208,24.4,24.4,1016.9,2.6,20.0,4.0
2017-10-10 07:00:00,109.94120000000001,24.4,24.4,1017.6,3.1,10.0,4.0
2017-10-10 08:00:00,124.10400000000001,26.7,24.4,1018.1,3.6,30.0,4.0
2017-10-10 09:00:00,126.1443,28.3,25.0,1018.4,3.6,50.0,4.0
2017-10-10 10:00:00,120.7833,28.9,24.4,1018.4,2.6,100.0,4.0
2017-10-10 11:00:00,124.6241,30.0,23.3,1018.3,3.1,110.0,4.0
2017-10-10 12:00:00,126.6645,31.7,22.8,1017.9,5.1,120.0,4.0
2017-10-10 13:00:00,123.98400000000001,31.1,21.7,1017.2,5.1,80.0,6.0
2017-10-10 14:00:00,122.3836,31.7,23.3,1016.3,7.2,100.0,4.0
2017-10-10 15:00:00,123.0238,30.6,23.3,1016.0,6.7,110.0,
2017-10-10 16:00:00,122.8637,30.6,22.8,1016.0,5.7,120.0,4.0
2017-10-10 17:00:00,123.7438,29.4,22.8,1016.1,6.2,110.0,
2017-10-10 18:00:00,124.06389999999999,27.8,22.8,1016.5,4.6,100.0,4.0
2017-10-10 19:00:00,128.6248,26.7,23.3,1016.9,3.6,100.0,2.0
2017-10-10 20:00:00,127.1045,26.1,23.3,1017.3,3.6,80.0,0.0
2017-10-10 21:00:00,122.7437,25.0,23.3,1018.0,2.6,80.0,2.0
2017-10-10 22:00:00,125.5443,25.0,23.9,1018.2,3.1,70.0,2.0
2017-10-10 23:00:00,120.0632,25.0,23.9,1017.8,2.6,70.0,2.0
2017-10-11 00:00:00,111.0214,24.4,23.9,1017.4,2.6,50.0,2.0
2017-10-11 01:00:00,114.54209999999999,24.4,23.9,1016.9,2.1,90.0,2.0
2017-10-11 02:00:00,112.8618,23.9,23.9,1016.5,1.5,80.0,2.0
2017-10-11 03:00:00,114.3421,23.9,23.3,1015.9,1.5,60.0,0.0
2017-10-11 04:00:00,116.74249999999999,23.3,23.3,1015.9,2.1,350.0,0.0
2017-10-11 05:00:00,112.90180000000001,23.3,23.3,1016.1,1.5,30.0,2.0
2017-10-11 06:00:00,115.0222,23.3,23.3,1016.3,3.1,20.0,4.0
2017-10-11 07:00:00,117.30269999999999,23.9,23.3,1016.6,3.1,10.0,2.0
2017-10-11 08:00:00,115.4223,25.6,23.3,1017.2,3.6,20.0,2.0
2017-10-11 09:00:00,134.74609999999998,27.2,23.3,1017.3,4.6,50.0,2.0
2017-10-11 10:00:00,135.1061,27.8,22.8,1017.3,3.6,70.0,4.0
2017-10-11 11:00:00,120.3032,28.3,22.2,1017.1,5.1,80.0,4.0
2017-10-11 12:00:00,121.8235,30.6,22.2,1016.4,5.7,50.0,4.0
2017-10-11 13:00:00,120.1832,31.1,21.7,1015.7,5.7,70.0,4.0
2017-10-11 14:00:00,119.7431,30.0,20.6,1015.1,5.7,50.0,4.0
2017-10-11 15:00:00,120.06309999999999,28.9,22.2,1014.9,6.7,70.0,
2017-10-11 16:00:00,120.1832,30.0,21.1,1014.7,6.7,60.0,4.0
2017-10-11 17:00:00,120.6633,28.9,21.1,1014.8,5.7,50.0,2.0
2017-10-11 18:00:00,112.02159999999999,26.7,21.1,1015.4,5.7,70.0,2.0
2017-10-11 19:00:00,102.41980000000001,26.1,21.1,1015.9,4.6,50.0,0.0
2017-10-11 20:00:00,111.0214,25.6,21.7,1016.3,3.6,60.0,0.0
2017-10-11 21:00:00,110.9014,24.4,22.2,1016.5,3.1,30.0,2.0
2017-10-11 22:00:00,110.7414,24.4,22.2,1016.4,3.1,50.0,2.0
2017-10-11 23:00:00,112.5417,23.9,22.2,1016.1,3.1,60.0,0.0
2017-10-12 00:00:00,112.6617,23.3,22.2,1015.4,2.6,20.0,0.0
2017-10-12 01:00:00,113.46190000000001,22.8,21.7,1014.9,2.6,30.0,2.0
2017-10-12 02:00:00,111.98159999999999,22.2,21.7,1014.8,2.6,40.0,2.0
2017-10-12 03:00:00,111.54150000000001,22.2,21.1,1014.7,3.1,60.0,2.0
2017-10-12 04:00:00,109.2611,22.2,20.6,1014.8,3.1,50.0,2.0
2017-10-12 05:00:00,93.458,21.7,20.6,1014.8,3.1,30.0,2.0
2017-10-12 06:00:00,95.3784,21.1,20.6,1015.1,3.6,360.0,4.0
2017-10-12 07:00:00,99.3392,21.1,20.6,1015.3,3.6,350.0,2.0
2017-10-12 08:00:00,111.5015,24.4,21.1,1015.5,5.1,10.0,2.0
2017-10-12 09:00:00,107.7408,26.1,20.0,1015.8,8.2,30.0,2.0
2017-10-12 10:00:00,107.3007,27.8,19.4,1016.2,5.7,40.0,4.0
2017-10-12 11:00:00,118.38289999999999,28.9,18.9,1015.8,7.7,50.0,4.0
2017-10-12 12:00:00,110.9814,28.9,20.0,1015.4,6.2,60.0,4.0
2017-10-12 13:00:00,115.34230000000001,29.4,20.6,1014.3,5.1,30.0,6.0
2017-10-12 14:00:00,122.9837,28.9,20.6,1013.9,5.7,70.0,
2017-10-12 15:00:00,120.8233,28.9,21.1,1013.8,6.2,50.0,
2017-10-12 16:00:00,121.38340000000001,28.3,22.2,1013.8,6.7,40.0,
2017-10-12 17:00:00,116.9025,27.8,21.7,1013.8,6.7,30.0,
2017-10-12 18:00:00,108.5809,26.7,22.2,1014.4,6.2,40.0,
2017-10-12 19:00:00,104.90020000000001,25.6,22.2,1015.0,5.1,40.0,4.0
2017-10-12 20:00:00,111.7016,25.6,22.2,1015.3,5.1,20.0,2.0
2017-10-12 21:00:00,111.5415,25.0,22.2,1015.4,4.6,30.0,4.0
2017-10-12 22:00:00,109.82119999999998,24.4,22.8,1015.7,3.6,30.0,2.0
2017-10-12 23:00:00,111.1814,24.4,23.3,1015.7,3.6,30.0,4.0
2017-10-13 00:00:00,112.7817,23.9,23.3,1015.5,3.1,10.0,2.0
2017-10-13 01:00:00,112.8217,23.3,23.3,1015.4,3.6,360.0,0.0
2017-10-13 02:00:00,114.1421,23.3,22.8,1015.2,2.6,,2.0
2017-10-13 03:00:00,113.2619,23.3,23.3,1015.1,3.1,360.0,
2017-10-13 04:00:00,113.02180000000001,23.3,22.8,1014.9,3.1,360.0,2.0
2017-10-13 05:00:00,114.30199999999999,23.3,22.8,1015.4,3.1,10.0,2.0
2017-10-13 06:00:00,111.9816,23.9,23.3,1016.0,3.6,10.0,
2017-10-13 07:00:00,114.70219999999999,23.9,23.3,1016.5,4.1,30.0,2.0
2017-10-13 08:00:00,118.1028,25.6,23.9,1017.0,4.1,20.0,2.0
2017-10-13 09:00:00,125.6642,27.2,23.9,1017.4,5.7,60.0,4.0
2017-10-13 10:00:00,127.4646,28.3,23.3,1017.5,6.2,60.0,
2017-10-13 11:00:00,134.466,28.3,23.3,1017.3,6.7,60.0,
2017-10-13 12:00:00,119.4231,29.4,23.3,1016.8,7.2,60.0,4.0
2017-10-13 13:00:00,124.66399999999999,30.6,23.3,1015.8,9.3,40.0,4.0
2017-10-13 14:00:00,124.7841,29.4,23.9,1015.4,6.7,70.0,
2017-10-13 15:00:00,119.4231,28.9,22.8,1015.6,7.2,50.0,
2017-10-13 16:00:00,121.5034,27.8,23.3,1015.8,8.8,80.0,
2017-10-13 17:00:00,124.9841,27.2,23.9,1016.0,7.2,60.0,
2017-10-13 18:00:00,123.3838,25.6,23.3,1016.5,9.8,70.0,
2017-10-13 19:00:00,120.7834,24.4,23.9,1016.5,6.2,50.0,6.0
2017-10-13 20:00:00,127.1045,24.4,23.9,1017.2,7.2,70.0,
2017-10-13 21:00:00,129.585,24.4,23.9,1017.8,3.6,80.0,
2017-10-13 22:00:00,129.865,24.4,24.4,1018.0,2.6,60.0,
2017-10-13 23:00:00,127.66460000000001,24.4,24.4,1018.0,2.6,80.0,
2017-10-14 00:00:00,131.6654,23.9,23.9,1017.7,2.6,30.0,
2017-10-14 01:00:00,126.5444,24.4,24.4,1017.6,1.5,70.0,6.0
2017-10-14 02:00:00,128.86489999999998,23.9,23.9,1017.4,2.6,70.0,4.0
2017-10-14 03:00:00,128.8648,23.9,23.9,1017.2,4.6,60.0,
2017-10-14 04:00:00,126.6644,23.9,23.9,1017.3,3.6,70.0,
2017-10-14 05:00:00,127.18450000000001,23.9,23.9,1017.8,3.1,50.0,
2017-10-14 06:00:00,120.1832,23.9,23.9,1018.3,4.6,70.0,
2017-10-14 07:00:00,130.0651,23.9,23.9,1019.0,2.1,60.0,6.0
2017-10-14 08:00:00,135.5062,25.0,24.4,1019.3,4.6,50.0,4.0
2017-10-14 09:00:00,139.4269,26.7,24.4,1019.7,6.7,60.0,4.0
2017-10-14 10:00:00,129.505,27.2,23.3,1019.9,6.7,70.0,4.0
2017-10-14 11:00:00,134.586,28.9,21.7,1019.7,6.7,70.0,2.0
2017-10-14 12:00:00,137.5866,29.4,20.6,1019.4,7.7,80.0,2.0
2017-10-14 13:00:00,132.1855,30.0,20.0,1018.7,7.7,90.0,4.0
2017-10-14 14:00:00,134.506,28.3,21.1,1018.0,7.7,60.0,
2017-10-14 15:00:00,116.9025,29.4,21.1,1017.8,7.2,60.0,4.0
2017-10-14 16:00:00,107.7008,28.3,20.6,1017.8,6.7,70.0,2.0
2017-10-14 17:00:00,104.94030000000001,27.8,18.9,1017.8,7.2,70.0,2.0
2017-10-14 18:00:00,104.9403,26.1,20.0,1018.4,4.1,80.0,2.0
2017-10-14 19:00:00,109.9412,25.0,21.1,1018.8,2.6,80.0,2.0
2017-10-14 20:00:00,111.14150000000001,24.4,21.1,1019.3,2.6,60.0,2.0
2017-10-14 21:00:00,114.062,25.0,21.7,1019.3,3.6,40.0,2.0
2017-10-14 22:00:00,114.8621,24.4,22.2,1019.6,3.6,50.0,2.0
2017-10-14 23:00:00,113.3418,23.9,22.2,1019.4,3.6,30.0,2.0
2017-10-15 00:00:00,114.10210000000001,23.9,22.8,1018.8,3.1,30.0,2.0
2017-10-15 01:00:00,117.6627,23.9,22.8,1018.3,3.1,20.0,0.0
2017-10-15 02:00:00,115.86240000000001,23.3,22.8,1017.8,3.1,30.0,0.0
2017-10-15 03:00:00,114.8621,22.8,22.8,1017.4,1.5,10.0,2.0
2017-10-15 04:00:00,116.6625,23.3,22.8,1017.2,3.1,30.0,2.0
2017-10-15 05:00:00,117.42269999999999,22.8,22.8,1017.5,2.1,10.0,2.0
2017-10-15 06:00:00,113.1018,22.8,22.8,1017.8,2.6,360.0,2.0
2017-10-15 07:00:00,122.62369999999999,23.9,23.3,1018.0,3.6,20.0,2.0
2017-10-15 08:00:00,135.46620000000001,25.6,23.9,1018.3,4.1,50.0,2.0
2017-10-15 09:00:00,134.826,27.8,24.4,1018.7,4.6,70.0,2.0
2017-10-15 10:00:00,137.50650000000002,28.9,23.3,1018.7,5.1,50.0,
2017-10-15 11:00:00,136.02630000000002,30.0,22.8,1018.4,5.7,90.0,4.0
2017-10-15 12:00:00,129.2249,30.6,23.3,1017.9,6.2,70.0,
2017-10-15 13:00:00,121.6635,30.0,22.8,1017.0,4.6,60.0,6.0
2017-10-15 14:00:00,121.3834,31.1,22.8,1016.1,5.1,100.0,
2017-10-15 15:00:00,118.863,31.1,21.1,1015.3,5.1,80.0,4.0
2017-10-15 16:00:00,120.02310000000003,30.6,21.1,1015.3,4.6,110.0,4.0
2017-10-15 17:00:00,120.18310000000002,29.4,22.8,1015.0,5.7,80.0,4.0
2017-10-15 18:00:00,121.58349999999999,27.8,22.8,1015.4,5.7,70.0,4.0
2017-10-15 19:00:00,128.66479999999999,26.7,23.9,1016.5,3.6,80.0,4.0
2017-10-15 20:00:00,127.22460000000001,26.1,23.9,1016.7,3.1,70.0,2.0
2017-10-15 21:00:00,127.6646,25.6,23.9,1016.8,2.6,80.0,2.0
2017-10-15 22:00:00,128.5848,25.6,24.4,1017.0,2.6,70.0,2.0
2017-10-15 23:00:00,117.02260000000001,25.0,24.4,1017.1,1.5,70.0,2.0
2017-10-16 00:00:00,127.22460000000001,24.4,23.9,1016.1,2.1,100.0,2.0
2017-10-16 01:00:00,113.8219,23.9,23.9,1015.8,1.5,50.0,2.0
2017-10-16 02:00:00,111.58149999999998,23.9,23.9,1015.2,0.0,0.0,2.0
2017-10-16 03:00:00,109.02100000000002,23.3,23.3,1015.0,0.0,0.0,2.0
2017-10-16 04:00:00,109.101,23.3,23.3,1014.9,1.5,360.0,2.0
2017-10-16 05:00:00,109.7412,22.8,22.8,1015.0,0.0,0.0,2.0
2017-10-16 06:00:00,111.7415,23.3,23.3,1015.6,2.6,360.0,2.0
2017-10-16 07:00:00,110.86139999999997,23.3,23.3,1015.9,1.5,10.0,2.0
2017-10-16 08:00:00,119.22299999999998,25.6,25.0,1016.3,0.0,0.0,2.0
2017-10-16 09:00:00,127.34459999999999,27.2,23.9,1016.7,0.0,0.0,4.0
2017-10-16 10:00:00,126.74440000000001,28.3,23.3,1016.5,0.0,0.0,4.0
2017-10-16 11:00:00,125.30420000000001,30.0,22.2,1015.9,1.5,350.0,4.0
2017-10-16 12:00:00,122.8237,30.0,21.7,1015.2,1.5,,4.0
2017-10-16 13:00:00,124.98410000000001,31.7,21.7,1014.2,2.1,360.0,6.0
2017-10-16 14:00:00,122.0236,32.2,21.7,1013.2,2.6,,
2017-10-16 15:00:00,121.2234,30.6,21.7,1012.7,2.6,330.0,
2017-10-16 16:00:00,121.1833,28.3,22.2,,5.1,100.0,
2017-10-16 17:00:00,124.70410000000001,25.0,23.3,1013.4,2.1,90.0,
2017-10-16 18:00:00,123.7439,25.0,23.9,1013.2,1.5,70.0,
2017-10-16 19:00:00,128.22469999999998,25.0,24.4,1014.0,1.5,90.0,4.0
2017-10-16 20:00:00,121.1834,25.0,24.4,1014.8,1.5,90.0,4.0
2017-10-16 21:00:00,117.8227,25.0,23.9,1015.3,2.6,70.0,4.0
2017-10-16 22:00:00,112.2217,24.4,23.9,1015.6,1.5,80.0,
2017-10-16 23:00:00,111.9816,23.9,23.9,1015.3,0.0,0.0,4.0
2017-10-17 00:00:00,112.3817,23.9,23.9,1015.2,0.0,0.0,4.0
2017-10-17 01:00:00,111.9816,23.9,23.9,1015.3,2.1,330.0,6.0
2017-10-17 02:00:00,117.26259999999999,21.7,20.6,1015.6,6.2,360.0,
2017-10-17 03:00:00,115.6623,21.7,21.1,1015.0,3.1,10.0,
2017-10-17 04:00:00,111.1414,21.7,21.7,1015.3,2.6,330.0,
2017-10-17 05:00:00,110.82140000000001,21.7,21.1,1015.8,4.6,360.0,
2017-10-17 06:00:00,110.1012,21.7,21.7,1016.5,2.6,360.0,
2017-10-17 07:00:00,114.18200000000002,22.2,22.2,1017.1,3.6,360.0,6.0
2017-10-17 08:00:00,113.5419,22.8,22.2,1017.6,4.1,360.0,
2017-10-17 09:00:00,110.86139999999997,23.9,22.2,1018.0,5.7,10.0,
2017-10-17 10:00:00,109.261,25.0,21.7,1018.1,6.7,30.0,
2017-10-17 11:00:00,132.1054,26.7,21.7,1018.0,5.7,20.0,
2017-10-17 12:00:00,142.82750000000001,27.2,21.7,1017.3,5.1,10.0,
2017-10-17 13:00:00,117.34270000000001,26.7,21.7,1017.0,7.7,40.0,8.0
2017-10-17 14:00:00,107.9809,26.7,21.1,1016.5,8.8,50.0,
2017-10-17 15:00:00,111.2215,24.4,21.7,1016.8,6.2,40.0,
2017-10-17 16:00:00,106.1405,24.4,21.7,1016.9,6.2,30.0,
2017-10-17 17:00:00,108.8209,23.9,21.7,1016.7,7.7,360.0,
2017-10-17 18:00:00,109.22099999999999,23.3,21.1,1017.3,6.7,30.0,
2017-10-17 19:00:00,114.222,23.3,21.1,1018.0,7.7,20.0,8.0
2017-10-17 20:00:00,112.5017,22.8,21.7,1018.1,6.2,10.0,
2017-10-17 21:00:00,113.58189999999999,22.8,21.7,1018.5,5.7,20.0,
2017-10-17 22:00:00,115.18220000000001,22.8,21.1,1018.9,5.7,10.0,
2017-10-17 23:00:00,116.70250000000001,22.8,21.7,1018.6,6.2,10.0,
2017-10-18 00:00:00,113.58189999999999,22.2,21.7,1018.5,5.1,360.0,
2017-10-18 01:00:00,115.4622,22.8,21.7,1018.2,5.1,20.0,8.0
2017-10-18 02:00:00,117.0626,21.7,21.7,,5.1,30.0,
2017-10-18 03:00:00,113.822,21.7,21.7,1017.6,4.6,50.0,
2017-10-18 04:00:00,114.74210000000001,21.7,21.7,1017.3,3.6,20.0,
2017-10-18 05:00:00,117.2226,21.7,21.7,1017.7,3.1,30.0,
2017-10-18 06:00:00,116.2225,21.1,21.1,1018.0,4.1,360.0,4.0
2017-10-18 07:00:00,117.46260000000001,21.7,21.7,1018.7,4.1,20.0,6.0
2017-10-18 08:00:00,118.3828,22.8,21.7,1019.2,4.1,20.0,
2017-10-18 09:00:00,112.0616,23.9,21.7,1019.7,4.6,30.0,
2017-10-18 10:00:00,117.58269999999999,25.6,22.2,1020.1,4.6,30.0,
2017-10-18 11:00:00,112.9418,24.4,22.8,1020.1,3.6,50.0,
2017-10-18 12:00:00,111.94160000000001,23.9,23.3,1019.7,7.2,30.0,
2017-10-18 13:00:00,111.9016,23.3,23.3,1019.3,8.2,30.0,8.0
2017-10-18 14:00:00,107.7408,25.0,22.8,1018.5,6.7,20.0,
2017-10-18 15:00:00,109.5411,26.7,20.0,1018.2,10.8,50.0,
2017-10-18 16:00:00,108.5009,25.6,17.8,1018.2,8.8,40.0,
2017-10-18 17:00:00,110.4613,25.0,18.3,1018.5,6.7,30.0,
2017-10-18 18:00:00,111.5015,23.9,18.9,1018.7,5.7,40.0,
2017-10-18 19:00:00,110.9414,22.8,18.9,1019.1,3.6,30.0,6.0
2017-10-18 20:00:00,107.3807,22.8,18.9,1019.7,4.6,20.0,
2017-10-18 21:00:00,110.2212,22.2,19.4,1019.8,3.1,10.0,2.0
2017-10-18 22:00:00,108.3809,21.7,20.0,1019.9,3.1,10.0,2.0
2017-10-18 23:00:00,106.78059999999999,21.1,20.6,1019.5,4.1,360.0,4.0
2017-10-19 00:00:00,116.7826,21.7,20.6,1019.2,3.6,360.0,2.0
2017-10-19 01:00:00,115.3023,21.1,21.1,1018.8,3.1,360.0,2.0
2017-10-19 02:00:00,113.0618,21.1,21.1,1018.2,4.6,350.0,2.0
2017-10-19 03:00:00,115.3023,21.1,21.1,1017.8,4.6,350.0,0.0
2017-10-19 04:00:00,114.9422,21.1,21.1,1017.6,3.6,350.0,0.0
2017-10-19 05:00:00,112.46170000000001,21.1,21.1,1018.0,3.1,360.0,0.0
2017-10-19 06:00:00,113.6219,21.1,21.1,1018.3,3.6,360.0,
2017-10-19 07:00:00,113.8219,21.1,21.1,1018.7,4.1,360.0,4.0
2017-10-19 08:00:00,112.7018,23.3,22.2,1018.8,3.6,360.0,
2017-10-19 09:00:00,108.4609,25.6,22.2,1019.1,4.6,20.0,
2017-10-19 10:00:00,124.82410000000002,26.7,22.2,1019.3,5.7,40.0,
2017-10-19 11:00:00,127.0245,25.6,22.8,1019.4,6.2,40.0,
2017-10-19 12:00:00,127.1845,28.3,21.7,1018.8,7.7,60.0,
2017-10-19 13:00:00,117.5827,29.4,20.6,1017.9,8.2,60.0,4.0
2017-10-19 14:00:00,122.30359999999999,29.4,21.1,1017.4,7.2,60.0,
2017-10-19 15:00:00,111.2214,29.4,20.0,1017.2,8.8,40.0,
2017-10-19 16:00:00,116.9426,28.3,19.4,1017.4,7.7,50.0,
2017-10-19 17:00:00,124.0239,27.8,21.1,1017.7,6.7,50.0,
2017-10-19 18:00:00,115.4622,26.1,21.7,1018.1,7.7,50.0,
2017-10-19 19:00:00,108.0209,23.9,22.2,1019.0,4.6,30.0,6.0
2017-10-19 20:00:00,110.9014,23.3,22.2,1019.1,4.6,30.0,2.0
2017-10-19 21:00:00,112.58170000000001,22.8,22.2,1019.4,4.6,20.0,2.0
2017-10-19 22:00:00,110.7414,22.8,22.2,1019.5,4.6,30.0,2.0
2017-10-19 23:00:00,113.502,22.8,21.7,1019.7,5.7,20.0,4.0
2017-10-20 00:00:00,112.4217,22.2,21.7,1019.6,3.6,30.0,2.0
2017-10-20 01:00:00,113.3419,22.8,21.7,1019.5,3.1,50.0,6.0
2017-10-20 02:00:00,116.6225,22.2,21.7,1019.2,2.6,20.0,4.0
2017-10-20 03:00:00,112.3817,22.2,21.7,1018.9,3.1,20.0,2.0
2017-10-20 04:00:00,116.82249999999999,21.7,21.7,1018.9,3.1,10.0,0.0
2017-10-20 05:00:00,112.3817,21.7,21.1,1019.0,3.1,30.0,0.0
2017-10-20 06:00:00,107.74080000000001,21.7,20.6,1019.4,4.1,30.0,2.0
2017-10-20 07:00:00,106.6206,21.7,20.6,1019.8,3.1,30.0,2.0
2017-10-20 08:00:00,107.1406,23.9,20.6,1020.4,3.6,40.0,2.0
2017-10-20 09:00:00,111.66149999999999,26.1,20.0,1020.6,5.1,60.0,2.0
2017-10-20 10:00:00,110.18119999999999,26.7,19.4,1020.5,8.2,50.0,4.0
2017-10-20 11:00:00,113.3819,27.8,18.9,1020.4,8.8,60.0,
2017-10-20 12:00:00,109.6211,27.8,18.3,1020.0,7.2,70.0,
2017-10-20 13:00:00,109.8612,28.3,18.9,1019.1,6.7,50.0,6.0
2017-10-20 14:00:00,108.821,27.8,18.9,1018.4,7.7,50.0,
2017-10-20 15:00:00,107.5407,28.3,20.0,1018.4,7.2,70.0,
2017-10-20 16:00:00,105.82039999999999,28.3,17.8,1018.1,7.2,60.0,
2017-10-20 17:00:00,105.90039999999999,26.7,18.9,1018.3,7.7,50.0,4.0
2017-10-20 18:00:00,111.1414,25.6,20.0,1018.6,5.7,70.0,
2017-10-20 19:00:00,113.4219,24.4,20.6,1019.1,4.6,50.0,6.0
2017-10-20 20:00:00,113.4219,23.9,20.6,1019.5,3.6,50.0,4.0
2017-10-20 21:00:00,113.86189999999999,23.9,20.6,1019.6,2.6,50.0,
2017-10-20 22:00:00,113.1418,23.3,21.1,1019.9,4.1,60.0,
2017-10-20 23:00:00,111.0214,22.8,21.7,1020.0,2.6,60.0,4.0
2017-10-21 00:00:00,114.9822,22.8,21.7,1019.6,2.6,60.0,
2017-10-21 01:00:00,112.8617,22.8,21.7,1019.2,3.6,70.0,6.0
2017-10-21 02:00:00,115.78229999999999,22.2,21.1,1018.8,2.6,80.0,
2017-10-21 03:00:00,114.90220000000001,22.2,21.1,1018.4,3.6,60.0,4.0
2017-10-21 04:00:00,115.50229999999999,22.2,20.6,1018.5,3.6,60.0,4.0
2017-10-21 05:00:00,111.98159999999999,21.7,20.0,1019.0,2.6,60.0,4.0
2017-10-21 06:00:00,104.2601,22.2,20.0,1019.4,3.6,60.0,2.0
2017-10-21 07:00:00,104.1401,22.2,20.0,1019.7,4.1,60.0,6.0
2017-10-21 08:00:00,105.3403,23.9,19.4,1020.6,4.1,70.0,
2017-10-21 09:00:00,115.50229999999999,25.6,18.3,1021.1,5.1,60.0,
2017-10-21 10:00:00,132.3055,26.7,18.9,1021.2,6.2,70.0,
2017-10-21 11:00:00,113.3819,28.3,19.4,1021.2,7.2,90.0,
2017-10-21 12:00:00,122.9437,28.9,20.0,1020.9,7.2,80.0,
2017-10-21 13:00:00,120.8233,27.8,19.4,1020.5,6.7,90.0,6.0
2017-10-21 14:00:00,111.3015,27.2,19.4,1019.9,8.2,70.0,
2017-10-21 15:00:00,107.5007,26.7,20.6,1019.7,7.2,60.0,
2017-10-21 16:00:00,108.5009,26.7,20.6,1019.7,5.7,70.0,
2017-10-21 17:00:00,112.46170000000001,26.1,21.1,1020.1,5.1,70.0,
2017-10-21 18:00:00,109.6612,25.6,20.6,1020.4,4.6,70.0,
2017-10-21 19:00:00,109.66119999999998,25.0,21.7,1020.4,3.6,60.0,2.0
2017-10-21 20:00:00,111.5416,23.9,21.7,1020.7,4.1,50.0,2.0
2017-10-21 21:00:00,113.1819,23.9,21.7,1020.9,3.1,40.0,4.0
2017-10-21 22:00:00,117.2226,23.3,22.2,1021.4,4.6,60.0,
2017-10-21 23:00:00,115.5023,23.3,22.2,1021.3,3.6,50.0,
2017-10-22 00:00:00,115.4623,22.8,22.2,1020.7,2.6,60.0,
2017-10-22 01:00:00,119.9432,22.8,22.2,1019.9,3.6,60.0,8.0
2017-10-22 02:00:00,116.22240000000001,22.8,22.2,1019.3,3.1,70.0,
2017-10-22 03:00:00,118.18279999999999,23.3,22.2,1019.1,3.1,60.0,
2017-10-22 04:00:00,119.0629,22.8,22.2,1019.2,2.6,60.0,
2017-10-22 05:00:00,115.4622,23.3,22.2,1019.2,3.1,60.0,
2017-10-22 06:00:00,117.34270000000001,23.3,22.2,1019.2,3.1,80.0,
2017-10-22 07:00:00,117.6627,23.3,22.8,1020.0,3.1,70.0,6.0
2017-10-22 08:00:00,117.9427,23.9,23.3,1020.5,3.6,90.0,4.0
2017-10-22 09:00:00,131.1053,26.1,23.9,1020.9,4.1,90.0,4.0
2017-10-22 10:00:00,131.7054,27.2,24.4,1020.8,4.6,100.0,
2017-10-22 11:00:00,135.9462,28.9,24.4,1020.6,4.1,120.0,
2017-10-22 12:00:00,124.82410000000002,30.0,22.2,1020.0,4.6,110.0,
2017-10-22 13:00:00,131.9054,30.6,21.7,1019.0,6.2,120.0,4.0
2017-10-22 14:00:00,124.344,29.4,22.2,1018.6,5.7,130.0,
2017-10-22 15:00:00,125.10410000000002,30.6,21.1,1018.1,6.2,120.0,
2017-10-22 16:00:00,125.02420000000001,28.9,21.1,1018.0,5.1,130.0,
2017-10-22 17:00:00,124.744,28.3,22.2,1017.9,3.1,140.0,
2017-10-22 18:00:00,130.0651,27.2,22.8,1018.4,4.1,100.0,
2017-10-22 19:00:00,124.34400000000001,26.1,23.3,1018.8,4.1,110.0,4.0
2017-10-22 20:00:00,129.66500000000002,25.6,23.3,1019.1,4.1,120.0,2.0
2017-10-22 21:00:00,125.7842,25.0,23.3,1019.5,4.1,120.0,2.0
2017-10-22 22:00:00,120.6233,24.4,23.3,1019.5,3.6,130.0,
2017-10-22 23:00:00,127.4646,24.4,23.3,1019.6,2.6,110.0,
2017-10-23 00:00:00,128.1447,23.9,23.3,1019.0,3.1,130.0,
2017-10-23 01:00:00,118.74289999999999,23.9,23.3,1018.6,3.6,130.0,6.0
2017-10-23 02:00:00,110.46130000000001,23.9,23.3,1018.3,3.6,130.0,
2017-10-23 03:00:00,110.5813,23.9,22.8,1017.7,4.1,130.0,
2017-10-23 04:00:00,113.8219,23.9,22.8,1017.4,3.6,130.0,
2017-10-23 05:00:00,111.06139999999999,23.3,22.8,1017.7,2.6,140.0,
2017-10-23 06:00:00,110.98140000000001,23.3,22.8,1017.7,2.6,140.0,
2017-10-23 07:00:00,113.1418,23.3,23.3,1017.7,2.6,140.0,6.0
2017-10-23 08:00:00,114.9022,25.0,23.3,1017.8,5.7,140.0,
2017-10-23 09:00:00,125.86430000000001,26.1,23.9,1017.8,5.1,150.0,
2017-10-23 10:00:00,132.9856,27.2,23.9,1017.2,7.7,170.0,
2017-10-23 11:00:00,130.7453,27.8,23.3,1016.8,7.2,160.0,
2017-10-23 12:00:00,129.425,28.3,22.2,1015.7,6.7,170.0,
2017-10-23 13:00:00,128.3048,28.9,22.8,1014.9,7.2,160.0,8.0
2017-10-23 14:00:00,128.1048,28.3,21.7,1014.1,5.7,180.0,
2017-10-23 15:00:00,128.5848,27.8,22.2,1013.7,3.6,170.0,
2017-10-23 16:00:00,132.7456,26.7,22.8,1013.1,3.1,160.0,
2017-10-23 17:00:00,126.42440000000002,25.6,23.9,1013.6,2.1,300.0,
2017-10-23 18:00:00,125.4642,25.0,24.4,1013.8,3.6,240.0,
2017-10-23 19:00:00,125.1841,24.4,23.3,1013.8,2.1,200.0,8.0
2017-10-23 20:00:00,127.6646,23.9,23.9,1014.6,2.6,260.0,
2017-10-23 21:00:00,124.704,23.3,23.3,1014.5,3.6,150.0,
2017-10-23 22:00:00,110.9014,23.3,23.3,1014.9,2.1,250.0,
2017-10-23 23:00:00,110.94139999999997,23.3,22.8,1014.7,3.1,230.0,
2017-10-24 00:00:00,113.2219,22.2,22.2,1014.2,0.0,0.0,
2017-10-24 01:00:00,113.7419,22.2,22.2,1013.8,1.5,140.0,4.0
2017-10-24 02:00:00,116.1824,22.2,22.2,1013.3,2.6,160.0,2.0
2017-10-24 03:00:00,115.0222,21.7,21.7,1013.1,2.1,150.0,2.0
2017-10-24 04:00:00,113.822,21.7,21.7,1012.6,2.6,170.0,4.0
2017-10-24 05:00:00,113.942,21.1,21.1,1013.0,1.5,210.0,4.0
2017-10-24 06:00:00,114.4221,21.1,21.1,1012.8,1.5,250.0,4.0
2017-10-24 07:00:00,117.7427,21.1,21.1,1013.3,1.5,210.0,4.0
2017-10-24 08:00:00,118.78290000000001,22.2,22.2,1013.7,1.5,290.0,
2017-10-24 09:00:00,114.9822,22.2,22.2,1014.1,2.6,320.0,
2017-10-24 10:00:00,111.8615,23.9,21.7,1014.1,2.6,350.0,
2017-10-24 11:00:00,112.1016,23.9,21.1,1014.2,2.6,320.0,
2017-10-24 12:00:00,110.7414,23.9,20.6,1013.7,3.1,330.0,
2017-10-24 13:00:00,110.06129999999999,24.4,20.6,1012.9,2.6,330.0,6.0
2017-10-24 14:00:00,110.3813,25.6,19.4,1011.8,2.1,330.0,
2017-10-24 15:00:00,111.3815,26.1,18.3,1011.6,3.1,20.0,
2017-10-24 16:00:00,108.3409,27.2,18.9,1011.1,0.0,0.0,4.0
2017-10-24 17:00:00,108.1408,26.1,18.3,1010.8,0.0,0.0,4.0
2017-10-24 18:00:00,108.861,23.3,18.9,1011.4,0.0,0.0,2.0
2017-10-24 19:00:00,110.78139999999998,23.3,18.9,1012.2,0.0,0.0,6.0
2017-10-24 20:00:00,117.3427,23.3,19.4,1012.8,0.0,0.0,
2017-10-24 21:00:00,98.29899999999999,22.8,18.3,1013.0,1.5,340.0,
2017-10-24 22:00:00,88.217,21.1,16.1,1013.6,3.1,320.0,4.0
2017-10-24 23:00:00,90.1374,20.0,15.6,1013.2,2.6,320.0,2.0
2017-10-25 00:00:00,91.1376,18.9,16.7,1013.0,1.5,310.0,2.0
2017-10-25 01:00:00,88.8971,18.3,17.2,1012.7,0.0,0.0,4.0
2017-10-25 02:00:00,87.1368,17.8,16.1,1012.4,2.1,320.0,
2017-10-25 03:00:00,88.3771,17.8,14.4,1012.2,4.1,320.0,
2017-10-25 04:00:00,88.97710000000001,17.8,11.7,1012.3,7.2,330.0,
2017-10-25 05:00:00,87.2568,16.1,11.7,1012.9,6.2,340.0,
2017-10-25 06:00:00,88.93719999999999,16.1,9.4,1013.6,6.7,330.0,4.0
2017-10-25 07:00:00,91.5376,15.0,8.3,1014.6,5.1,330.0,6.0
2017-10-25 08:00:00,91.2577,15.6,8.3,1015.3,7.2,350.0,
2017-10-25 09:00:00,90.4574,17.8,7.2,1015.4,6.2,340.0,4.0
2017-10-25 10:00:00,87.7769,18.3,6.7,1015.6,7.2,320.0,2.0
2017-10-25 11:00:00,88.8972,19.4,5.6,1015.2,6.2,320.0,2.0
2017-10-25 12:00:00,90.53750000000001,20.0,4.4,1014.5,5.7,310.0,2.0
2017-10-25 13:00:00,86.8168,20.6,5.0,1013.8,5.7,310.0,2.0
2017-10-25 14:00:00,88.137,20.6,3.9,1012.9,6.2,330.0,2.0
2017-10-25 15:00:00,87.6169,20.6,4.4,1012.7,5.1,320.0,2.0
2017-10-25 16:00:00,86.7767,20.6,3.9,1012.5,5.7,300.0,2.0
2017-10-25 17:00:00,82.936,20.0,3.3,1012.6,3.6,280.0,2.0
2017-10-25 18:00:00,81.2556,18.3,4.4,1013.0,3.1,290.0,2.0
2017-10-25 19:00:00,87.7769,17.2,5.0,1013.7,3.1,270.0,0.0
2017-10-25 20:00:00,75.3345,16.7,5.6,1014.6,5.7,280.0,0.0
2017-10-25 21:00:00,81.7758,15.0,6.7,1015.0,3.6,280.0,0.0
2017-10-25 22:00:00,85.4965,14.4,7.2,1015.6,3.1,280.0,0.0
2017-10-25 23:00:00,79.7753,14.4,7.2,1015.6,2.1,300.0,0.0
2017-10-26 00:00:00,62.932199999999995,13.9,7.2,1015.2,1.5,270.0,0.0
2017-10-26 01:00:00,60.5317,12.8,8.3,1015.4,2.1,300.0,0.0
2017-10-26 02:00:00,61.331900000000005,12.8,8.3,1015.1,2.6,330.0,0.0
2017-10-26 03:00:00,61.7319,12.2,7.2,1014.7,2.1,350.0,0.0
2017-10-26 04:00:00,63.132099999999994,12.8,6.1,1015.4,4.1,310.0,0.0
2017-10-26 05:00:00,63.3722,12.2,6.1,1015.8,3.6,320.0,0.0
2017-10-26 06:00:00,63.3322,12.8,6.1,1016.4,4.6,350.0,0.0
2017-10-26 07:00:00,66.6129,12.2,6.7,1017.4,4.6,340.0,0.0
2017-10-26 08:00:00,64.77250000000001,13.9,6.1,1017.8,6.2,350.0,0.0
2017-10-26 09:00:00,80.0154,16.1,5.0,1018.4,6.2,10.0,0.0
2017-10-26 10:00:00,82.5359,17.2,3.9,1018.3,6.2,360.0,0.0
2017-10-26 11:00:00,85.7765,18.9,3.3,1018.1,4.1,20.0,0.0
2017-10-26 12:00:00,88.5771,20.0,2.2,1017.5,6.2,30.0,0.0
2017-10-26 13:00:00,87.2169,21.1,2.2,1017.0,5.1,40.0,0.0
2017-10-26 14:00:00,88.137,21.7,1.7,1016.4,3.6,30.0,0.0
2017-10-26 15:00:00,86.7367,22.8,3.9,1016.0,4.1,50.0,0.0
2017-10-26 16:00:00,86.4967,21.7,6.1,1016.1,2.6,60.0,0.0
2017-10-26 17:00:00,83.016,21.1,8.3,1016.5,4.6,60.0,0.0
2017-10-26 18:00:00,86.17660000000001,18.3,9.4,1017.0,3.6,80.0,0.0
2017-10-26 19:00:00,81.8558,16.7,10.0,1017.4,3.1,90.0,0.0
2017-10-26 20:00:00,60.371700000000004,16.1,10.6,1017.8,2.6,80.0,0.0
2017-10-26 21:00:00,61.171800000000005,16.1,10.6,1018.2,1.5,60.0,0.0
2017-10-26 22:00:00,62.5321,15.6,10.6,1018.2,0.0,0.0,0.0
2017-10-26 23:00:00,60.0116,13.9,10.6,1018.3,0.0,0.0,0.0
2017-10-27 00:00:00,59.8116,14.4,10.6,1017.9,1.5,330.0,0.0
2017-10-27 01:00:00,62.492000000000004,13.3,11.1,1018.0,0.0,0.0,0.0
2017-10-27 02:00:00,63.0921,13.9,11.7,1017.4,1.5,330.0,0.0
2017-10-27 03:00:00,62.772099999999995,13.3,11.1,1017.2,3.1,350.0,0.0
2017-10-27 04:00:00,61.89190000000001,12.8,11.1,1017.3,2.6,350.0,0.0
2017-10-27 05:00:00,61.6519,13.3,10.6,1017.5,3.1,360.0,0.0
2017-10-27 06:00:00,61.0918,12.8,10.6,1018.1,3.6,350.0,2.0
2017-10-27 07:00:00,63.132099999999994,13.3,11.7,1018.3,3.6,350.0,2.0
2017-10-27 08:00:00,65.1725,17.2,12.2,1018.6,4.1,10.0,2.0
2017-10-27 09:00:00,90.37740000000001,20.6,12.2,1019.0,4.6,20.0,2.0
2017-10-27 10:00:00,92.4978,22.8,12.8,1019.0,5.1,30.0,2.0
2017-10-27 11:00:00,91.3376,24.4,12.2,1018.8,4.1,50.0,2.0
2017-10-27 12:00:00,91.4576,24.4,12.2,1017.9,3.1,60.0,4.0
2017-10-27 13:00:00,91.13759999999999,25.0,12.8,1017.1,3.1,90.0,4.0
2017-10-27 14:00:00,92.49780000000001,23.9,12.2,1016.7,5.1,80.0,
2017-10-27 15:00:00,93.498,24.4,12.8,1015.9,5.7,90.0,4.0
2017-10-27 16:00:00,88.497,25.0,12.8,1015.8,5.1,100.0,
2017-10-27 17:00:00,88.5371,23.3,12.2,1016.1,5.1,90.0,4.0
2017-10-27 18:00:00,92.4179,21.7,13.3,1016.0,4.1,100.0,4.0
2017-10-27 19:00:00,89.8174,19.4,13.9,1016.3,2.6,90.0,0.0
2017-10-27 20:00:00,85.2565,18.9,13.9,1016.4,2.1,100.0,0.0
2017-10-27 21:00:00,86.8168,18.3,13.9,1016.4,3.1,80.0,2.0
2017-10-27 22:00:00,87.857,17.8,14.4,1016.3,2.6,80.0,2.0
2017-10-27 23:00:00,82.5359,17.2,14.4,1016.1,0.0,0.0,2.0
2017-10-28 00:00:00,82.8559,17.8,14.4,1015.4,0.0,0.0,2.0
2017-10-28 01:00:00,80.6956,17.2,14.4,1014.8,0.0,0.0,0.0
2017-10-28 02:00:00,80.6155,16.7,15.6,1014.5,2.1,350.0,2.0
2017-10-28 03:00:00,62.7721,16.1,14.4,1014.0,0.0,0.0,2.0
2017-10-28 04:00:00,62.8121,16.7,15.0,1013.5,0.0,0.0,2.0
2017-10-28 05:00:00,61.972,16.1,15.0,1013.6,2.1,10.0,2.0
2017-10-28 06:00:00,60.6117,16.7,15.0,1013.8,0.0,0.0,4.0
2017-10-28 07:00:00,61.0518,16.1,15.0,1013.7,2.6,10.0,2.0
2017-10-28 08:00:00,69.93350000000001,19.4,16.1,1013.7,1.5,80.0,2.0
2017-10-28 09:00:00,92.0578,23.3,16.1,1014.1,2.1,350.0,4.0
2017-10-28 10:00:00,107.5007,23.3,17.2,1013.7,2.1,70.0,
2017-10-28 11:00:00,104.0201,25.0,18.3,1013.1,3.1,80.0,
2017-10-28 12:00:00,122.3836,26.1,18.9,1012.1,5.7,100.0,
2017-10-28 13:00:00,125.0641,26.1,18.9,1010.7,4.6,100.0,8.0
2017-10-28 14:00:00,114.3021,25.6,18.9,1009.9,2.6,80.0,
2017-10-28 15:00:00,107.26069999999999,25.0,19.4,1009.1,2.1,90.0,
2017-10-28 16:00:00,109.06099999999999,24.4,20.0,1008.7,2.6,70.0,
2017-10-28 17:00:00,112.8617,23.9,20.6,1008.6,3.1,110.0,
2017-10-28 18:00:00,115.7023,22.8,21.1,1008.7,0.0,0.0,
2017-10-28 19:00:00,112.3817,22.2,21.1,1007.9,5.1,110.0,8.0
2017-10-28 20:00:00,115.1422,21.7,21.7,1009.0,2.1,180.0,
2017-10-28 21:00:00,113.14179999999999,21.1,21.1,1009.0,2.1,150.0,
2017-10-28 22:00:00,112.6617,21.1,21.1,1008.6,3.1,170.0,
2017-10-28 23:00:00,112.30159999999998,20.6,20.6,1007.4,3.1,130.0,
2017-10-29 00:00:00,112.98179999999999,20.6,20.6,1007.1,0.0,0.0,
2017-10-29 01:00:00,110.82130000000001,20.0,20.0,1006.6,1.5,80.0,8.0
2017-10-29 02:00:00,107.0206,20.0,19.4,1005.9,0.0,0.0,
2017-10-29 03:00:00,108.3409,20.0,20.0,1004.6,0.0,0.0,
2017-10-29 04:00:00,107.2207,18.9,18.9,1004.7,2.6,260.0,
2017-10-29 05:00:00,102.2998,18.9,18.9,1005.0,2.6,280.0,4.0
2017-10-29 06:00:00,94.5783,18.9,18.9,1005.3,4.1,280.0,2.0
2017-10-29 07:00:00,98.0189,18.9,18.9,1005.8,4.6,270.0,8.0
2017-10-29 08:00:00,99.5392,17.8,16.7,1006.6,8.8,290.0,
2017-10-29 09:00:00,106.26050000000001,17.2,13.9,1007.4,9.8,290.0,
2017-10-29 10:00:00,89.13719999999999,17.2,11.1,1007.6,8.8,280.0,2.0
2017-10-29 11:00:00,101.2996,18.3,6.1,1007.6,9.3,270.0,0.0
2017-10-29 12:00:00,101.53960000000001,18.9,2.8,1007.9,8.8,290.0,0.0
2017-10-29 13:00:00,86.2166,18.9,0.6,1007.2,11.8,290.0,0.0
2017-10-29 14:00:00,76.8948,18.9,1.7,1007.1,9.8,280.0,0.0
2017-10-29 15:00:00,76.7748,18.3,2.2,1007.3,7.7,280.0,0.0
2017-10-29 16:00:00,80.41550000000001,18.3,2.2,1007.9,8.2,280.0,0.0
2017-10-29 17:00:00,84.65639999999999,17.2,3.9,1008.8,7.7,270.0,0.0
2017-10-29 18:00:00,83.17609999999999,15.6,5.0,1010.3,6.7,290.0,0.0
2017-10-29 19:00:00,80.6156,14.4,6.1,1011.1,5.7,280.0,0.0
2017-10-29 20:00:00,76.8548,13.3,6.1,1011.7,3.1,290.0,0.0
2017-10-29 21:00:00,62.4921,12.8,5.6,1012.5,4.6,290.0,0.0
2017-10-29 22:00:00,62.172,11.7,5.6,1013.5,3.1,280.0,0.0
2017-10-29 23:00:00,60.731700000000004,11.7,4.4,1013.8,2.6,300.0,0.0
2017-10-30 00:00:00,60.931799999999996,11.1,5.0,1014.1,3.6,320.0,0.0
2017-10-30 01:00:00,64.77250000000001,11.1,3.9,1014.8,3.6,320.0,0.0
2017-10-30 02:00:00,69.9735,10.6,1.7,1015.7,5.1,320.0,0.0
2017-10-30 03:00:00,75.5745,9.4,2.2,1016.0,3.6,320.0,0.0
2017-10-30 04:00:00,75.49459999999999,9.4,1.1,1016.3,5.7,320.0,0.0
2017-10-30 05:00:00,78.9753,8.9,1.7,1016.9,4.1,330.0,0.0
2017-10-30 06:00:00,80.5755,8.9,2.2,1017.5,4.6,330.0,0.0
2017-10-30 07:00:00,83.096,8.9,2.8,1018.3,4.1,330.0,0.0
2017-10-30 08:00:00,85.6165,10.6,2.2,1018.8,5.1,320.0,0.0
2017-10-30 09:00:00,69.65350000000001,12.2,1.7,1019.2,6.2,330.0,0.0
2017-10-30 10:00:00,72.0139,13.9,0.6,1019.5,6.2,340.0,0.0
2017-10-30 11:00:00,82.0959,15.0,-0.6,1019.4,5.1,330.0,0.0
2017-10-30 12:00:00,84.8164,16.7,-0.6,1018.9,5.1,340.0,0.0
2017-10-30 13:00:00,82.3759,17.8,-0.6,1018.1,3.6,320.0,0.0
2017-10-30 14:00:00,82.856,18.9,0.6,1017.4,5.1,340.0,0.0
2017-10-30 15:00:00,88.377,19.4,1.1,1017.3,4.1,330.0,0.0
2017-10-30 16:00:00,84.69630000000001,18.9,1.1,1017.5,3.1,310.0,0.0
2017-10-30 17:00:00,84.0162,18.3,1.1,1017.7,3.6,310.0,0.0
2017-10-30 18:00:00,81.5357,16.7,2.2,1018.2,2.6,290.0,0.0
2017-10-30 19:00:00,64.41239999999999,13.9,5.0,1019.0,2.6,360.0,0.0
2017-10-30 20:00:00,58.0112,13.3,5.6,1019.6,1.5,330.0,0.0
2017-10-30 21:00:00,62.052,12.2,4.4,1020.1,0.0,0.0,0.0
2017-10-30 22:00:00,65.8527,12.8,4.4,1020.5,0.0,0.0,0.0
2017-10-30 23:00:00,65.1326,10.0,5.6,1020.6,0.0,0.0,0.0
2017-10-31 00:00:00,66.7729,10.0,5.6,1020.5,0.0,0.0,0.0
2017-10-31 01:00:00,69.6135,10.0,6.7,1020.3,0.0,0.0,0.0
2017-10-31 02:00:00,69.8935,9.4,7.2,1020.5,0.0,0.0,0.0
2017-10-31 03:00:00,69.5734,10.0,7.8,1020.2,0.0,0.0,0.0
2017-10-31 04:00:00,71.2538,10.0,7.8,1020.6,1.5,290.0,0.0
2017-10-31 05:00:00,69.6934,10.0,7.8,1020.8,0.0,0.0,0.0
2017-10-31 06:00:00,70.9337,10.6,7.8,1021.5,0.0,0.0,0.0
2017-10-31 07:00:00,71.65379999999999,10.0,7.8,1022.1,0.0,0.0,2.0
2017-10-31 08:00:00,70.53359999999999,13.9,8.3,1023.1,2.1,330.0,2.0
2017-10-31 09:00:00,79.97550000000001,17.2,5.6,1023.2,3.1,350.0,0.0
2017-10-31 10:00:00,91.5377,20.0,4.4,1022.9,3.6,10.0,0.0
2017-10-31 11:00:00,92.3779,21.1,6.1,1022.6,2.6,360.0,0.0
2017-10-31 12:00:00,92.2578,22.2,7.8,1021.6,3.1,20.0,2.0
2017-10-31 13:00:00,89.8974,22.8,8.3,1020.4,1.5,,2.0
2017-10-31 14:00:00,89.0571,22.8,9.4,1019.6,2.6,90.0,2.0
2017-10-31 15:00:00,86.69669999999999,23.9,8.9,1019.2,0.0,0.0,4.0
2017-10-31 16:00:00,87.897,23.9,10.0,1019.0,3.1,360.0,4.0
2017-10-31 17:00:00,88.9772,22.2,9.4,1019.4,3.6,360.0,2.0
2017-10-31 18:00:00,89.4973,20.0,10.6,1019.8,3.6,70.0,2.0
2017-10-31 19:00:00,84.7364,17.8,12.2,1020.1,3.1,80.0,2.0
2017-10-31 20:00:00,83.4161,17.2,13.3,1020.4,3.1,60.0,2.0
2017-10-31 21:00:00,78.1351,17.2,12.8,1020.6,3.1,40.0,0.0
2017-10-31 22:00:00,77.0549,15.0,12.8,1020.8,1.5,350.0,0.0
2017-10-31 23:00:00,60.931799999999996,15.6,12.8,1020.5,1.5,350.0,2.0
2017-11-01 00:00:00,59.171400000000006,15.6,12.8,1020.3,2.1,350.0,2.0
2017-11-01 01:00:00,58.6113,15.6,13.9,1020.1,2.6,350.0,6.0
2017-11-01 02:00:00,59.7715,16.1,13.9,1019.9,3.1,360.0,
2017-11-01 03:00:00,71.5338,15.0,13.9,1019.6,2.6,350.0,2.0
2017-11-01 04:00:00,81.3357,15.0,13.9,1019.7,2.6,360.0,
2017-11-01 05:00:00,72.09389999999999,15.6,13.9,1019.6,1.5,360.0,
2017-11-01 06:00:00,60.131600000000006,16.1,14.4,1020.2,2.6,350.0,
2017-11-01 07:00:00,60.8118,15.6,14.4,1020.5,1.5,360.0,4.0
2017-11-01 08:00:00,64.1724,17.8,15.6,1021.0,3.6,350.0,2.0
2017-11-01 09:00:00,89.4973,21.1,15.6,1021.5,3.1,20.0,2.0
2017-11-01 10:00:00,94.73830000000001,23.9,15.0,1021.4,2.6,,4.0
2017-11-01 11:00:00,92.89789999999999,24.4,14.4,1021.0,4.6,70.0,4.0
2017-11-01 12:00:00,91.25760000000001,25.0,13.3,1020.5,5.1,80.0,
2017-11-01 13:00:00,90.6175,25.0,12.2,1019.6,2.1,50.0,6.0
2017-11-01 14:00:00,91.0176,25.6,12.8,1018.7,5.7,70.0,
2017-11-01 15:00:00,99.5393,25.6,12.8,1018.4,3.6,80.0,4.0
2017-11-01 16:00:00,92.17779999999999,25.6,13.9,1018.4,3.6,120.0,
2017-11-01 17:00:00,87.657,24.4,13.9,1018.8,4.6,120.0,4.0
2017-11-01 18:00:00,90.1775,21.7,15.0,1019.1,3.1,100.0,2.0
2017-11-01 19:00:00,92.0578,21.1,15.0,1019.6,4.1,70.0,0.0
2017-11-01 20:00:00,87.7369,19.4,15.0,1020.4,3.1,,2.0
2017-11-01 21:00:00,85.9766,19.4,15.0,1021.0,2.1,70.0,2.0
2017-11-01 22:00:00,86.7367,18.9,15.0,1021.3,2.1,60.0,
2017-11-01 23:00:00,89.5773,18.9,15.6,1021.1,1.5,20.0,4.0
2017-11-02 00:00:00,89.6173,18.3,15.6,1020.7,2.6,350.0,
2017-11-02 01:00:00,88.337,17.2,15.6,1020.4,2.6,360.0,4.0
2017-11-02 02:00:00,87.7769,18.9,15.6,1019.7,1.5,350.0,
2017-11-02 03:00:00,90.2175,17.2,15.6,1019.4,2.1,20.0,2.0
2017-11-02 04:00:00,90.2174,16.7,15.6,1019.2,2.1,10.0,4.0
2017-11-02 05:00:00,87.977,17.2,16.1,1019.4,2.1,70.0,2.0
2017-11-02 06:00:00,87.4569,17.2,16.1,1019.9,0.0,0.0,2.0
2017-11-02 07:00:00,88.4171,16.7,16.1,1020.5,2.1,10.0,4.0
2017-11-02 08:00:00,91.8178,18.9,17.8,1021.4,2.1,350.0,
2017-11-02 09:00:00,97.6588,23.3,18.9,1022.0,2.1,360.0,4.0
2017-11-02 10:00:00,110.5813,23.9,18.9,1022.4,2.6,30.0,4.0
2017-11-02 11:00:00,112.4617,26.1,17.8,1022.0,5.7,40.0,4.0
2017-11-02 12:00:00,111.4215,27.8,17.2,1021.5,6.2,50.0,4.0
2017-11-02 13:00:00,110.0612,26.7,17.2,1020.6,5.1,50.0,6.0
2017-11-02 14:00:00,109.50110000000001,27.2,16.7,1020.0,6.7,20.0,
2017-11-02 15:00:00,108.581,27.2,16.7,1019.7,5.7,70.0,4.0
2017-11-02 16:00:00,103.86000000000001,26.1,16.1,1019.8,5.1,80.0,4.0
2017-11-02 17:00:00,92.0977,25.6,15.6,1019.9,6.2,60.0,2.0
2017-11-02 18:00:00,90.7775,23.3,16.7,1020.2,4.1,60.0,2.0
2017-11-02 19:00:00,89.5773,22.2,17.2,1020.5,5.1,30.0,0.0
2017-11-02 20:00:00,88.8972,20.6,17.2,1020.8,2.6,10.0,0.0
2017-11-02 21:00:00,90.5775,20.0,17.8,1021.1,3.6,10.0,0.0
2017-11-02 22:00:00,92.2178,19.4,17.8,1021.0,2.6,360.0,0.0
2017-11-02 23:00:00,91.73769999999999,19.4,18.3,1020.5,4.6,20.0,0.0
2017-11-03 00:00:00,91.7377,18.9,18.3,1020.2,3.1,360.0,2.0
2017-11-03 01:00:00,91.8178,18.9,18.3,1020.3,3.1,350.0,0.0
2017-11-03 02:00:00,91.13759999999999,18.9,18.3,1019.9,3.1,350.0,2.0
2017-11-03 03:00:00,92.8979,18.9,18.3,1019.5,3.1,350.0,2.0
2017-11-03 04:00:00,92.01769999999999,18.9,18.9,1019.0,3.1,350.0,2.0
2017-11-03 05:00:00,96.01849999999999,19.4,18.9,1019.2,3.6,360.0,
2017-11-03 06:00:00,96.5386,19.4,19.4,1019.4,2.6,340.0,
2017-11-03 07:00:00,100.13929999999999,19.4,19.4,1019.5,3.6,360.0,4.0
2017-11-03 08:00:00,101.3395,21.1,19.4,1019.9,4.1,350.0,
2017-11-03 09:00:00,107.6208,22.2,19.4,1020.5,6.2,360.0,4.0
2017-11-03 10:00:00,109.78120000000001,25.0,19.4,1020.3,6.2,360.0,4.0
2017-11-03 11:00:00,109.9813,25.6,18.9,1020.1,8.2,30.0,
2017-11-03 12:00:00,109.94120000000001,25.0,19.4,1019.8,7.7,10.0,
2017-11-03 13:00:00,111.0214,26.1,19.4,1019.0,7.2,30.0,6.0
2017-11-03 14:00:00,116.54249999999999,25.6,18.9,1018.5,6.2,360.0,
2017-11-03 15:00:00,106.6206,26.1,18.9,1017.7,6.2,10.0,
2017-11-03 16:00:00,107.9008,26.7,18.3,1017.7,5.7,30.0,
2017-11-03 17:00:00,111.0214,25.0,18.9,1018.0,5.7,40.0,
2017-11-03 18:00:00,114.9822,23.9,18.3,1018.3,5.1,30.0,
2017-11-03 19:00:00,107.3807,23.3,17.8,1018.5,6.2,20.0,6.0
2017-11-03 20:00:00,98.8191,22.2,17.8,1018.8,4.6,30.0,
2017-11-03 21:00:00,96.4586,21.1,17.8,1018.8,4.1,20.0,2.0
2017-11-03 22:00:00,92.5779,19.4,18.3,1018.9,3.1,360.0,2.0
2017-11-03 23:00:00,89.4172,18.9,18.3,1018.6,3.6,350.0,0.0
2017-11-04 00:00:00,90.7375,18.3,18.3,1018.2,3.1,360.0,0.0
2017-11-04 01:00:00,91.6577,18.3,18.3,1017.8,3.1,360.0,0.0
2017-11-04 02:00:00,93.05799999999999,18.3,18.3,1017.6,3.1,340.0,0.0
2017-11-04 03:00:00,91.8577,17.8,17.8,1017.1,3.1,350.0,0.0
2017-11-04 04:00:00,89.4572,17.8,17.8,1017.0,2.6,350.0,0.0
2017-11-04 05:00:00,90.8575,18.3,18.3,1017.2,2.6,350.0,0.0
2017-11-04 06:00:00,91.8577,18.3,18.3,1017.7,2.6,340.0,2.0
2017-11-04 07:00:00,90.4575,18.3,18.3,1018.0,3.1,350.0,2.0
2017-11-04 08:00:00,89.7373,20.0,18.9,1018.4,4.1,350.0,2.0
2017-11-04 09:00:00,102.3797,22.8,20.0,1018.5,5.1,360.0,2.0
2017-11-04 10:00:00,115.1823,25.0,20.0,1018.4,6.2,10.0,2.0
2017-11-04 11:00:00,124.78399999999999,26.1,19.4,1018.1,5.1,40.0,4.0
2017-11-04 12:00:00,117.7828,26.7,19.4,1017.5,4.6,10.0,4.0
2017-11-04 13:00:00,106.1005,27.8,18.9,1016.4,6.7,10.0,4.0
2017-11-04 14:00:00,106.7406,26.7,17.8,1015.6,6.2,40.0,
2017-11-04 15:00:00,106.6606,27.2,17.2,1015.3,7.2,40.0,4.0
2017-11-04 16:00:00,106.0204,27.8,16.7,1015.5,4.1,30.0,2.0
2017-11-04 17:00:00,109.181,26.1,18.3,1015.9,6.7,40.0,2.0
2017-11-04 18:00:00,111.0214,23.9,19.4,1016.4,4.6,30.0,2.0
2017-11-04 19:00:00,110.82140000000001,22.8,19.4,1016.7,4.1,30.0,0.0
2017-11-04 20:00:00,116.9425,22.2,20.0,1017.0,4.1,30.0,0.0
2017-11-04 21:00:00,109.5412,21.1,20.0,1017.3,4.1,360.0,0.0
2017-11-04 22:00:00,104.2601,20.0,19.4,1017.5,3.6,340.0,0.0
2017-11-04 23:00:00,104.86019999999999,19.4,19.4,1017.7,2.6,360.0,0.0
2017-11-05 00:00:00,108.821,19.4,19.4,1017.4,2.6,350.0,0.0
2017-11-05 01:00:00,93.93809999999999,18.9,18.9,1016.9,2.6,350.0,0.0
2017-11-05 02:00:00,90.3374,18.9,18.9,1016.6,2.6,350.0,0.0
2017-11-05 03:00:00,92.0978,18.9,18.9,1016.4,4.1,340.0,0.0
2017-11-05 04:00:00,93.7381,18.9,18.9,1016.4,4.1,340.0,4.0
2017-11-05 05:00:00,98.21900000000001,18.3,18.3,1016.6,3.1,330.0,2.0
2017-11-05 06:00:00,110.7013,18.9,18.9,1016.9,3.6,350.0,
2017-11-05 07:00:00,111.86160000000001,19.4,19.4,1017.2,4.1,350.0,9.0
2017-11-05 08:00:00,111.0214,20.0,20.0,1017.6,4.6,350.0,
2017-11-05 09:00:00,110.06119999999999,21.1,21.1,1018.0,4.6,360.0,
2017-11-05 10:00:00,119.223,23.9,21.7,1018.0,4.6,20.0,
2017-11-05 11:00:00,130.3452,25.6,21.7,1017.8,2.6,20.0,
2017-11-05 12:00:00,113.74189999999999,27.2,20.0,1017.0,3.1,,4.0
2017-11-05 13:00:00,106.5805,27.8,20.0,1016.1,5.1,50.0,4.0
2017-11-05 14:00:00,105.22030000000001,28.9,20.0,1015.7,6.7,40.0,
2017-11-05 15:00:00,103.8201,27.8,18.9,1015.6,5.7,50.0,4.0
2017-11-05 16:00:00,105.4203,27.8,18.9,1015.7,5.7,50.0,2.0
2017-11-05 17:00:00,109.26109999999997,26.1,18.9,1016.1,5.7,70.0,2.0
2017-11-05 18:00:00,114.5421,24.4,20.0,1016.5,4.1,70.0,2.0
2017-11-05 19:00:00,114.9822,24.4,20.6,1017.1,3.6,30.0,2.0
2017-11-05 20:00:00,114.02199999999999,23.3,21.1,1017.8,4.1,20.0,2.0
2017-11-05 21:00:00,114.7421,22.2,21.1,1018.1,4.1,10.0,2.0
2017-11-05 22:00:00,116.10239999999999,22.2,21.7,1018.2,4.6,20.0,2.0
2017-11-05 23:00:00,115.0622,21.7,21.7,1018.1,3.1,360.0,2.0
2017-11-06 00:00:00,114.2621,21.7,21.7,1017.9,3.6,340.0,
2017-11-06 01:00:00,115.7023,21.7,21.7,1017.5,3.1,360.0,6.0
2017-11-06 02:00:00,113.1818,21.7,21.7,1017.1,3.1,360.0,
2017-11-06 03:00:00,113.94200000000001,21.7,21.7,1017.1,2.6,350.0,
2017-11-06 04:00:00,113.78200000000001,21.7,21.7,1017.1,2.6,360.0,
2017-11-06 05:00:00,117.4226,21.1,21.1,1017.6,3.6,350.0,
2017-11-06 06:00:00,114.262,21.1,21.1,1017.8,3.1,350.0,
2017-11-06 07:00:00,113.14189999999999,20.6,20.6,1018.4,3.6,30.0,8.0
2017-11-06 08:00:00,114.6221,21.1,21.1,1019.0,5.1,20.0,
2017-11-06 09:00:00,112.74180000000001,21.1,21.1,1019.4,4.1,360.0,
2017-11-06 10:00:00,107.90090000000001,22.8,21.7,1019.5,2.1,340.0,
2017-11-06 11:00:00,111.3415,25.6,21.1,1019.2,2.1,30.0,
2017-11-06 12:00:00,114.5822,25.6,20.6,1018.8,1.5,,4.0
2017-11-06 13:00:00,114.3421,27.8,19.4,1017.6,4.1,360.0,4.0
2017-11-06 14:00:00,105.50040000000001,28.3,17.8,1016.8,2.1,10.0,4.0
2017-11-06 15:00:00,106.1404,28.9,18.3,1016.2,2.1,350.0,4.0
2017-11-06 16:00:00,106.4205,27.2,20.0,1016.2,5.7,60.0,
2017-11-06 17:00:00,107.3807,26.7,20.0,1016.5,4.6,50.0,
2017-11-06 18:00:00,109.9412,25.0,20.0,1017.0,4.1,70.0,4.0
2017-11-06 19:00:00,112.5017,23.3,20.6,1017.6,3.1,70.0,0.0
2017-11-06 20:00:00,115.4622,22.8,21.1,1018.1,3.1,50.0,0.0
2017-11-06 21:00:00,112.0216,22.2,20.0,1018.4,3.6,40.0,0.0
2017-11-06 22:00:00,104.9403,21.1,20.6,1018.6,0.0,0.0,0.0
2017-11-06 23:00:00,104.78020000000001,21.1,21.1,1018.7,2.1,30.0,2.0
2017-11-07 00:00:00,95.5384,20.6,20.6,1018.3,1.5,20.0,0.0
2017-11-07 01:00:00,89.9374,20.0,20.0,1017.9,0.0,0.0,0.0
2017-11-07 02:00:00,95.8984,20.0,20.0,1017.9,2.6,330.0,0.0
2017-11-07 03:00:00,98.2989,19.4,19.4,1018.0,0.0,0.0,0.0
2017-11-07 04:00:00,97.77890000000001,18.3,18.3,1017.7,0.0,0.0,2.0
2017-11-07 05:00:00,99.4591,20.0,20.0,1017.7,3.1,330.0,
2017-11-07 06:00:00,96.8187,19.4,19.4,1017.9,2.1,360.0,9.0
2017-11-07 07:00:00,97.5389,18.9,18.9,1018.4,1.5,320.0,9.0
2017-11-07 08:00:00,97.5788,19.4,19.4,1018.9,2.1,320.0,
2017-11-07 09:00:00,121.74350000000001,21.7,20.6,1019.1,2.6,340.0,2.0
2017-11-07 10:00:00,103.5,24.4,17.2,1018.9,4.1,360.0,2.0
2017-11-07 11:00:00,106.7006,26.1,17.2,1018.8,3.6,10.0,2.0
2017-11-07 12:00:00,104.9002,27.2,17.2,1018.1,2.6,20.0,2.0
2017-11-07 13:00:00,101.8597,27.8,16.1,1017.0,2.6,,2.0
2017-11-07 14:00:00,104.9802,28.9,16.7,1015.9,3.6,40.0,2.0
2017-11-07 15:00:00,102.9399,28.9,16.7,1015.7,2.1,20.0,2.0
2017-11-07 16:00:00,106.7006,28.3,16.1,1015.6,3.6,320.0,2.0
2017-11-07 17:00:00,104.8202,27.8,17.2,1015.5,1.5,,2.0
2017-11-07 18:00:00,114.82220000000001,25.0,17.8,1015.8,2.6,360.0,2.0
2017-11-07 19:00:00,112.5418,22.8,18.9,1016.5,3.1,90.0,0.0
2017-11-07 20:00:00,107.54079999999999,22.2,19.4,1016.8,1.5,10.0,0.0
2017-11-07 21:00:00,101.2595,21.7,20.0,1016.8,2.1,90.0,0.0
2017-11-07 22:00:00,96.2186,21.1,20.6,1017.2,0.0,0.0,2.0
2017-11-07 23:00:00,89.2572,18.9,18.9,1016.6,0.0,0.0,2.0
2017-11-08 00:00:00,88.8571,20.0,20.0,1016.3,0.0,0.0,2.0
2017-11-08 01:00:00,98.059,20.0,20.0,1016.6,2.1,300.0,0.0
2017-11-08 02:00:00,96.65870000000001,19.4,19.4,1016.5,1.5,300.0,0.0
2017-11-08 03:00:00,90.8975,19.4,19.4,1016.4,1.5,290.0,0.0
2017-11-08 04:00:00,92.7379,17.2,17.2,,1.5,160.0,0.0
2017-11-08 05:00:00,91.2976,17.8,17.8,1016.0,0.0,0.0,0.0
2017-11-08 06:00:00,88.7771,18.9,18.9,1016.3,0.0,0.0,0.0
2017-11-08 07:00:00,91.4577,18.9,18.3,1017.1,2.1,350.0,4.0
2017-11-08 08:00:00,103.62,20.6,18.9,1017.4,2.1,350.0,4.0
2017-11-08 09:00:00,111.1814,22.8,18.3,1017.8,3.1,360.0,4.0
2017-11-08 10:00:00,117.0226,25.0,18.9,1017.8,1.5,330.0,4.0
2017-11-08 11:00:00,110.3413,26.7,18.3,1017.4,1.5,320.0,
2017-11-08 12:00:00,104.3801,27.2,17.8,1016.7,2.6,,4.0
2017-11-08 13:00:00,102.3397,28.3,17.8,1015.9,1.5,,6.0
2017-11-08 14:00:00,105.0203,28.3,16.7,1014.9,0.0,0.0,
2017-11-08 15:00:00,102.57979999999999,28.3,16.7,1014.6,0.0,0.0,
2017-11-08 16:00:00,107.7808,27.8,16.1,1014.5,2.6,310.0,
2017-11-08 17:00:00,109.9012,26.7,16.1,1014.8,3.1,30.0,
2017-11-08 18:00:00,110.5813,24.4,16.1,1014.9,3.6,70.0,
2017-11-08 19:00:00,110.1812,23.3,18.9,1015.6,2.6,70.0,6.0
2017-11-08 20:00:00,108.3009,22.2,19.4,1016.3,3.1,80.0,4.0
2017-11-08 21:00:00,98.1789,21.7,19.4,1016.5,1.5,70.0,
2017-11-08 22:00:00,88.177,21.7,19.4,1016.9,1.5,50.0,2.0
2017-11-08 23:00:00,90.25739999999999,20.6,19.4,1017.0,0.0,0.0,
2017-11-09 00:00:00,92.6979,20.0,19.4,1016.7,0.0,0.0,2.0
2017-11-09 01:00:00,90.4574,20.0,19.4,1016.1,0.0,0.0,6.0
2017-11-09 02:00:00,89.9373,20.0,19.4,1015.8,0.0,0.0,
2017-11-09 03:00:00,91.0575,18.3,18.3,1015.6,0.0,0.0,2.0
2017-11-09 04:00:00,92.2978,18.3,18.3,1015.6,0.0,0.0,
2017-11-09 05:00:00,90.4974,18.3,18.3,1015.9,0.0,0.0,4.0
2017-11-09 06:00:00,89.0172,19.4,19.4,1016.2,1.5,320.0,
2017-11-09 07:00:00,94.4982,19.4,19.4,1016.5,2.1,330.0,6.0
2017-11-09 08:00:00,108.621,20.6,20.6,1017.1,0.0,0.0,
2017-11-09 09:00:00,110.6214,22.2,21.1,1017.2,0.0,0.0,
2017-11-09 10:00:00,106.4205,23.9,21.1,1017.2,1.5,340.0,
2017-11-09 11:00:00,109.4211,26.1,21.1,1016.6,0.0,0.0,
2017-11-09 12:00:00,105.74040000000001,26.1,19.4,1016.0,0.0,0.0,
2017-11-09 13:00:00,105.3803,27.8,20.0,1015.0,1.5,,6.0
2017-11-09 14:00:00,104.8603,27.2,18.9,1014.6,0.0,0.0,
2017-11-09 15:00:00,104.46019999999999,27.8,18.3,1014.6,0.0,0.0,
2017-11-09 16:00:00,106.5006,27.2,18.3,1014.4,0.0,0.0,
2017-11-09 17:00:00,106.70060000000001,26.7,18.3,1014.7,3.6,330.0,
2017-11-09 18:00:00,115.6223,25.6,18.3,1015.0,3.1,330.0,
2017-11-09 19:00:00,115.5022,23.3,18.9,1015.6,2.1,30.0,8.0
2017-11-09 20:00:00,114.38210000000001,23.3,19.4,1016.0,2.1,60.0,
2017-11-09 21:00:00,113.3018,23.3,20.6,1016.3,1.5,80.0,
2017-11-09 22:00:00,108.941,22.8,20.0,1016.8,2.6,330.0,
2017-11-09 23:00:00,106.5805,22.2,20.0,1016.7,2.1,350.0,
2017-11-10 00:00:00,108.5409,21.1,19.4,1016.2,2.6,360.0,4.0
2017-11-10 01:00:00,109.301,21.1,20.0,1016.2,2.1,310.0,6.0
2017-11-10 02:00:00,112.1016,20.6,20.0,1016.2,4.6,360.0,
2017-11-10 03:00:00,108.381,20.0,20.0,1016.3,4.6,20.0,
2017-11-10 04:00:00,102.3397,20.0,19.4,1016.4,3.1,360.0,
2017-11-10 05:00:00,87.9369,20.6,19.4,1016.7,4.1,10.0,
2017-11-10 06:00:00,89.4173,20.0,18.3,1017.1,5.1,20.0,
2017-11-10 07:00:00,86.0566,18.9,17.8,1017.7,5.7,20.0,8.0
2017-11-10 08:00:00,87.2968,18.3,17.2,1018.4,6.2,10.0,
2017-11-10 09:00:00,89.0172,19.4,17.2,1018.7,5.1,360.0,
2017-11-10 10:00:00,91.5777,21.7,17.2,1019.1,4.6,10.0,
2017-11-10 11:00:00,86.0966,22.2,17.8,1019.0,5.1,10.0,
2017-11-10 12:00:00,87.0168,21.7,17.2,1018.9,5.7,360.0,
2017-11-10 13:00:00,92.938,21.1,17.2,1018.2,6.2,20.0,8.0
2017-11-10 14:00:00,88.7371,21.7,17.2,1017.9,5.7,20.0,
2017-11-10 15:00:00,85.09639999999999,21.7,17.2,1017.8,5.1,30.0,
2017-11-10 16:00:00,87.2568,21.1,16.7,1018.0,6.7,20.0,
2017-11-10 17:00:00,87.1368,20.6,16.1,1018.7,6.2,30.0,
2017-11-10 18:00:00,90.8175,20.0,15.0,1019.5,5.1,30.0,
2017-11-10 19:00:00,87.6569,20.0,15.6,1020.0,5.7,20.0,6.0
2017-11-10 20:00:00,89.0972,18.3,15.6,1020.3,4.1,360.0,2.0
2017-11-10 21:00:00,90.69749999999999,17.8,15.6,1020.5,4.1,360.0,0.0
2017-11-10 22:00:00,88.8972,17.2,15.6,1020.6,3.1,350.0,0.0
2017-11-10 23:00:00,87.73689999999999,17.2,15.6,1020.4,3.6,350.0,2.0
2017-11-11 00:00:00,88.297,17.2,15.6,1019.9,3.6,350.0,2.0
2017-11-11 01:00:00,86.9368,16.7,16.1,1019.6,4.1,360.0,0.0
2017-11-11 02:00:00,88.8572,16.7,16.1,1019.4,3.1,360.0,0.0
2017-11-11 03:00:00,89.13719999999999,16.1,16.1,1019.2,3.1,350.0,0.0
2017-11-11 04:00:00,88.7772,16.1,16.1,1019.2,2.6,350.0,2.0
2017-11-11 05:00:00,89.21719999999999,16.7,16.1,1019.5,2.6,360.0,2.0
2017-11-11 06:00:00,88.4571,17.2,16.1,1019.8,3.6,20.0,2.0
2017-11-11 07:00:00,91.0976,17.2,16.7,1020.3,3.1,10.0,2.0
2017-11-11 08:00:00,111.54149999999998,20.0,17.8,1020.9,3.1,20.0,2.0
2017-11-11 09:00:00,111.9016,22.8,18.3,1021.3,4.6,30.0,4.0
2017-11-11 10:00:00,120.66329999999999,25.0,19.4,1021.5,5.7,30.0,2.0
2017-11-11 11:00:00,110.02120000000001,25.0,19.4,1021.6,4.6,40.0,
2017-11-11 12:00:00,127.78460000000001,23.3,21.7,1021.2,5.1,50.0,
2017-11-11 13:00:00,120.7032,24.4,20.0,1020.2,8.8,70.0,6.0
2017-11-11 14:00:00,104.2201,24.4,20.0,1019.6,7.7,70.0,
2017-11-11 15:00:00,106.6206,25.6,18.9,1019.3,9.8,50.0,
2017-11-11 16:00:00,109.5012,25.0,18.9,1019.5,10.3,50.0,4.0
2017-11-11 17:00:00,111.54149999999998,23.9,18.9,1020.0,7.7,60.0,4.0
2017-11-11 18:00:00,111.1814,22.8,20.0,1020.3,7.2,50.0,
2017-11-11 19:00:00,111.7415,22.2,19.4,1020.7,5.7,50.0,6.0
2017-11-11 20:00:00,112.3417,22.8,19.4,1021.0,6.2,60.0,
2017-11-11 21:00:00,111.4615,22.2,19.4,1021.3,4.1,60.0,4.0
2017-11-11 22:00:00,109.06099999999999,21.7,18.9,1021.5,4.6,50.0,2.0
2017-11-11 23:00:00,114.90209999999999,21.1,18.9,1021.3,3.6,60.0,4.0
2017-11-12 00:00:00,116.8626,21.1,19.4,1021.0,3.6,60.0,4.0
2017-11-12 01:00:00,114.262,22.2,19.4,1020.7,5.1,60.0,6.0
2017-11-12 02:00:00,111.22139999999999,21.7,20.0,1020.8,4.6,70.0,
2017-11-12 03:00:00,108.3409,21.1,19.4,1020.5,5.1,40.0,4.0
2017-11-12 04:00:00,110.78139999999999,21.1,19.4,1020.6,5.1,30.0,
2017-11-12 05:00:00,114.4221,20.6,20.0,1020.9,5.1,40.0,
2017-11-12 06:00:00,114.38210000000001,21.1,20.0,1021.3,4.6,40.0,
2017-11-12 07:00:00,116.14240000000001,21.1,20.0,1021.7,5.1,40.0,8.0
2017-11-12 08:00:00,113.4219,21.1,20.0,1022.0,5.1,40.0,
2017-11-12 09:00:00,113.34189999999998,21.7,21.1,1022.7,6.2,70.0,
2017-11-12 10:00:00,109.7011,25.0,20.0,1022.4,8.2,70.0,
2017-11-12 11:00:00,108.86099999999999,25.0,18.9,1022.1,8.8,60.0,
2017-11-12 12:00:00,108.02080000000001,24.4,18.9,1021.7,7.2,70.0,
2017-11-12 13:00:00,107.7808,24.4,19.4,1020.9,5.7,60.0,8.0
2017-11-12 14:00:00,108.1409,25.0,18.9,1020.1,7.2,50.0,
2017-11-12 15:00:00,109.30109999999999,24.4,18.9,1020.0,6.7,80.0,
2017-11-12 16:00:00,111.6216,24.4,18.3,1020.1,6.2,60.0,
2017-11-12 17:00:00,111.9416,23.9,18.9,1020.4,6.2,70.0,
2017-11-12 18:00:00,112.22159999999997,23.3,18.9,1020.8,5.1,70.0,
2017-11-12 19:00:00,111.14150000000001,22.8,18.9,1021.2,4.1,50.0,8.0
2017-11-12 20:00:00,108.26089999999999,22.2,18.9,1021.5,3.6,50.0,
2017-11-12 21:00:00,93.138,22.2,18.3,1021.9,3.6,60.0,
2017-11-12 22:00:00,90.0974,21.7,18.3,1021.8,3.6,40.0,4.0
2017-11-12 23:00:00,87.7369,21.7,18.3,1021.5,3.6,40.0,
2017-11-13 00:00:00,88.537,21.1,18.3,1021.1,3.1,40.0,
2017-11-13 01:00:00,89.3773,20.0,18.9,1020.6,3.6,30.0,2.0
2017-11-13 02:00:00,90.8976,19.4,18.9,1020.2,3.1,10.0,
2017-11-13 03:00:00,92.5378,20.0,18.9,1019.9,3.6,360.0,4.0
2017-11-13 04:00:00,95.6585,20.0,19.4,1019.8,3.6,360.0,
2017-11-13 05:00:00,97.25880000000001,20.6,19.4,1019.7,3.6,360.0,
2017-11-13 06:00:00,95.57849999999999,20.6,19.4,1019.5,4.1,20.0,
2017-11-13 07:00:00,95.6184,21.1,19.4,1020.7,4.6,20.0,6.0
2017-11-13 08:00:00,110.8613,21.1,19.4,1021.0,3.6,10.0,
2017-11-13 09:00:00,112.26169999999999,23.9,19.4,1020.7,5.7,20.0,
2017-11-13 10:00:00,107.3407,23.9,18.9,1021.0,5.7,30.0,
2017-11-13 11:00:00,107.3007,25.6,18.9,1020.9,5.7,50.0,
2017-11-13 12:00:00,107.8608,26.7,18.9,1020.1,7.2,60.0,4.0
2017-11-13 13:00:00,106.78059999999999,27.2,18.3,1019.1,5.7,50.0,6.0
2017-11-13 14:00:00,105.46029999999999,26.7,18.9,1018.4,7.2,30.0,
2017-11-13 15:00:00,104.8202,26.1,18.9,1018.3,6.7,30.0,
2017-11-13 16:00:00,108.2209,25.0,18.9,1018.4,8.2,30.0,4.0
2017-11-13 17:00:00,103.5,22.8,18.3,1018.6,8.2,20.0,4.0
2017-11-13 18:00:00,98.139,21.7,17.8,1019.0,7.2,20.0,4.0
2017-11-13 19:00:00,99.25909999999999,21.1,18.3,1019.5,6.2,20.0,4.0
2017-11-13 20:00:00,99.8993,20.6,18.3,1019.7,6.2,10.0,4.0
2017-11-13 21:00:00,97.53880000000001,20.0,18.3,1019.6,4.6,10.0,2.0
2017-11-13 22:00:00,91.0176,20.0,18.3,1019.4,5.7,10.0,4.0
2017-11-13 23:00:00,92.4179,19.4,17.8,1019.2,4.6,360.0,2.0
2017-11-14 00:00:00,92.3778,18.9,18.3,1018.7,3.6,350.0,2.0
2017-11-14 01:00:00,93.7781,18.9,18.3,1018.2,4.6,350.0,2.0
2017-11-14 02:00:00,93.378,18.3,18.3,1017.8,4.6,360.0,2.0
2017-11-14 03:00:00,93.7381,18.3,17.8,1017.6,5.7,360.0,2.0
2017-11-14 04:00:00,93.0579,18.3,17.8,1017.5,4.6,10.0,4.0
2017-11-14 05:00:00,92.4579,18.3,17.8,1017.5,5.1,360.0,2.0
2017-11-14 06:00:00,92.7779,18.3,17.8,1017.7,5.1,360.0,0.0
2017-11-14 07:00:00,92.6179,18.3,17.8,1018.0,5.1,360.0,0.0
2017-11-14 08:00:00,97.4588,20.0,17.8,1018.2,4.6,360.0,2.0
2017-11-14 09:00:00,108.5009,21.7,18.3,1018.1,7.2,20.0,2.0
2017-11-14 10:00:00,117.2627,23.9,18.9,1018.2,6.7,20.0,2.0
2017-11-14 11:00:00,110.82140000000001,25.0,19.4,1017.9,6.7,350.0,4.0
2017-11-14 12:00:00,109.3811,25.0,18.9,1017.0,7.7,20.0,4.0
2017-11-14 13:00:00,106.3805,26.1,18.9,1015.9,6.7,10.0,4.0
2017-11-14 14:00:00,106.0205,23.9,17.8,1015.3,8.2,20.0,
2017-11-14 15:00:00,92.1378,24.4,17.8,1015.0,10.3,10.0,
2017-11-14 16:00:00,85.8565,22.2,17.2,1015.1,10.3,20.0,
2017-11-14 17:00:00,89.4973,21.1,16.7,1015.8,7.2,10.0,
2017-11-14 18:00:00,92.1378,20.6,16.1,1015.9,7.7,360.0,
2017-11-14 19:00:00,92.7379,20.0,16.7,1016.3,9.3,10.0,8.0
2017-11-14 20:00:00,92.2578,19.4,16.1,1016.6,8.2,10.0,
2017-11-14 21:00:00,91.4577,18.3,15.6,1017.1,7.2,360.0,
2017-11-14 22:00:00,89.7773,17.2,15.0,1016.9,6.7,10.0,0.0
2017-11-14 23:00:00,88.17699999999999,16.7,14.4,1016.8,4.6,360.0,0.0
2017-11-15 00:00:00,89.57730000000001,16.1,14.4,1016.2,5.7,350.0,0.0
2017-11-15 01:00:00,89.93730000000001,16.1,14.4,1015.8,4.6,350.0,0.0
2017-11-15 02:00:00,82.856,15.6,13.9,1015.3,5.1,350.0,0.0
2017-11-15 03:00:00,82.536,15.0,13.9,1015.1,3.6,350.0,0.0
2017-11-15 04:00:00,83.1361,15.0,13.9,1014.9,5.1,340.0,0.0
2017-11-15 05:00:00,83.9762,15.0,13.9,1015.0,4.6,350.0,0.0
2017-11-15 06:00:00,83.016,15.0,14.4,1015.5,4.6,350.0,0.0
2017-11-15 07:00:00,83.3361,15.0,14.4,1016.0,4.6,350.0,2.0
2017-11-15 08:00:00,91.3776,16.1,15.0,1016.6,5.1,350.0,2.0
2017-11-15 09:00:00,92.6979,18.3,15.6,1016.8,5.1,360.0,0.0
2017-11-15 10:00:00,90.4175,21.1,16.1,1016.8,6.7,10.0,2.0
2017-11-15 11:00:00,93.258,22.8,16.1,1016.4,7.7,10.0,2.0
2017-11-15 12:00:00,94.4982,23.9,16.1,1015.8,5.7,20.0,4.0
2017-11-15 13:00:00,97.4188,23.9,16.7,1014.9,5.7,10.0,4.0
2017-11-15 14:00:00,90.73750000000001,23.3,16.7,1014.3,6.2,10.0,
2017-11-15 15:00:00,89.4573,23.3,16.7,1014.1,6.7,20.0,
2017-11-15 16:00:00,85.2164,23.3,16.7,1014.3,7.2,10.0,4.0
2017-11-15 17:00:00,88.057,21.7,16.1,1014.9,7.2,10.0,2.0
2017-11-15 18:00:00,90.4975,20.0,16.1,1015.5,6.7,10.0,2.0
2017-11-15 19:00:00,86.9367,18.9,16.1,1016.0,5.1,10.0,4.0
2017-11-15 20:00:00,86.9367,18.3,16.1,1016.5,5.7,360.0,
2017-11-15 21:00:00,87.3769,17.8,15.6,1016.7,6.2,10.0,
2017-11-15 22:00:00,85.3365,16.7,15.6,1016.8,5.1,350.0,4.0
2017-11-15 23:00:00,88.337,16.7,15.6,1017.0,6.2,360.0,
2017-11-16 00:00:00,87.8569,16.7,15.6,1016.8,5.7,350.0,
2017-11-16 01:00:00,87.3369,16.7,15.6,1016.6,4.6,360.0,8.0
2017-11-16 02:00:00,86.8968,16.7,15.6,1016.5,3.6,340.0,
2017-11-16 03:00:00,88.6971,16.1,15.0,1016.4,5.1,340.0,2.0
2017-11-16 04:00:00,90.0573,15.6,15.0,1016.5,3.1,350.0,
2017-11-16 05:00:00,90.4574,15.6,15.0,1016.4,3.6,340.0,4.0
2017-11-16 06:00:00,89.8973,15.0,14.4,1016.9,4.1,320.0,
2017-11-16 07:00:00,88.5771,15.0,14.4,1017.4,4.1,350.0,6.0
2017-11-16 08:00:00,89.3372,15.6,14.4,1017.7,5.1,340.0,
2017-11-16 09:00:00,88.7371,18.3,15.6,1017.7,4.6,360.0,
2017-11-16 10:00:00,87.29679999999999,20.6,15.6,1017.7,4.6,360.0,4.0
2017-11-16 11:00:00,87.4169,22.2,15.6,1017.4,5.7,360.0,4.0
2017-11-16 12:00:00,86.0166,22.8,15.0,1016.8,5.1,350.0,2.0
2017-11-16 13:00:00,86.8967,23.3,15.0,1016.1,4.6,360.0,4.0
2017-11-16 14:00:00,84.4963,23.3,14.4,1015.7,5.7,20.0,
2017-11-16 15:00:00,84.5763,23.3,14.4,1015.4,5.7,40.0,
2017-11-16 16:00:00,84.8163,22.2,13.9,1015.8,5.1,50.0,
2017-11-16 17:00:00,85.69659999999999,20.6,12.8,1016.2,5.7,60.0,
2017-11-16 18:00:00,88.6571,19.4,12.2,1016.9,4.1,40.0,
2017-11-16 19:00:00,81.6558,18.3,11.7,1017.5,4.6,40.0,6.0
2017-11-16 20:00:00,77.9751,17.2,11.7,1017.8,4.1,30.0,2.0
2017-11-16 21:00:00,71.8939,15.6,12.2,1018.3,3.1,360.0,0.0
2017-11-16 22:00:00,71.8939,15.0,12.8,1018.8,3.1,360.0,0.0
2017-11-16 23:00:00,70.3735,14.4,12.2,1018.6,2.6,350.0,0.0
2017-11-17 00:00:00,68.6933,13.9,12.8,1018.5,2.6,360.0,0.0
2017-11-17 01:00:00,67.213,13.9,12.8,1018.4,2.6,340.0,0.0
2017-11-17 02:00:00,61.891999999999996,13.3,12.2,1018.2,3.1,350.0,0.0
2017-11-17 03:00:00,63.9324,12.8,11.7,1018.0,3.1,360.0,0.0
2017-11-17 04:00:00,65.2527,12.8,12.2,1017.9,2.6,360.0,0.0
2017-11-17 05:00:00,63.0122,13.3,11.7,1018.0,4.1,350.0,0.0
2017-11-17 06:00:00,63.0122,13.3,11.1,1018.5,3.6,350.0,0.0
2017-11-17 07:00:00,61.731899999999996,13.3,11.1,1018.8,4.1,360.0,0.0
2017-11-17 08:00:00,82.696,15.6,12.2,1019.2,3.6,350.0,0.0
2017-11-17 09:00:00,90.2174,18.3,13.3,1019.3,4.1,360.0,0.0
2017-11-17 10:00:00,91.21759999999999,21.1,14.4,1019.3,4.6,20.0,0.0
2017-11-17 11:00:00,90.6575,22.2,15.0,1019.1,3.1,40.0,0.0
2017-11-17 12:00:00,87.1769,23.9,14.4,1018.6,4.1,10.0,2.0
2017-11-17 13:00:00,88.257,24.4,13.3,1018.0,3.1,10.0,4.0
2017-11-17 14:00:00,103.66,24.4,13.3,1017.4,1.5,,4.0
2017-11-17 15:00:00,87.2169,25.0,12.8,1016.9,5.1,70.0,4.0
2017-11-17 16:00:00,84.8164,23.9,13.3,1016.7,5.1,70.0,4.0
2017-11-17 17:00:00,88.257,22.2,13.3,1017.2,5.7,70.0,2.0
2017-11-17 18:00:00,90.4974,20.6,13.3,1017.3,4.1,60.0,2.0
2017-11-17 19:00:00,87.13680000000001,19.4,13.9,1017.9,3.6,60.0,0.0
2017-11-17 20:00:00,89.9373,18.9,13.9,1018.2,3.1,40.0,2.0
2017-11-17 21:00:00,86.33670000000001,17.2,13.9,1018.6,2.1,10.0,2.0
2017-11-17 22:00:00,77.655,17.2,13.3,1018.7,0.0,0.0,2.0
2017-11-17 23:00:00,65.4527,16.7,13.3,1018.5,0.0,0.0,0.0
2017-11-18 00:00:00,61.9319,15.6,13.9,1018.2,2.1,10.0,0.0
2017-11-18 01:00:00,61.6119,15.6,14.4,1017.7,1.5,350.0,0.0
2017-11-18 02:00:00,61.6519,15.0,14.4,1016.9,0.0,0.0,0.0
2017-11-18 03:00:00,62.292,13.3,13.3,1016.9,0.0,0.0,2.0
2017-11-18 04:00:00,64.6125,14.4,14.4,1016.6,2.1,10.0,0.0
2017-11-18 05:00:00,64.0124,13.9,13.9,1016.6,1.5,360.0,0.0
2017-11-18 06:00:00,63.6923,13.9,13.9,1016.8,1.5,360.0,0.0
2017-11-18 07:00:00,62.852199999999996,13.9,13.9,1017.1,0.0,0.0,2.0
2017-11-18 08:00:00,82.0158,16.7,15.6,1017.6,0.0,0.0,2.0
2017-11-18 09:00:00,94.29820000000001,19.4,16.7,1017.7,1.5,360.0,2.0
2017-11-18 10:00:00,93.21799999999999,22.2,13.9,1017.6,1.5,,2.0
2017-11-18 11:00:00,90.3775,24.4,14.4,1017.2,2.1,140.0,2.0
2017-11-18 12:00:00,90.0974,24.4,14.4,1016.2,4.1,170.0,2.0
2017-11-18 13:00:00,87.7769,25.0,13.9,1014.9,3.1,,4.0
2017-11-18 14:00:00,86.2966,25.6,12.8,1014.0,4.1,170.0,2.0
2017-11-18 15:00:00,87.937,25.6,13.3,1013.4,2.6,130.0,4.0
2017-11-18 16:00:00,90.5775,25.6,12.2,1013.3,3.6,190.0,2.0
2017-11-18 17:00:00,90.01740000000001,23.9,13.3,1013.5,2.1,190.0,2.0
2017-11-18 18:00:00,88.8971,21.7,13.9,1013.7,2.1,170.0,2.0
2017-11-18 19:00:00,86.0966,20.0,14.4,1013.9,1.5,220.0,2.0
2017-11-18 20:00:00,87.857,18.9,14.4,1014.3,0.0,0.0,0.0
2017-11-18 21:00:00,91.33760000000001,18.9,13.9,1014.5,2.6,290.0,0.0
2017-11-18 22:00:00,90.3374,18.9,13.9,1014.8,2.1,300.0,0.0
2017-11-18 23:00:00,86.9768,15.6,13.3,1014.7,0.0,0.0,0.0
2017-11-19 00:00:00,81.9358,15.6,13.9,1014.5,0.0,0.0,0.0
2017-11-19 01:00:00,69.0134,13.9,13.3,1014.4,1.5,200.0,0.0
2017-11-19 02:00:00,63.2122,13.9,13.3,1014.2,1.5,230.0,
2017-11-19 03:00:00,63.53229999999999,14.4,13.9,1013.8,0.0,0.0,
2017-11-19 04:00:00,63.8524,12.8,12.8,1013.6,2.1,200.0,0.0
2017-11-19 05:00:00,63.0922,13.9,13.9,1013.3,2.6,190.0,0.0
2017-11-19 06:00:00,76.2147,15.0,15.0,1013.5,1.5,200.0,
2017-11-19 07:00:00,87.81700000000001,15.0,15.0,1013.5,2.6,190.0,2.0
2017-11-19 08:00:00,94.6582,16.7,16.7,1013.7,2.1,190.0,
2017-11-19 09:00:00,96.1786,20.0,18.3,1013.8,4.1,210.0,
2017-11-19 10:00:00,108.3809,22.8,18.3,1014.0,5.7,220.0,
2017-11-19 11:00:00,109.7812,25.0,17.8,1013.6,7.2,230.0,
2017-11-19 12:00:00,110.5413,26.7,16.7,1012.9,5.7,240.0,
2017-11-19 13:00:00,108.5009,26.7,16.7,1012.0,6.2,250.0,6.0
2017-11-19 14:00:00,109.02099999999997,21.1,20.6,1012.3,3.6,300.0,
2017-11-19 15:00:00,111.10139999999998,22.8,20.0,1011.6,2.1,280.0,
2017-11-19 16:00:00,113.02189999999999,23.3,18.3,1011.7,4.1,260.0,
2017-11-19 17:00:00,113.62190000000001,22.8,18.9,1012.1,4.6,260.0,
2017-11-19 18:00:00,105.2603,21.7,18.9,1012.6,2.1,260.0,
2017-11-19 19:00:00,92.7378,21.1,18.9,1013.6,5.7,300.0,4.0
2017-11-19 20:00:00,91.4576,20.0,16.7,1014.5,6.2,330.0,
2017-11-19 21:00:00,84.5763,18.9,15.6,1015.5,8.2,360.0,
2017-11-19 22:00:00,81.4958,16.7,11.1,1016.7,7.2,10.0,2.0
2017-11-19 23:00:00,75.0145,15.6,7.8,1017.5,6.2,360.0,0.0
2017-11-20 00:00:00,66.69290000000001,14.4,6.7,1017.8,6.2,360.0,0.0
2017-11-20 01:00:00,63.2922,12.8,5.0,1018.1,5.1,360.0,0.0
2017-11-20 02:00:00,63.6123,12.8,3.9,1018.1,4.6,360.0,0.0
2017-11-20 03:00:00,64.8925,11.7,5.6,1018.2,4.1,350.0,0.0
2017-11-20 04:00:00,66.0128,10.6,6.1,1018.4,3.6,350.0,0.0
2017-11-20 05:00:00,68.01310000000001,10.0,6.7,1018.5,4.1,350.0,0.0
2017-11-20 06:00:00,67.8531,10.0,6.7,1019.0,3.6,350.0,0.0
2017-11-20 07:00:00,66.41290000000001,10.0,7.8,1019.5,3.6,360.0,2.0
2017-11-20 08:00:00,70.4536,12.2,8.3,1019.8,4.6,350.0,2.0
2017-11-20 09:00:00,85.7766,16.7,10.0,1020.1,4.1,360.0,2.0
2017-11-20 10:00:00,88.5771,20.0,12.2,1020.4,3.6,20.0,2.0
2017-11-20 11:00:00,94.4582,22.8,13.9,1020.3,4.1,60.0,2.0
2017-11-20 12:00:00,89.1772,24.4,13.9,1019.6,7.7,60.0,4.0
2017-11-20 13:00:00,86.7767,24.4,13.3,1019.0,7.2,60.0,6.0
2017-11-20 14:00:00,89.7373,23.9,12.8,1018.7,6.7,90.0,
2017-11-20 15:00:00,94.13820000000001,23.3,12.8,1018.6,7.2,80.0,
2017-11-20 16:00:00,89.9374,22.8,13.3,1018.6,6.2,80.0,
2017-11-20 17:00:00,86.7368,22.2,12.8,1019.0,6.2,70.0,
2017-11-20 18:00:00,85.7365,20.0,13.9,1019.2,4.1,60.0,4.0
2017-11-20 19:00:00,88.1771,19.4,14.4,1019.6,3.1,70.0,4.0
2017-11-20 20:00:00,37.327200000000005,18.9,14.4,1020.0,3.6,70.0,4.0
2017-11-21 05:00:00,85.8566,17.2,15.6,1016.7,3.1,60.0,
2017-11-21 06:00:00,76.3347,17.8,15.6,1016.5,2.1,70.0,4.0
2017-11-21 07:00:00,78.29509999999999,18.3,16.1,1016.8,2.1,50.0,6.0
2017-11-21 08:00:00,95.97850000000001,20.0,17.2,1017.0,2.1,60.0,
2017-11-21 09:00:00,98.539,22.2,17.8,1017.4,3.1,80.0,
2017-11-21 10:00:00,104.3401,22.8,18.3,1017.2,3.6,100.0,
2017-11-21 11:00:00,113.0618,23.3,18.9,1016.6,3.6,100.0,
2017-11-21 12:00:00,114.5821,22.8,19.4,1016.4,5.1,110.0,
2017-11-21 13:00:00,109.9412,20.6,20.0,1015.5,6.7,110.0,8.0
2017-11-21 14:00:00,124.50399999999999,20.6,20.0,1014.9,4.1,110.0,
2017-11-21 15:00:00,102.2197,20.6,20.0,,3.6,100.0,
2017-11-21 16:00:00,97.0187,20.6,18.9,1013.8,4.1,110.0,
2017-11-21 17:00:00,93.178,20.0,18.9,1013.4,5.1,70.0,
2017-11-21 18:00:00,95.8185,20.0,17.8,1014.2,3.6,70.0,
2017-11-21 19:00:00,95.85849999999999,19.4,18.3,1014.5,2.1,80.0,6.0
2017-11-21 20:00:00,98.499,18.3,17.8,1014.2,2.1,70.0,4.0
2017-11-21 21:00:00,98.619,18.9,18.3,1014.3,0.0,0.0,
2017-11-21 22:00:00,99.29910000000001,18.9,18.3,1014.7,0.0,0.0,
2017-11-21 23:00:00,96.8186,18.9,18.3,1014.5,1.5,350.0,
2017-11-22 00:00:00,92.5378,18.3,18.3,1013.9,0.0,0.0,4.0
2017-11-22 01:00:00,96.9787,17.2,17.2,1013.7,2.1,330.0,2.0
2017-11-22 02:00:00,97.4188,18.3,18.3,,3.6,340.0,
2017-11-22 03:00:00,98.7391,17.8,17.8,1014.0,2.6,340.0,
2017-11-22 04:00:00,99.29910000000001,17.8,17.8,1013.8,2.1,10.0,
2017-11-22 05:00:00,96.2586,17.8,17.8,1013.5,3.1,60.0,9.0
2017-11-22 06:00:00,96.2986,17.8,17.8,,3.1,360.0,9.0
2017-11-22 07:00:00,96.1386,17.2,17.2,1014.3,1.5,360.0,9.0
2017-11-22 08:00:00,97.49879999999999,17.8,17.8,1014.7,2.1,70.0,9.0
2017-11-22 09:00:00,98.339,18.3,18.3,1015.2,0.0,0.0,
2017-11-22 10:00:00,110.22120000000001,20.6,19.4,1015.3,1.5,20.0,
2017-11-22 11:00:00,122.22359999999999,22.8,19.4,1015.0,2.1,340.0,2.0
2017-11-22 12:00:00,113.58189999999999,24.4,18.9,1014.5,2.1,30.0,2.0
2017-11-22 13:00:00,105.6204,26.7,18.9,1013.5,4.6,40.0,4.0
2017-11-22 14:00:00,107.7408,25.0,17.8,1013.2,4.1,10.0,
2017-11-22 15:00:00,107.3807,25.0,18.3,1013.0,6.2,50.0,
2017-11-22 16:00:00,91.0976,24.4,18.3,1013.2,5.7,60.0,
2017-11-22 17:00:00,92.45779999999999,22.8,17.8,1013.7,5.1,70.0,
2017-11-22 18:00:00,93.458,21.7,17.8,1014.5,4.1,60.0,
2017-11-22 19:00:00,92.818,21.1,17.8,1014.9,4.6,30.0,6.0
2017-11-22 20:00:00,91.9377,20.6,17.8,1015.2,4.1,30.0,4.0
2017-11-22 21:00:00,99.4992,20.0,18.3,1015.2,4.6,30.0,
2017-11-22 22:00:00,92.6579,20.0,18.9,1015.3,4.1,30.0,
2017-11-22 23:00:00,92.4179,20.0,18.9,1015.4,3.6,30.0,
2017-11-23 00:00:00,92.89789999999999,20.0,18.9,1014.7,3.6,60.0,
2017-11-23 01:00:00,95.2584,20.0,18.9,1014.1,2.6,70.0,8.0
2017-11-23 02:00:00,101.0595,20.0,18.9,1013.5,2.1,100.0,
2017-11-23 03:00:00,101.09949999999999,20.0,18.9,1013.0,4.1,100.0,
2017-11-23 04:00:00,99.8593,20.0,19.4,1012.5,3.1,90.0,
2017-11-23 05:00:00,102.1797,20.0,20.0,1012.3,4.1,100.0,
2017-11-23 06:00:00,102.8998,20.6,20.0,1012.0,4.6,110.0,
2017-11-23 07:00:00,101.05949999999999,20.6,20.0,1012.0,4.1,110.0,8.0
2017-11-23 08:00:00,109.46109999999999,20.6,20.0,1012.0,5.1,130.0,
2017-11-23 09:00:00,113.2619,21.7,20.6,1012.4,4.1,140.0,
2017-11-23 10:00:00,116.5025,22.8,21.1,1012.1,4.1,150.0,
2017-11-23 11:00:00,121.26339999999999,22.8,21.1,1012.0,4.1,170.0,
2017-11-23 12:00:00,116.1825,23.3,21.1,1010.7,4.1,170.0,
2017-11-23 13:00:00,110.06129999999999,23.3,21.7,1010.0,2.6,210.0,8.0
2017-11-23 14:00:00,110.38130000000001,23.9,21.7,1009.1,2.1,220.0,
2017-11-23 15:00:00,113.822,24.4,20.6,1008.6,4.1,230.0,
2017-11-23 16:00:00,109.74119999999999,24.4,20.0,1008.1,5.1,200.0,
2017-11-23 17:00:00,112.90180000000001,23.3,20.0,1008.6,3.1,190.0,
2017-11-23 18:00:00,95.61840000000001,21.7,19.4,1008.8,1.5,210.0,
2017-11-23 19:00:00,93.218,21.1,19.4,1009.0,1.5,150.0,6.0
2017-11-23 20:00:00,95.1384,20.6,20.0,1009.5,2.1,40.0,
2017-11-23 21:00:00,97.4988,20.6,20.0,1009.9,1.5,80.0,
2017-11-23 22:00:00,96.6587,20.6,20.0,1009.7,2.1,,
2017-11-23 23:00:00,94.3382,20.6,20.0,1009.9,0.0,0.0,
2017-11-24 00:00:00,95.0584,20.0,19.4,1009.6,0.0,0.0,
2017-11-24 01:00:00,96.7787,20.0,20.0,1009.5,2.6,340.0,8.0
2017-11-24 02:00:00,96.81869999999999,20.0,20.0,1009.5,3.6,10.0,
2017-11-24 03:00:00,96.05850000000001,20.0,19.4,1009.3,3.1,360.0,
2017-11-24 04:00:00,95.41839999999999,19.4,19.4,1009.2,4.1,340.0,
2017-11-24 05:00:00,92.2578,18.3,18.3,1009.5,6.2,350.0,
2017-11-24 06:00:00,91.2176,17.8,17.8,1009.9,5.7,340.0,
2017-11-24 07:00:00,85.21640000000001,17.2,16.7,1010.7,5.1,330.0,8.0
2017-11-24 08:00:00,88.217,16.1,16.1,1011.6,4.6,310.0,
2017-11-24 09:00:00,88.3771,16.1,15.6,1012.2,4.6,330.0,
2017-11-24 10:00:00,88.337,16.7,15.6,1012.9,4.6,340.0,
2017-11-24 11:00:00,85.0964,17.2,15.6,1012.9,5.1,310.0,
2017-11-24 12:00:00,86.7367,16.7,16.1,1012.7,4.6,330.0,
2017-11-24 13:00:00,88.81710000000001,17.2,16.1,1012.5,3.6,300.0,8.0
2017-11-24 14:00:00,87.7769,17.8,16.1,1012.1,3.6,310.0,
2017-11-24 15:00:00,87.2568,17.8,15.6,1012.3,4.6,330.0,
2017-11-24 16:00:00,86.9768,17.2,15.6,1012.6,2.6,330.0,
2017-11-24 17:00:00,89.5372,17.2,15.6,1013.0,2.6,340.0,
2017-11-24 18:00:00,89.7373,17.2,15.0,1013.7,3.1,320.0,
2017-11-24 19:00:00,87.897,16.7,15.0,1014.3,0.0,0.0,6.0
2017-11-24 20:00:00,84.8563,15.6,15.0,1015.1,0.0,0.0,4.0
2017-11-24 21:00:00,87.577,16.1,15.0,1015.6,0.0,0.0,
2017-11-24 22:00:00,76.9348,15.0,15.0,1015.8,0.0,0.0,2.0
2017-11-24 23:00:00,59.5715,14.4,14.4,1015.5,0.0,0.0,2.0
2017-11-25 00:00:00,60.411699999999996,14.4,14.4,1015.4,2.1,260.0,0.0
2017-11-25 01:00:00,60.8917,13.9,13.9,1015.3,1.5,310.0,0.0
2017-11-25 02:00:00,61.0518,13.3,13.3,1015.4,0.0,0.0,2.0
2017-11-25 03:00:00,61.6119,11.7,11.7,1015.2,0.0,0.0,2.0
2017-11-25 04:00:00,60.5317,12.2,12.2,1015.5,0.0,0.0,
2017-11-25 05:00:00,59.9316,12.2,12.2,1015.8,0.0,0.0,
2017-11-25 06:00:00,59.1314,12.2,12.2,1016.5,1.5,340.0,
2017-11-25 07:00:00,57.691199999999995,13.9,13.9,1016.7,0.0,0.0,9.0
2017-11-25 08:00:00,57.9312,14.4,14.4,1017.5,0.0,0.0,9.0
2017-11-25 09:00:00,57.6911,14.4,14.4,1018.0,0.0,0.0,
2017-11-25 10:00:00,80.4155,14.4,14.4,1018.5,2.1,250.0,
2017-11-25 11:00:00,99.7793,15.6,15.0,1018.2,1.5,250.0,
2017-11-25 12:00:00,93.458,17.8,15.0,1017.4,2.1,,4.0
2017-11-25 13:00:00,100.2994,19.4,13.3,1016.2,0.0,0.0,2.0
2017-11-25 14:00:00,95.2583,21.1,12.8,1015.4,0.0,0.0,2.0
2017-11-25 15:00:00,74.3743,22.2,11.1,1014.9,0.0,0.0,2.0
2017-11-25 16:00:00,82.4559,22.2,8.3,1015.1,3.6,310.0,2.0
2017-11-25 17:00:00,82.4559,20.6,11.7,1015.6,2.6,290.0,4.0
2017-11-25 18:00:00,74.8545,18.9,12.8,1016.5,2.1,300.0,4.0
2017-11-25 19:00:00,58.211200000000005,17.2,12.8,1017.0,0.0,0.0,2.0
2017-11-25 20:00:00,58.211200000000005,16.7,12.8,1017.4,0.0,0.0,2.0
2017-11-25 21:00:00,58.5713,14.4,13.3,1017.5,0.0,0.0,2.0
2017-11-25 22:00:00,59.1314,14.4,12.8,1017.7,1.5,190.0,4.0
2017-11-25 23:00:00,59.6115,14.4,13.3,1017.8,0.0,0.0,
2017-11-26 00:00:00,59.3714,14.4,13.3,1017.6,0.0,0.0,
2017-11-26 01:00:00,59.491499999999995,14.4,13.3,1017.3,0.0,0.0,2.0
2017-11-26 02:00:00,61.4118,13.9,12.8,1017.3,0.0,0.0,2.0
2017-11-26 03:00:00,61.5319,12.8,12.2,1017.3,0.0,0.0,2.0
2017-11-26 04:00:00,60.2916,13.3,13.3,1017.4,0.0,0.0,
2017-11-26 05:00:00,59.411500000000004,13.9,12.8,1017.3,1.5,310.0,
2017-11-26 06:00:00,59.7715,13.3,12.8,1017.9,2.6,320.0,
2017-11-26 07:00:00,61.171800000000005,13.3,12.8,1018.6,1.5,320.0,2.0
2017-11-26 08:00:00,84.3763,14.4,13.3,1019.2,1.5,350.0,
2017-11-26 09:00:00,85.5365,16.7,15.0,1019.8,3.6,350.0,
2017-11-26 10:00:00,87.4569,18.9,14.4,1019.9,4.6,350.0,2.0
2017-11-26 11:00:00,94.8983,20.6,13.9,1019.5,3.1,20.0,2.0
2017-11-26 12:00:00,83.6561,21.7,12.8,1018.7,2.6,320.0,2.0
2017-11-26 13:00:00,77.2949,22.2,12.2,1017.5,2.6,320.0,4.0
2017-11-26 14:00:00,79.0153,23.3,11.1,1016.9,2.6,360.0,2.0
2017-11-26 15:00:00,82.3759,23.9,9.4,1016.8,1.5,,4.0
2017-11-26 16:00:00,80.8956,22.8,8.3,1016.5,2.1,360.0,4.0
2017-11-26 17:00:00,83.13600000000001,21.7,8.9,1016.9,2.6,360.0,
2017-11-26 18:00:00,83.7762,20.0,7.8,1017.3,1.5,240.0,4.0
2017-11-26 19:00:00,62.292,18.9,8.9,1018.0,1.5,330.0,4.0
2017-11-26 20:00:00,59.9316,16.1,11.1,1018.2,2.6,360.0,4.0
2017-11-26 21:00:00,61.0518,17.2,10.0,1018.5,1.5,360.0,4.0
2017-11-26 22:00:00,61.251799999999996,14.4,10.6,1018.7,0.0,0.0,4.0
2017-11-26 23:00:00,60.891799999999996,13.3,12.2,1019.2,0.0,0.0,
2017-11-27 00:00:00,61.1718,13.3,12.2,1018.9,2.6,360.0,4.0
2017-11-27 01:00:00,61.731899999999996,13.3,12.2,1018.5,2.1,10.0,4.0
2017-11-27 02:00:00,62.372099999999996,12.2,11.1,1018.3,0.0,0.0,2.0
2017-11-27 03:00:00,67.333,12.2,11.7,1018.1,0.0,0.0,0.0
2017-11-27 04:00:00,66.8529,12.8,12.2,1018.0,1.5,340.0,4.0
2017-11-27 05:00:00,64.9726,11.1,11.1,1018.4,0.0,0.0,0.0
2017-11-27 06:00:00,63.452299999999994,11.1,11.1,1018.6,0.0,0.0,0.0
2017-11-27 07:00:00,65.3326,11.7,11.7,1019.2,0.0,0.0,2.0
2017-11-27 08:00:00,68.5732,13.9,13.3,1019.8,2.6,350.0,4.0
2017-11-27 09:00:00,92.0577,16.7,16.1,1020.0,4.1,360.0,4.0
2017-11-27 10:00:00,91.6977,20.6,16.1,1020.2,4.6,10.0,4.0
2017-11-27 11:00:00,90.01740000000001,22.2,16.1,1020.0,4.1,30.0,4.0
2017-11-27 12:00:00,86.4967,22.8,15.0,1019.2,3.6,90.0,4.0
2017-11-27 13:00:00,89.9774,23.9,14.4,1018.5,4.1,80.0,6.0
2017-11-27 14:00:00,85.09639999999999,24.4,15.0,1017.9,3.1,90.0,
2017-11-27 15:00:00,86.6968,23.9,15.0,1017.5,3.1,50.0,
2017-11-27 16:00:00,94.8583,24.4,14.4,1017.7,4.1,70.0,
2017-11-27 17:00:00,87.977,23.3,15.0,1018.1,4.6,60.0,4.0
2017-11-27 18:00:00,89.7373,20.6,16.1,1018.9,3.1,80.0,2.0
2017-11-27 19:00:00,87.93690000000001,19.4,16.1,1019.2,4.1,40.0,2.0
2017-11-27 20:00:00,87.7369,18.9,15.6,1019.7,5.1,20.0,
2017-11-27 21:00:00,86.41669999999999,17.8,15.0,1020.2,4.1,10.0,4.0
2017-11-27 22:00:00,65.8527,16.7,15.0,1020.9,2.6,360.0,0.0
2017-11-27 23:00:00,85.2564,16.1,15.0,1020.7,2.1,10.0,0.0
2017-11-28 00:00:00,85.3765,16.1,15.0,1020.5,0.0,0.0,2.0
2017-11-28 01:00:00,85.25649999999999,15.6,15.0,1020.2,1.5,350.0,2.0
2017-11-28 02:00:00,84.6163,15.6,15.6,1020.0,3.6,350.0,0.0
2017-11-28 03:00:00,83.77610000000001,16.1,16.1,1019.6,3.1,20.0,0.0
2017-11-28 04:00:00,84.1762,15.6,15.6,1019.5,0.0,0.0,2.0
2017-11-28 05:00:00,83.8962,16.1,16.1,1019.6,3.1,10.0,0.0
2017-11-28 06:00:00,86.1767,16.7,16.7,1020.3,2.1,10.0,2.0
2017-11-28 07:00:00,86.9368,17.2,17.2,1020.9,2.1,10.0,4.0
2017-11-28 08:00:00,93.8581,17.2,17.2,1021.4,2.1,20.0,4.0
2017-11-28 09:00:00,94.5783,21.1,18.9,1021.9,3.6,60.0,2.0
2017-11-28 10:00:00,101.4196,23.9,19.4,1022.3,4.6,80.0,4.0
2017-11-28 11:00:00,113.1418,25.6,19.4,1022.1,6.2,110.0,4.0
2017-11-28 12:00:00,110.22130000000001,25.6,18.3,1021.7,6.2,110.0,4.0
2017-11-28 13:00:00,109.3411,27.2,17.8,1021.0,7.2,110.0,4.0
2017-11-28 14:00:00,103.82000000000001,27.8,18.3,1020.3,6.2,120.0,4.0
2017-11-28 15:00:00,108.86099999999999,27.2,18.3,1020.4,6.7,110.0,4.0
2017-11-28 16:00:00,109.62120000000002,26.7,18.3,1020.3,6.2,90.0,4.0
2017-11-28 17:00:00,112.6217,25.0,18.3,1020.7,6.2,80.0,4.0
2017-11-28 18:00:00,116.1824,23.3,18.9,1021.1,4.1,70.0,2.0
2017-11-28 19:00:00,105.5404,22.2,19.4,1021.6,4.1,70.0,0.0
2017-11-28 20:00:00,107.1407,21.7,19.4,1022.1,4.6,60.0,0.0
2017-11-28 21:00:00,101.33959999999999,21.1,19.4,1022.5,3.1,50.0,0.0
2017-11-28 22:00:00,95.6585,20.6,19.4,1022.4,4.1,50.0,2.0
2017-11-28 23:00:00,91.9778,20.6,19.4,1022.3,3.6,30.0,2.0
2017-11-29 00:00:00,92.37790000000001,20.0,19.4,1022.1,3.1,60.0,2.0
2017-11-29 01:00:00,89.5773,20.0,19.4,1021.6,2.1,40.0,2.0
2017-11-29 02:00:00,95.9786,19.4,19.4,1021.3,3.1,10.0,0.0
2017-11-29 03:00:00,96.0586,19.4,19.4,,3.1,10.0,
2017-11-29 04:00:00,99.3391,20.0,19.4,1021.1,3.1,40.0,2.0
2017-11-29 05:00:00,91.2976,20.0,19.4,1021.0,3.1,30.0,2.0
2017-11-29 06:00:00,97.81890000000001,20.0,19.4,1021.2,3.1,10.0,2.0
2017-11-29 07:00:00,96.49860000000001,18.9,18.9,1021.8,3.1,10.0,2.0
2017-11-29 08:00:00,101.4196,20.6,19.4,1022.0,3.1,30.0,2.0
2017-11-29 09:00:00,110.4613,22.8,20.0,1022.4,4.6,30.0,2.0
2017-11-29 10:00:00,108.3809,25.0,19.4,1022.2,5.1,40.0,2.0
2017-11-29 11:00:00,109.8212,26.1,18.3,1022.0,5.7,50.0,4.0
2017-11-29 12:00:00,109.5811,26.1,17.8,1021.3,6.2,60.0,4.0
2017-11-29 13:00:00,106.3005,26.7,17.2,1020.5,5.1,50.0,4.0
2017-11-29 14:00:00,107.86080000000001,27.2,16.7,1019.7,6.7,50.0,4.0
2017-11-29 15:00:00,109.181,27.2,16.1,1019.5,7.2,50.0,2.0
2017-11-29 16:00:00,110.2613,25.6,16.1,1019.5,6.2,60.0,2.0
2017-11-29 17:00:00,102.09970000000001,24.4,17.8,1019.6,6.7,60.0,2.0
2017-11-29 18:00:00,93.378,23.3,18.3,1020.0,6.2,30.0,2.0
2017-11-29 19:00:00,89.1772,22.2,17.8,1020.5,4.1,20.0,2.0
2017-11-29 20:00:00,94.21820000000001,21.1,17.8,1021.0,5.7,20.0,2.0
2017-11-29 21:00:00,94.3782,20.6,18.3,1021.5,4.1,360.0,4.0
2017-11-29 22:00:00,92.0977,20.0,18.9,1021.1,4.1,30.0,2.0
2017-11-29 23:00:00,97.3788,19.4,18.9,1021.1,4.1,30.0,2.0
2017-11-30 00:00:00,97.0187,18.9,18.9,1020.6,3.6,360.0,2.0
2017-11-30 01:00:00,94.3382,18.9,18.9,1020.3,3.1,360.0,6.0
2017-11-30 02:00:00,99.37910000000001,18.3,18.3,1019.9,2.6,350.0,2.0
2017-11-30 03:00:00,98.1789,18.3,18.3,1019.7,3.6,350.0,
2017-11-30 04:00:00,91.8977,18.9,18.9,1019.7,3.6,350.0,
2017-11-30 05:00:00,89.6973,18.9,18.9,1019.8,3.1,360.0,
2017-11-30 06:00:00,90.8575,18.3,18.3,,1.5,360.0,
2017-11-30 07:00:00,88.33709999999999,17.8,17.8,1020.4,3.6,360.0,6.0
2017-11-30 08:00:00,93.7781,18.3,18.3,,3.1,350.0,4.0
2017-11-30 09:00:00,106.1005,21.1,19.4,1021.0,4.1,10.0,0.0
2017-11-30 10:00:00,107.7808,23.9,18.9,1021.2,4.1,10.0,0.0
2017-11-30 11:00:00,103.82,25.0,17.8,1020.6,3.1,360.0,2.0
2017-11-30 12:00:00,100.77940000000001,26.7,16.7,1019.8,3.1,40.0,4.0
2017-11-30 13:00:00,107.42079999999999,27.2,16.1,1018.6,4.6,50.0,4.0
2017-11-30 14:00:00,105.2203,27.8,16.1,1017.7,6.2,20.0,4.0
2017-11-30 15:00:00,101.61959999999999,26.1,17.2,1017.5,4.6,40.0,4.0
2017-11-30 16:00:00,87.1368,24.4,16.1,1017.6,5.1,40.0,4.0
2017-11-30 17:00:00,87.6969,23.3,15.6,1017.9,4.6,50.0,2.0
2017-11-30 18:00:00,87.05680000000001,22.2,16.1,1018.4,5.1,30.0,0.0
2017-11-30 19:00:00,86.4967,20.6,15.6,1018.9,4.1,40.0,0.0
2017-11-30 20:00:00,89.0972,18.9,16.7,1019.2,3.6,10.0,0.0
2017-11-30 21:00:00,87.0168,18.9,16.7,1019.3,2.6,20.0,0.0
2017-11-30 22:00:00,87.777,18.3,17.2,1019.1,4.1,20.0,0.0
2017-11-30 23:00:00,90.0974,17.2,16.7,1019.2,3.1,350.0,0.0
2017-12-01 00:00:00,89.8974,16.7,16.7,1018.9,3.1,350.0,0.0
2017-12-01 01:00:00,89.85730000000001,16.7,16.7,1018.7,3.1,360.0,0.0
2017-12-01 02:00:00,87.0968,16.1,15.6,1018.4,0.0,0.0,0.0
2017-12-01 03:00:00,90.2174,16.1,15.6,1018.3,2.1,350.0,0.0
2017-12-01 04:00:00,91.2577,15.6,15.6,1018.4,2.1,340.0,0.0
2017-12-01 05:00:00,91.6977,15.6,15.0,1018.6,2.6,350.0,0.0
2017-12-01 06:00:00,87.29679999999999,15.0,15.0,1019.1,1.5,10.0,0.0
2017-12-01 07:00:00,66.5729,16.1,15.6,1019.6,0.0,0.0,2.0
2017-12-01 08:00:00,89.0172,17.8,16.1,1020.0,1.5,350.0,2.0
2017-12-01 09:00:00,103.74000000000001,20.6,17.2,1020.3,3.1,40.0,2.0
2017-12-01 10:00:00,106.1405,23.9,17.2,1020.7,2.6,20.0,2.0
2017-12-01 11:00:00,106.9006,24.4,17.2,1020.4,3.1,350.0,2.0
2017-12-01 12:00:00,99.5392,25.6,16.7,1019.8,3.6,30.0,2.0
2017-12-01 13:00:00,90.7775,26.7,15.6,1018.7,3.6,80.0,2.0
2017-12-01 14:00:00,88.9371,27.2,13.9,1018.3,3.6,40.0,2.0
2017-12-01 15:00:00,85.6565,26.7,13.3,1018.1,4.6,50.0,2.0
2017-12-01 16:00:00,86.2567,26.1,14.4,1018.3,4.6,60.0,2.0
2017-12-01 17:00:00,88.6571,24.4,13.9,1018.7,4.1,70.0,2.0
2017-12-01 18:00:00,87.3369,22.2,15.6,1019.1,3.6,80.0,2.0
2017-12-01 19:00:00,87.89699999999999,21.1,16.1,1019.7,3.6,90.0,0.0
2017-12-01 20:00:00,88.217,20.6,16.1,1020.3,3.1,80.0,0.0
2017-12-01 21:00:00,87.977,20.0,15.6,1020.7,2.6,70.0,0.0
2017-12-01 22:00:00,85.6165,18.3,15.0,1020.8,2.1,50.0,0.0
2017-12-01 23:00:00,88.17699999999999,17.8,15.0,1021.0,0.0,0.0,2.0
2017-12-02 00:00:00,89.9774,17.2,15.0,1020.6,0.0,0.0,2.0
2017-12-02 01:00:00,88.7371,17.2,15.6,1020.4,0.0,0.0,2.0
2017-12-02 02:00:00,85.7766,16.1,15.6,1020.3,0.0,0.0,2.0
2017-12-02 03:00:00,87.977,15.6,15.0,1020.0,0.0,0.0,4.0
2017-12-02 04:00:00,88.4171,16.7,16.7,1019.9,1.5,10.0,2.0
2017-12-02 05:00:00,87.3768,17.8,17.2,1020.2,0.0,0.0,
2017-12-02 06:00:00,86.33670000000001,17.8,17.8,1020.4,1.5,350.0,4.0
2017-12-02 07:00:00,85.1364,16.7,16.7,1020.7,0.0,0.0,2.0
2017-12-02 08:00:00,102.5398,18.3,18.3,1021.4,0.0,0.0,2.0
2017-12-02 09:00:00,111.0215,22.2,18.3,1021.8,1.5,350.0,2.0
2017-12-02 10:00:00,107.0206,22.8,18.3,1022.0,0.0,0.0,2.0
2017-12-02 11:00:00,122.5437,25.0,17.2,1021.5,2.1,,2.0
2017-12-02 12:00:00,95.01840000000001,26.7,15.6,1020.8,2.6,,2.0
2017-12-02 13:00:00,87.4169,27.2,13.9,1019.6,1.5,,4.0
2017-12-02 14:00:00,87.977,27.8,15.6,1019.1,0.0,0.0,4.0
2017-12-02 15:00:00,93.378,27.2,15.6,1018.8,3.1,110.0,
2017-12-02 16:00:00,100.13929999999999,26.7,15.0,1018.6,2.6,140.0,
2017-12-02 17:00:00,97.1387,25.0,16.7,1018.7,3.1,120.0,4.0
2017-12-02 18:00:00,90.2174,22.8,16.7,1019.1,2.6,90.0,4.0
2017-12-02 19:00:00,87.21690000000001,21.1,17.2,1019.7,2.6,110.0,2.0
2017-12-02 20:00:00,86.7367,20.6,17.8,1020.4,2.6,100.0,0.0
2017-12-02 21:00:00,87.45689999999999,20.0,17.8,1020.9,0.0,0.0,2.0
2017-12-02 22:00:00,85.2964,19.4,17.8,1021.1,0.0,0.0,2.0
2017-12-02 23:00:00,89.9374,18.3,17.2,1020.9,2.1,280.0,2.0
2017-12-03 00:00:00,89.8173,17.2,17.2,1020.7,0.0,0.0,0.0
2017-12-03 01:00:00,86.8167,16.7,16.1,1020.3,0.0,0.0,0.0
2017-12-03 02:00:00,89.5373,16.1,16.1,1019.9,0.0,0.0,0.0
2017-12-03 03:00:00,91.3776,15.0,15.0,1019.6,0.0,0.0,0.0
2017-12-03 04:00:00,91.4976,15.6,15.6,1019.7,0.0,0.0,2.0
2017-12-03 05:00:00,90.1374,16.7,16.7,1019.9,2.6,320.0,2.0
2017-12-03 06:00:00,89.8973,16.1,16.1,1020.0,1.5,340.0,0.0
2017-12-03 07:00:00,86.8168,15.6,15.6,1020.5,0.0,0.0,2.0
2017-12-03 08:00:00,89.2972,17.2,16.7,1020.9,0.0,0.0,2.0
2017-12-03 09:00:00,92.1377,20.6,16.7,1021.0,1.5,350.0,2.0
2017-12-03 10:00:00,97.2587,22.8,16.1,1021.2,1.5,320.0,4.0
2017-12-03 11:00:00,91.77770000000001,23.9,14.4,1020.9,1.5,300.0,4.0
2017-12-03 12:00:00,86.7367,24.4,13.9,1020.2,2.1,340.0,4.0
2017-12-03 13:00:00,90.1375,25.6,13.9,1019.3,0.0,0.0,6.0
2017-12-03 14:00:00,83.6961,26.1,13.9,1018.6,2.6,290.0,
2017-12-03 15:00:00,84.49640000000001,26.1,13.3,1018.2,1.5,300.0,
2017-12-03 16:00:00,88.137,25.0,13.9,1018.3,2.1,340.0,
2017-12-03 17:00:00,89.65729999999999,25.0,13.9,1018.6,2.1,310.0,
2017-12-03 18:00:00,92.5779,21.7,14.4,1018.7,2.1,30.0,
2017-12-03 19:00:00,88.137,21.1,17.8,1019.5,4.6,60.0,6.0
2017-12-03 20:00:00,90.7375,20.0,18.3,1020.0,4.6,40.0,
2017-12-03 21:00:00,90.7375,18.9,18.3,1020.4,5.7,30.0,
2017-12-03 22:00:00,90.5374,18.9,17.8,1021.0,4.1,20.0,
2017-12-03 23:00:00,86.0966,18.9,17.8,1021.1,5.1,20.0,
2017-12-04 00:00:00,87.0968,18.3,17.8,1020.9,4.1,30.0,
2017-12-04 01:00:00,89.4973,17.8,17.2,1020.5,3.6,350.0,4.0
2017-12-04 02:00:00,89.6173,17.2,17.2,1020.4,3.1,10.0,2.0
2017-12-04 03:00:00,87.65690000000001,16.7,16.7,1020.3,2.1,360.0,2.0
2017-12-04 04:00:00,90.29740000000001,16.7,16.7,1020.1,2.6,360.0,2.0
2017-12-04 05:00:00,90.2174,16.1,16.1,1020.2,2.6,360.0,0.0
2017-12-04 06:00:00,89.9774,16.1,16.1,1020.9,2.6,350.0,2.0
2017-12-04 07:00:00,88.93719999999999,16.1,16.1,1021.5,2.6,360.0,6.0
2017-12-04 08:00:00,86.8167,18.3,17.8,1022.3,2.6,360.0,
2017-12-04 09:00:00,98.339,19.4,17.8,1022.8,3.1,40.0,
2017-12-04 10:00:00,106.5806,21.7,17.8,1023.3,4.1,50.0,
2017-12-04 11:00:00,101.33959999999999,24.4,17.8,1022.8,5.1,60.0,
2017-12-04 12:00:00,100.93939999999999,25.0,17.2,1021.9,5.7,90.0,
2017-12-04 13:00:00,95.2184,24.4,16.7,1021.3,4.6,90.0,6.0
2017-12-04 14:00:00,92.6979,24.4,16.1,1021.0,4.6,90.0,
2017-12-04 15:00:00,92.8179,23.9,16.1,1021.0,4.6,100.0,
2017-12-04 16:00:00,93.1379,23.3,16.7,1021.3,4.1,90.0,
2017-12-04 17:00:00,89.41720000000001,22.8,16.7,1021.5,2.6,60.0,
2017-12-04 18:00:00,94.89840000000001,22.8,16.7,1021.7,4.1,60.0,
2017-12-04 19:00:00,95.1784,22.2,16.7,1022.1,4.6,60.0,6.0
2017-12-04 20:00:00,93.0579,21.1,16.7,1022.1,4.1,70.0,2.0
2017-12-04 21:00:00,90.45750000000001,20.0,16.7,1022.8,2.6,60.0,2.0
2017-12-04 22:00:00,92.61789999999999,18.9,17.2,1022.8,2.1,50.0,2.0
2017-12-04 23:00:00,92.81790000000001,18.9,17.2,1022.8,2.6,40.0,2.0
2017-12-05 00:00:00,90.2574,18.3,17.2,1022.3,1.5,50.0,2.0
2017-12-05 01:00:00,93.53810000000001,17.8,17.2,1022.0,0.0,0.0,2.0
2017-12-05 02:00:00,94.5782,16.7,16.7,1022.0,1.5,360.0,0.0
2017-12-05 03:00:00,95.01830000000001,16.1,16.1,1022.0,3.1,350.0,2.0
2017-12-05 04:00:00,93.418,16.1,16.1,1021.9,2.1,360.0,2.0
2017-12-05 05:00:00,92.978,16.1,16.1,1022.1,2.1,10.0,2.0
2017-12-05 06:00:00,93.9782,16.7,16.7,1022.3,1.5,70.0,2.0
2017-12-05 07:00:00,93.0979,17.2,17.2,1022.4,1.5,90.0,2.0
2017-12-05 08:00:00,98.579,18.3,18.3,1023.0,0.0,0.0,2.0
2017-12-05 09:00:00,101.2995,21.7,19.4,1023.6,0.0,0.0,4.0
2017-12-05 10:00:00,102.2197,23.9,20.0,1023.5,3.6,110.0,4.0
2017-12-05 11:00:00,113.702,26.1,18.9,1023.4,5.1,180.0,4.0
2017-12-05 12:00:00,115.10220000000001,26.7,17.2,1022.7,4.6,170.0,4.0
2017-12-05 13:00:00,105.8604,27.2,16.7,1021.5,4.6,190.0,4.0
2017-12-05 14:00:00,106.4605,27.2,16.7,1020.7,4.1,210.0,4.0
2017-12-05 15:00:00,110.3013,26.7,16.1,1020.2,3.6,180.0,4.0
2017-12-05 16:00:00,111.4616,26.7,15.6,1019.9,2.6,190.0,2.0
2017-12-05 17:00:00,108.86099999999999,26.1,15.6,1020.2,2.6,,2.0
2017-12-05 18:00:00,97.8989,23.9,16.1,1020.1,0.0,0.0,4.0
2017-12-05 19:00:00,98.8191,23.9,18.9,1020.6,4.6,110.0,6.0
2017-12-05 20:00:00,95.3785,22.2,18.9,1020.6,3.6,120.0,2.0
2017-12-05 21:00:00,93.6581,20.6,18.9,1021.1,2.1,130.0,2.0
2017-12-05 22:00:00,97.8589,20.6,18.9,1021.2,0.0,0.0,
2017-12-05 23:00:00,99.89930000000001,20.0,18.9,1020.9,2.1,150.0,4.0
2017-12-06 00:00:00,97.0187,18.9,18.9,1020.6,2.1,160.0,2.0
2017-12-06 01:00:00,98.2989,19.4,18.9,1020.6,2.1,140.0,6.0
2017-12-06 02:00:00,95.49849999999999,19.4,19.4,1020.3,0.0,0.0,
2017-12-06 03:00:00,89.7773,18.3,18.3,1020.0,0.0,0.0,2.0
2017-12-06 04:00:00,88.4971,17.8,17.8,1019.8,0.0,0.0,4.0
2017-12-06 05:00:00,90.3374,17.8,17.8,1019.5,0.0,0.0,2.0
2017-12-06 06:00:00,90.8575,17.2,17.2,1019.3,0.0,0.0,0.0
2017-12-06 07:00:00,89.3773,15.6,15.6,1019.5,0.0,0.0,2.0
2017-12-06 08:00:00,96.9787,17.2,17.2,1019.6,0.0,0.0,2.0
2017-12-06 09:00:00,119.423,21.1,20.6,1019.9,2.1,180.0,0.0
2017-12-06 10:00:00,122.06349999999998,23.9,20.0,1020.3,3.6,180.0,2.0
2017-12-06 11:00:00,105.8205,25.6,19.4,1019.7,4.6,170.0,2.0
2017-12-06 12:00:00,105.34030000000001,26.1,18.9,1019.1,3.6,220.0,2.0
2017-12-06 13:00:00,106.50059999999999,26.7,18.3,1017.9,3.6,220.0,4.0
2017-12-06 14:00:00,104.14009999999999,27.2,17.2,1017.1,3.6,210.0,4.0
2017-12-06 15:00:00,109.061,27.2,16.7,1016.7,4.1,190.0,4.0
2017-12-06 16:00:00,108.821,27.2,16.1,1016.7,4.1,200.0,4.0
2017-12-06 17:00:00,105.7004,26.1,16.7,1016.6,2.6,190.0,
2017-12-06 18:00:00,93.0979,25.0,16.7,1016.8,1.5,240.0,
2017-12-06 19:00:00,89.9374,22.8,17.2,1017.1,1.5,270.0,4.0
2017-12-06 20:00:00,91.9378,22.8,17.8,1017.5,2.6,270.0,4.0
2017-12-06 21:00:00,88.6571,21.7,17.2,1017.6,1.5,230.0,0.0
2017-12-06 22:00:00,85.09649999999999,20.0,17.2,1017.7,1.5,240.0,0.0
2017-12-06 23:00:00,89.0172,19.4,17.8,1017.7,2.1,330.0,2.0
2017-12-07 00:00:00,90.6175,19.4,17.8,1017.5,0.0,0.0,2.0
2017-12-07 01:00:00,87.6969,17.8,17.2,1017.2,0.0,0.0,4.0
2017-12-07 02:00:00,89.7373,17.8,17.2,1017.2,3.6,30.0,
2017-12-07 03:00:00,89.41720000000001,16.7,16.7,1017.1,2.6,90.0,
2017-12-07 04:00:00,87.3769,16.7,16.7,1016.9,1.5,70.0,9.0
2017-12-07 05:00:00,87.2969,16.7,16.7,1016.4,2.1,60.0,9.0
2017-12-07 06:00:00,89.0572,16.7,16.7,1016.4,2.6,70.0,
2017-12-07 07:00:00,87.2568,16.1,16.1,1016.9,2.1,70.0,9.0
2017-12-07 08:00:00,87.3769,16.7,16.7,1017.1,2.6,10.0,
2017-12-07 09:00:00,91.1776,17.8,17.8,1017.8,2.6,10.0,
2017-12-07 10:00:00,94.81830000000001,18.9,18.3,1018.0,3.1,60.0,
2017-12-07 11:00:00,92.0177,19.4,18.3,1017.8,2.6,80.0,
2017-12-07 12:00:00,94.0581,19.4,18.9,1016.9,2.6,50.0,
2017-12-07 13:00:00,90.0574,20.6,18.9,1015.9,3.1,360.0,8.0
2017-12-07 14:00:00,89.8574,21.1,18.3,1015.1,4.6,20.0,
2017-12-07 15:00:00,93.138,21.7,18.3,,4.1,40.0,
2017-12-07 16:00:00,91.49770000000001,21.7,18.3,1014.1,4.1,30.0,
2017-12-07 17:00:00,98.419,21.1,18.3,1014.0,3.6,40.0,
2017-12-07 18:00:00,99.1391,20.6,18.3,1014.2,4.1,40.0,
2017-12-07 19:00:00,99.81920000000001,20.0,18.3,1014.5,4.6,60.0,8.0
2017-12-07 20:00:00,102.57979999999999,20.0,18.9,1014.9,3.6,40.0,
2017-12-07 21:00:00,99.6592,20.0,18.3,1014.8,3.6,60.0,
2017-12-07 22:00:00,97.3788,20.0,18.9,1015.5,2.1,360.0,
2017-12-07 23:00:00,96.3786,19.4,18.9,1014.8,3.1,360.0,
2017-12-08 00:00:00,95.0584,19.4,18.9,1014.3,3.6,350.0,
2017-12-08 01:00:00,93.05799999999999,18.9,18.3,1013.9,4.1,360.0,8.0
2017-12-08 02:00:00,92.5779,17.8,17.8,,6.2,360.0,
2017-12-08 03:00:00,90.7775,17.2,17.2,1013.2,3.6,10.0,
2017-12-08 04:00:00,92.05780000000001,16.7,16.7,1013.3,4.1,20.0,
2017-12-08 05:00:00,78.5751,16.1,16.1,1013.1,2.6,10.0,
2017-12-08 06:00:00,66.2127,16.1,15.6,1012.3,3.1,110.0,
2017-12-08 07:00:00,91.45769999999999,16.7,16.1,1012.5,0.0,0.0,6.0
2017-12-08 08:00:00,91.3776,17.2,16.7,1012.6,0.0,0.0,
2017-12-08 09:00:00,92.57780000000001,17.8,17.2,1012.4,1.5,120.0,
2017-12-08 10:00:00,96.89869999999999,19.4,18.3,1012.4,0.0,0.0,
2017-12-08 11:00:00,115.3022,22.2,20.6,1012.2,3.1,,
2017-12-08 12:00:00,130.2652,25.0,21.1,1010.9,5.7,190.0,
2017-12-08 13:00:00,112.8218,26.7,20.6,1009.3,6.7,180.0,6.0
2017-12-08 14:00:00,107.70069999999998,28.9,19.4,1008.3,6.2,200.0,
2017-12-08 15:00:00,114.7421,27.8,18.9,1007.6,7.2,190.0,
2017-12-08 16:00:00,121.58349999999999,26.7,19.4,1007.4,4.6,190.0,
2017-12-08 17:00:00,127.1446,26.7,18.9,1007.5,6.7,190.0,
2017-12-08 18:00:00,113.2218,26.1,19.4,1007.8,5.7,200.0,
2017-12-08 19:00:00,115.7824,25.0,20.0,1008.3,4.1,180.0,6.0
2017-12-08 20:00:00,113.0218,25.0,20.6,1008.7,4.6,180.0,
2017-12-08 21:00:00,114.3821,24.4,20.6,1008.7,6.7,190.0,
2017-12-08 22:00:00,113.2218,23.9,21.7,1008.9,5.7,190.0,
2017-12-08 23:00:00,110.5014,23.3,21.7,1008.6,5.1,170.0,
2017-12-09 00:00:00,115.3423,23.3,21.7,1008.7,6.7,180.0,
2017-12-09 01:00:00,111.0614,22.8,22.8,1008.3,4.6,200.0,6.0
2017-12-09 02:00:00,112.98179999999999,22.8,22.8,1008.0,5.1,200.0,
2017-12-09 03:00:00,114.102,22.2,22.2,1008.0,5.1,210.0,
2017-12-09 04:00:00,90.0574,18.9,18.9,1008.3,3.1,290.0,
2017-12-09 05:00:00,88.5771,16.7,16.7,1009.5,6.2,290.0,
2017-12-09 06:00:00,80.6555,15.0,15.0,1009.4,6.7,290.0,
2017-12-09 07:00:00,57.5311,13.3,12.8,1011.2,7.7,300.0,8.0
2017-12-09 08:00:00,59.3315,11.7,11.7,1012.5,5.7,300.0,
2017-12-09 09:00:00,59.5315,11.1,11.1,1014.4,4.6,270.0,
2017-12-09 10:00:00,59.5315,11.1,10.6,1015.0,5.7,300.0,
2017-12-09 11:00:00,58.7714,11.7,11.1,1016.3,5.7,290.0,
2017-12-09 12:00:00,59.7316,15.0,11.0,,6.7,300.0,
2017-12-09 13:00:00,78.2151,15.0,10.0,,9.3,300.0,8.0
2017-12-09 14:00:00,57.171,13.3,9.4,1014.8,7.7,290.0,
2017-12-09 15:00:00,57.971199999999996,14.0,6.0,,7.7,300.0,
2017-12-09 16:00:00,59.3314,12.0,5.0,,8.8,310.0,
2017-12-09 17:00:00,58.9714,11.7,6.7,1016.8,6.2,280.0,4.0
2017-12-09 18:00:00,65.4126,10.6,6.7,1017.4,6.2,280.0,2.0
2017-12-09 19:00:00,69.5735,10.0,3.9,1018.4,6.7,290.0,2.0
2017-12-09 20:00:00,72.73400000000001,11.0,-1.0,,9.8,300.0,2.0
2017-12-09 21:00:00,76.5347,10.0,-2.0,,6.7,310.0,0.0
2017-12-09 22:00:00,80.2955,11.0,0.0,,6.7,310.0,0.0
2017-12-09 23:00:00,83.01599999999999,8.0,0.0,,7.2,330.0,2.0
2017-12-10 00:00:00,85.7765,8.0,2.0,,5.1,340.0,0.0
2017-12-10 01:00:00,88.21700000000001,7.0,1.0,,4.6,340.0,0.0
2017-12-10 02:00:00,90.3774,7.0,1.0,,5.1,340.0,0.0
2017-12-10 03:00:00,91.41770000000001,6.0,-2.0,,7.2,340.0,0.0
2017-12-10 04:00:00,92.3779,6.0,-3.0,,6.2,340.0,0.0
2017-12-10 05:00:00,93.9781,6.0,-3.0,,9.8,330.0,0.0
2017-12-10 06:00:00,94.5383,5.0,-4.0,,7.7,330.0,0.0
2017-12-10 07:00:00,94.0981,5.0,-6.0,,6.7,340.0,0.0
2017-12-10 08:00:00,86.2166,6.0,-6.0,,8.2,340.0,0.0
2017-12-10 09:00:00,76.0547,9.0,-5.0,,7.7,350.0,0.0
2017-12-10 10:00:00,67.8532,10.0,-6.0,,6.7,360.0,0.0
2017-12-10 11:00:00,62.7321,11.0,-6.0,,6.7,340.0,0.0
2017-12-10 12:00:00,63.2522,14.0,-9.0,,3.1,330.0,0.0
2017-12-10 13:00:00,65.45259999999999,14.0,-8.0,,5.1,320.0,0.0
2017-12-10 14:00:00,72.0139,15.0,-7.0,,5.7,320.0,0.0
2017-12-10 15:00:00,71.93390000000001,15.0,-7.0,,4.1,310.0,0.0
2017-12-10 16:00:00,66.33279999999999,16.0,-4.0,,4.6,300.0,0.0
2017-12-10 17:00:00,61.6519,13.0,-6.0,,5.1,300.0,0.0
2017-12-10 18:00:00,74.9344,13.0,-5.0,,4.6,310.0,0.0
2017-12-10 19:00:00,83.6161,15.0,-3.0,,1.5,340.0,0.0
2017-12-10 20:00:00,88.7371,16.0,-3.0,,1.5,320.0,0.0
2017-12-10 21:00:00,92.5778,6.0,0.0,,2.6,300.0,0.0
2017-12-10 22:00:00,93.538,7.0,1.0,,3.1,290.0,0.0
2017-12-10 23:00:00,95.0983,4.0,1.0,,2.1,280.0,0.0
2017-12-11 00:00:00,96.8587,4.0,3.0,,3.1,300.0,2.0
2017-12-11 01:00:00,98.01889999999999,4.0,4.0,,3.6,290.0,0.0
2017-12-11 02:00:00,98.61909999999999,5.0,3.0,,3.6,300.0,0.0
2017-12-11 03:00:00,99.6992,5.0,4.0,,0.0,0.0,0.0
2017-12-11 04:00:00,96.2586,4.0,4.0,,1.5,270.0,0.0
2017-12-11 05:00:00,96.6986,5.0,2.8,1025.5,3.6,320.0,0.0
2017-12-11 06:00:00,99.9393,6.0,2.0,,2.6,360.0,0.0
2017-12-11 07:00:00,101.2596,5.0,3.0,,2.1,350.0,0.0
2017-12-11 08:00:00,90.01740000000001,5.0,4.0,,1.5,340.0,2.0
2017-12-11 09:00:00,72.8541,14.0,-4.0,,3.1,360.0,2.0
2017-12-11 10:00:00,66.5729,15.0,-3.0,,5.1,360.0,2.0
2017-12-11 11:00:00,79.5354,15.0,-5.0,,4.6,340.0,0.0
2017-12-11 12:00:00,86.6968,17.0,-8.0,,5.1,320.0,0.0
2017-12-11 13:00:00,85.9366,19.0,-8.0,,2.6,340.0,0.0
2017-12-11 14:00:00,85.4965,18.0,-3.0,,1.5,290.0,0.0
2017-12-11 15:00:00,82.896,16.0,-3.0,,3.1,300.0,2.0
2017-12-11 16:00:00,82.1358,16.0,-2.0,,4.1,320.0,2.0
2017-12-11 17:00:00,71.41380000000001,15.0,-1.0,,2.6,270.0,0.0
2017-12-11 18:00:00,73.4142,12.0,-1.0,,3.1,270.0,0.0
2017-12-11 19:00:00,80.9756,11.0,-1.0,,2.6,310.0,0.0
2017-12-11 20:00:00,84.8564,10.0,0.0,,1.5,270.0,0.0
2017-12-11 21:00:00,86.6967,10.0,0.0,,4.1,270.0,0.0
2017-12-11 22:00:00,90.9376,10.0,0.0,,4.1,290.0,0.0
2017-12-11 23:00:00,91.2175,6.0,3.0,,4.6,270.0,0.0
2017-12-12 00:00:00,90.3775,6.7,2.8,1020.7,2.6,230.0,0.0
2017-12-12 01:00:00,91.13759999999999,4.0,4.0,,3.1,270.0,2.0
2017-12-12 02:00:00,92.2978,7.0,5.0,,4.1,230.0,2.0
2017-12-12 03:00:00,92.9779,6.0,5.0,,4.1,210.0,0.0
2017-12-12 04:00:00,92.49780000000001,6.0,6.0,,4.1,210.0,0.0
2017-12-12 05:00:00,87.49690000000001,6.1,6.1,1018.4,2.1,210.0,
2017-12-12 06:00:00,81.73580000000001,7.0,7.0,,3.6,220.0,0.0
2017-12-12 07:00:00,81.6558,8.0,6.0,,3.1,210.0,2.0
2017-12-12 08:00:00,69.7334,10.0,6.0,,4.1,220.0,2.0
2017-12-12 09:00:00,66.9729,12.0,8.0,,5.1,210.0,2.0
2017-12-12 10:00:00,93.298,16.0,10.0,,4.1,220.0,2.0
2017-12-12 11:00:00,92.8979,19.4,11.7,1016.7,7.2,250.0,2.0
2017-12-12 12:00:00,91.7377,21.1,11.1,1015.1,8.2,270.0,4.0
2017-12-12 13:00:00,91.9377,22.8,10.6,1013.7,10.3,280.0,6.0
2017-12-12 14:00:00,93.258,22.8,8.9,1012.9,8.8,250.0,4.0
2017-12-12 15:00:00,93.258,22.2,8.3,1012.2,7.7,270.0,4.0
2017-12-12 16:00:00,96.4186,21.1,7.8,1012.1,7.7,270.0,2.0
2017-12-12 17:00:00,93.618,20.6,8.9,1012.2,5.7,260.0,2.0
2017-12-12 18:00:00,92.65790000000001,19.4,9.4,1012.3,6.2,260.0,0.0
2017-12-12 19:00:00,91.5377,18.3,12.2,1013.2,8.8,280.0,6.0
2017-12-12 20:00:00,85.7766,16.1,7.8,1014.3,8.8,290.0,0.0
2017-12-12 21:00:00,80.4555,15.0,6.7,1015.0,7.2,300.0,0.0
2017-12-12 22:00:00,66.0927,13.9,4.4,1015.5,5.1,300.0,0.0
2017-12-12 23:00:00,64.41239999999999,12.8,4.4,1015.8,5.1,310.0,0.0
2017-12-13 00:00:00,67.6131,11.7,3.9,1016.2,5.7,310.0,0.0
2017-12-13 01:00:00,71.0137,11.1,2.8,1016.1,5.7,310.0,0.0
2017-12-13 02:00:00,76.1747,10.6,2.2,1016.2,4.6,310.0,0.0
2017-12-13 03:00:00,78.5752,9.4,2.8,1016.5,5.1,320.0,0.0
2017-12-13 04:00:00,81.89580000000001,9.4,2.2,1016.9,5.1,320.0,0.0
2017-12-13 05:00:00,84.2162,8.3,2.2,1017.2,4.6,320.0,0.0
2017-12-13 06:00:00,86.5767,8.3,1.7,1018.0,4.6,320.0,0.0
2017-12-13 07:00:00,87.45689999999999,7.8,1.1,1018.9,4.1,320.0,0.0
2017-12-13 08:00:00,78.9753,8.3,1.1,1019.6,5.1,330.0,0.0
2017-12-13 09:00:00,69.1733,10.0,1.1,1020.0,6.7,330.0,0.0
2017-12-13 10:00:00,65.1726,11.7,-0.6,1020.5,4.6,340.0,0.0
2017-12-13 11:00:00,75.6146,13.3,-2.2,1020.4,4.1,310.0,0.0
2017-12-13 12:00:00,79.97540000000001,14.4,-3.3,1019.5,1.5,,0.0
2017-12-13 13:00:00,85.3365,15.6,-4.4,1018.3,4.1,300.0,2.0
2017-12-13 14:00:00,84.4563,16.1,-2.8,1017.7,3.1,300.0,2.0
2017-12-13 15:00:00,84.6564,16.7,-3.3,1017.2,4.1,300.0,2.0
2017-12-13 16:00:00,87.4569,16.7,-5.0,1017.4,5.7,260.0,4.0
2017-12-13 17:00:00,73.8143,15.6,-4.4,1017.5,2.6,280.0,2.0
2017-12-13 18:00:00,70.8137,13.9,-3.3,1017.6,2.1,270.0,2.0
2017-12-13 19:00:00,80.2955,12.2,0.0,1018.3,2.6,250.0,0.0
2017-12-13 20:00:00,76.9748,11.7,-2.2,1018.4,3.6,260.0,0.0
2017-12-13 21:00:00,79.37530000000001,10.0,-1.7,1018.2,3.1,260.0,2.0
2017-12-13 22:00:00,77.25489999999999,8.9,-1.1,1018.5,4.1,260.0,
2017-12-13 23:00:00,86.1366,7.8,-1.1,1018.4,2.6,250.0,2.0
2017-12-14 00:00:00,89.6173,5.6,0.0,1017.9,1.5,230.0,4.0
2017-12-14 01:00:00,93.098,3.9,1.1,1017.4,2.1,220.0,2.0
2017-12-14 02:00:00,94.4983,4.4,1.7,1017.4,0.0,0.0,0.0
2017-12-14 03:00:00,95.8185,5.0,1.7,1017.2,0.0,0.0,2.0
2017-12-14 04:00:00,96.1785,5.6,2.2,1017.2,0.0,0.0,2.0
2017-12-14 05:00:00,94.85830000000001,6.1,3.9,1017.0,1.5,180.0,2.0
2017-12-14 06:00:00,94.73830000000001,5.6,4.4,1017.0,2.6,190.0,0.0
2017-12-14 07:00:00,90.8176,7.2,6.1,1017.6,2.1,200.0,2.0
2017-12-14 08:00:00,74.6944,8.3,7.8,1017.9,2.1,200.0,2.0
2017-12-14 09:00:00,73.9743,12.2,10.0,1017.9,3.1,200.0,2.0
2017-12-14 10:00:00,92.0978,16.1,11.1,1018.5,3.6,200.0,2.0
2017-12-14 11:00:00,92.4579,18.3,11.7,1018.1,5.1,200.0,2.0
2017-12-14 12:00:00,92.4578,21.1,12.2,1017.1,4.6,200.0,2.0
2017-12-14 13:00:00,89.2172,22.2,11.1,1016.2,6.2,240.0,4.0
2017-12-14 14:00:00,89.8974,21.7,11.1,1016.0,3.6,230.0,
2017-12-14 15:00:00,91.5777,22.8,11.1,1015.5,4.6,240.0,4.0
2017-12-14 16:00:00,93.018,22.2,11.1,1016.0,2.6,240.0,
2017-12-14 17:00:00,88.6971,21.1,10.6,1015.9,3.1,250.0,
2017-12-14 18:00:00,86.61670000000001,19.4,11.7,1016.8,2.1,290.0,
2017-12-14 19:00:00,84.8563,16.7,11.7,1017.3,1.5,240.0,6.0
2017-12-14 20:00:00,73.5341,17.2,11.7,1017.8,2.6,220.0,4.0
2017-12-14 21:00:00,60.3717,13.9,11.1,1018.3,1.5,200.0,2.0
2017-12-14 22:00:00,61.5319,15.0,12.2,1018.4,2.6,190.0,
2017-12-14 23:00:00,78.8552,15.6,12.2,1018.2,2.6,170.0,
2017-12-15 00:00:00,80.1754,15.0,12.8,1018.3,1.5,130.0,
2017-12-15 01:00:00,80.13550000000001,13.9,12.8,1018.1,2.6,170.0,6.0
2017-12-15 02:00:00,80.4955,13.9,13.3,1017.9,2.1,170.0,
2017-12-15 03:00:00,81.2157,14.4,13.3,1017.7,2.6,170.0,
2017-12-15 04:00:00,82.816,14.4,13.3,1017.8,1.5,180.0,
2017-12-15 05:00:00,83.7361,14.4,13.3,1017.4,3.1,170.0,
2017-12-15 06:00:00,83.3361,15.0,12.8,1018.0,3.1,200.0,
2017-12-15 07:00:00,83.016,15.0,12.8,1018.4,3.6,180.0,6.0
2017-12-15 08:00:00,80.4956,15.0,12.2,1018.5,2.6,180.0,
2017-12-15 09:00:00,91.13759999999999,17.2,11.7,1019.1,4.6,200.0,
2017-12-15 10:00:00,91.49770000000001,20.0,11.1,1019.1,6.2,180.0,
2017-12-15 11:00:00,90.3775,21.7,11.7,1019.1,5.7,190.0,
2017-12-15 12:00:00,89.49719999999999,22.8,12.2,1018.5,5.1,210.0,
2017-12-15 13:00:00,90.8175,23.3,14.4,1017.7,5.7,230.0,6.0
2017-12-15 14:00:00,90.8175,24.4,13.9,1017.1,7.2,220.0,
2017-12-15 15:00:00,90.0574,24.4,14.4,1017.2,6.7,240.0,
2017-12-15 16:00:00,93.138,23.9,12.8,1017.2,6.2,260.0,
2017-12-15 17:00:00,91.69770000000001,22.8,12.2,1017.9,3.1,280.0,
2017-12-15 18:00:00,89.7774,21.1,10.0,1018.8,3.6,290.0,
2017-12-15 19:00:00,90.0574,20.0,10.0,1019.7,3.1,300.0,6.0
2017-12-15 20:00:00,79.7354,18.3,10.6,1020.2,2.6,320.0,2.0
2017-12-15 21:00:00,63.132099999999994,16.7,10.6,1020.8,2.6,310.0,0.0
2017-12-15 22:00:00,62.172,16.1,11.1,1021.3,2.1,290.0,0.0
2017-12-15 23:00:00,63.7724,15.0,11.7,1021.4,0.0,0.0,2.0
2017-12-16 00:00:00,64.0923,12.8,11.1,1021.6,1.5,190.0,0.0
2017-12-16 01:00:00,64.8125,13.3,11.7,1021.6,0.0,0.0,0.0
2017-12-16 02:00:00,64.0924,12.8,11.7,1021.4,1.5,190.0,0.0
2017-12-16 03:00:00,62.172,12.8,11.7,1021.2,1.5,210.0,0.0
2017-12-16 04:00:00,63.6923,12.8,11.7,1021.4,0.0,0.0,0.0
2017-12-16 05:00:00,64.0524,12.8,12.8,1021.8,3.1,350.0,
2017-12-16 06:00:00,64.4125,13.3,11.1,1022.3,3.1,10.0,
2017-12-16 07:00:00,64.6525,12.8,8.3,1023.0,3.1,20.0,6.0
2017-12-16 08:00:00,65.0125,13.3,8.9,1023.9,3.6,350.0,2.0
2017-12-16 09:00:00,80.8956,15.6,8.3,1024.1,4.1,30.0,2.0
2017-12-16 10:00:00,90.0974,17.8,7.8,1024.5,4.1,30.0,4.0
2017-12-16 11:00:00,90.8575,20.0,8.3,1024.7,3.6,30.0,4.0
2017-12-16 12:00:00,88.057,21.1,10.0,1024.2,2.6,,4.0
2017-12-16 13:00:00,85.97659999999999,22.2,10.6,1023.2,2.6,40.0,4.0
2017-12-16 14:00:00,87.1368,23.3,11.7,1022.7,2.6,50.0,4.0
2017-12-16 15:00:00,89.1772,21.7,12.2,1022.4,3.6,360.0,
2017-12-16 16:00:00,90.0974,22.2,12.8,1022.4,3.6,60.0,
2017-12-16 17:00:00,87.4568,21.1,12.8,1022.6,4.1,40.0,4.0
2017-12-16 18:00:00,86.9368,18.9,13.3,1023.3,3.6,60.0,2.0
2017-12-16 19:00:00,84.97640000000001,17.2,13.3,1024.0,3.6,70.0,2.0
2017-12-16 20:00:00,71.4538,16.7,12.8,1024.4,3.1,40.0,2.0
2017-12-16 21:00:00,61.1318,15.6,12.2,1024.9,3.6,30.0,2.0
2017-12-16 22:00:00,63.5323,14.4,11.7,1025.3,2.6,10.0,2.0
2017-12-16 23:00:00,62.7322,13.9,11.7,1025.1,2.6,20.0,2.0
2017-12-17 00:00:00,63.7323,12.8,11.7,1024.9,2.1,360.0,4.0
2017-12-17 01:00:00,64.77250000000001,12.2,11.7,1024.7,2.6,10.0,4.0
2017-12-17 02:00:00,64.8926,12.8,11.7,1024.5,1.5,360.0,2.0
2017-12-17 03:00:00,63.972300000000004,12.8,11.7,1024.7,2.6,350.0,4.0
2017-12-17 04:00:00,66.7328,12.2,11.7,1024.2,1.5,360.0,4.0
2017-12-17 05:00:00,68.29310000000001,12.8,12.2,1023.6,2.1,20.0,2.0
2017-12-17 06:00:00,68.1731,12.2,11.7,1023.8,1.5,10.0,4.0
2017-12-17 07:00:00,67.9331,12.8,12.2,1023.9,1.5,30.0,2.0
2017-12-17 08:00:00,67.4931,13.9,13.3,1024.2,2.6,10.0,4.0
2017-12-17 09:00:00,90.3374,17.2,15.0,1025.3,2.6,350.0,4.0
2017-12-17 10:00:00,96.73870000000001,20.6,16.1,1025.1,2.1,100.0,4.0
2017-12-17 11:00:00,100.0993,23.3,16.7,1024.9,2.6,90.0,4.0
2017-12-17 12:00:00,93.53800000000001,23.9,16.7,1024.6,2.6,100.0,
2017-12-17 13:00:00,94.6183,23.9,17.2,1023.2,2.6,120.0,6.0
2017-12-17 14:00:00,103.2599,26.1,16.1,1022.3,5.1,160.0,
2017-12-17 15:00:00,104.7002,26.1,15.6,1022.0,4.1,140.0,
2017-12-17 16:00:00,98.9391,25.0,15.6,1022.2,2.1,150.0,
2017-12-17 17:00:00,95.93849999999999,24.4,16.1,1022.2,2.1,190.0,
2017-12-17 18:00:00,87.73689999999999,22.8,15.6,1022.5,0.0,0.0,
2017-12-17 19:00:00,86.1366,21.1,16.7,1023.3,2.6,,4.0
2017-12-17 20:00:00,87.4169,20.0,17.2,1023.6,1.5,100.0,4.0
2017-12-17 21:00:00,90.09740000000001,17.8,16.7,1023.7,2.1,140.0,2.0
2017-12-17 22:00:00,91.0975,17.8,17.2,1023.7,2.6,150.0,2.0
2017-12-17 23:00:00,89.1372,17.2,16.7,1023.7,2.6,160.0,2.0
2017-12-18 00:00:00,91.89779999999999,17.2,16.7,1023.8,0.0,0.0,
2017-12-18 01:00:00,91.9778,17.2,17.2,1023.5,0.0,0.0,4.0
2017-12-18 02:00:00,90.9375,16.7,16.7,1023.3,0.0,0.0,2.0
2017-12-18 03:00:00,88.457,16.7,16.7,1023.3,0.0,0.0,4.0
2017-12-18 04:00:00,91.0176,15.6,15.6,1022.9,0.0,0.0,0.0
2017-12-18 05:00:00,92.4179,16.1,16.1,1022.5,0.0,0.0,0.0
2017-12-18 06:00:00,92.89789999999999,15.0,15.0,1022.5,2.6,180.0,
2017-12-18 07:00:00,92.65790000000001,17.8,17.8,1023.1,2.1,190.0,9.0
2017-12-18 08:00:00,99.2992,17.8,17.8,1023.9,1.5,200.0,9.0
2017-12-18 09:00:00,106.2605,18.9,18.9,1024.2,1.5,200.0,9.0
2017-12-18 10:00:00,113.5019,20.0,20.0,1024.9,2.6,180.0,
2017-12-18 11:00:00,112.3416,23.3,20.0,1024.7,2.6,180.0,4.0
2017-12-18 12:00:00,110.9814,25.0,19.4,1024.1,0.0,0.0,
2017-12-18 13:00:00,109.94120000000001,27.2,18.3,1023.1,2.1,300.0,6.0
2017-12-18 14:00:00,106.66059999999999,27.2,17.8,1022.2,2.6,220.0,
2017-12-18 15:00:00,109.9012,28.3,17.8,1021.9,1.5,320.0,
2017-12-18 16:00:00,110.3413,27.8,17.8,1022.1,2.6,350.0,
2017-12-18 17:00:00,100.8995,27.2,16.1,1022.4,2.1,320.0,
2017-12-18 18:00:00,96.17850000000001,25.0,17.2,1022.9,2.6,360.0,
2017-12-18 19:00:00,88.217,24.4,17.8,1023.5,1.5,10.0,6.0
2017-12-18 20:00:00,98.97909999999999,23.9,17.8,1023.8,0.0,0.0,
2017-12-18 21:00:00,95.6585,22.2,18.9,1024.3,1.5,140.0,2.0
2017-12-18 22:00:00,92.1377,21.7,18.3,1024.5,1.5,250.0,0.0
2017-12-18 23:00:00,89.1372,19.4,18.3,1024.6,1.5,190.0,0.0
2017-12-19 00:00:00,95.01830000000001,20.0,18.3,1024.3,2.1,190.0,0.0
2017-12-19 01:00:00,89.85730000000001,18.9,18.9,1023.9,2.1,200.0,0.0
2017-12-19 02:00:00,86.5767,19.4,19.4,1023.6,2.1,240.0,0.0
2017-12-19 03:00:00,87.3369,18.9,18.9,1023.5,0.0,0.0,0.0
2017-12-19 04:00:00,88.137,17.8,17.8,1023.7,1.5,340.0,
2017-12-19 05:00:00,88.3771,17.8,17.8,1023.4,0.0,0.0,
2017-12-19 06:00:00,86.77680000000001,17.8,17.8,1023.8,2.1,340.0,4.0
2017-12-19 07:00:00,87.0968,17.8,17.8,1024.1,0.0,0.0,4.0
2017-12-19 08:00:00,101.3395,16.7,16.7,1024.4,0.0,0.0,4.0
2017-12-19 09:00:00,105.2604,20.0,20.0,1024.7,0.0,0.0,4.0
2017-12-19 10:00:00,97.81889999999999,23.9,19.4,1024.9,2.1,330.0,
2017-12-19 11:00:00,108.5809,25.6,19.4,1024.5,1.5,,4.0
2017-12-19 12:00:00,107.2206,26.7,18.9,1023.6,2.1,,4.0
2017-12-19 13:00:00,105.90039999999999,26.7,18.3,1022.2,0.0,0.0,4.0
2017-12-19 14:00:00,105.5404,28.3,18.9,1021.3,2.6,240.0,
2017-12-19 15:00:00,104.4202,28.9,18.3,1020.8,1.5,270.0,
2017-12-19 16:00:00,103.2199,28.3,17.8,1020.6,1.5,,
2017-12-19 17:00:00,107.7808,26.1,18.9,1020.6,2.6,180.0,
2017-12-19 18:00:00,96.9387,24.4,18.3,1020.6,1.5,150.0,
2017-12-19 19:00:00,91.33760000000001,23.3,17.8,1021.3,0.0,0.0,4.0
2017-12-19 20:00:00,94.2182,20.0,17.8,1021.7,0.0,0.0,4.0
2017-12-19 21:00:00,96.8587,20.0,17.8,1021.7,0.0,0.0,2.0
2017-12-19 22:00:00,96.65870000000001,19.4,18.3,1021.9,2.6,110.0,2.0
2017-12-19 23:00:00,94.6982,20.0,18.3,1021.8,0.0,0.0,4.0
2017-12-20 00:00:00,90.7775,19.4,18.3,1021.4,0.0,0.0,4.0
2017-12-20 01:00:00,90.0174,18.3,18.3,1020.8,0.0,0.0,6.0
2017-12-20 02:00:00,89.1372,18.3,18.3,1020.4,0.0,0.0,4.0
2017-12-20 03:00:00,88.6572,17.2,17.2,,0.0,0.0,2.0
2017-12-20 04:00:00,88.137,17.2,17.2,1019.8,0.0,0.0,2.0
2017-12-20 05:00:00,89.57730000000001,17.2,17.2,1019.3,0.0,0.0,4.0
2017-12-20 06:00:00,90.7375,16.7,16.7,1019.4,0.0,0.0,2.0
2017-12-20 07:00:00,91.2576,16.1,16.1,1019.6,2.6,180.0,4.0
2017-12-20 08:00:00,97.0587,17.8,17.8,1020.0,3.1,190.0,4.0
2017-12-20 09:00:00,104.46010000000001,20.6,19.4,1020.7,3.6,210.0,4.0
2017-12-20 10:00:00,107.70070000000001,22.8,18.9,1021.0,4.1,190.0,4.0
2017-12-20 11:00:00,124.22399999999999,25.0,18.3,1020.7,5.1,230.0,4.0
2017-12-20 12:00:00,108.58100000000002,25.6,17.2,1019.5,4.1,210.0,4.0
2017-12-20 13:00:00,101.65960000000001,25.6,16.1,1018.6,7.2,240.0,6.0
2017-12-20 14:00:00,102.3398,26.1,16.7,1017.5,6.2,220.0,
2017-12-20 15:00:00,109.58109999999999,26.7,16.7,1016.3,6.2,230.0,
2017-12-20 16:00:00,98.6991,26.7,16.7,1015.9,7.2,220.0,
2017-12-20 17:00:00,94.9383,25.0,17.2,1015.9,6.7,230.0,
2017-12-20 18:00:00,91.5377,23.3,17.2,1016.2,4.1,240.0,
2017-12-20 19:00:00,92.4179,22.2,16.7,1016.7,3.1,230.0,2.0
2017-12-20 20:00:00,93.9781,20.6,16.1,1017.0,2.6,220.0,
2017-12-20 21:00:00,91.5777,19.4,16.1,1017.1,2.1,210.0,2.0
2017-12-20 22:00:00,94.25819999999999,19.4,17.2,1017.0,3.6,220.0,2.0
2017-12-20 23:00:00,90.8975,19.4,18.3,1017.2,3.1,240.0,0.0
2017-12-21 00:00:00,91.9778,18.9,18.3,1016.9,3.1,230.0,2.0
2017-12-21 01:00:00,100.2194,19.4,18.9,1016.6,3.6,230.0,6.0
2017-12-21 02:00:00,103.70000000000002,19.4,19.4,1016.4,4.1,230.0,2.0
2017-12-21 03:00:00,105.7404,20.0,20.0,1016.3,3.6,240.0,
2017-12-21 04:00:00,104.2201,20.0,20.0,1015.9,3.1,220.0,
2017-12-21 05:00:00,105.2603,20.6,20.6,1016.1,3.6,240.0,
2017-12-21 06:00:00,106.06049999999999,20.0,20.0,1016.5,3.1,220.0,
2017-12-21 07:00:00,106.9006,20.0,20.0,1017.1,2.6,230.0,6.0
2017-12-21 08:00:00,109.5412,20.6,20.6,1017.7,2.1,220.0,
2017-12-21 09:00:00,116.38239999999999,21.1,21.1,1018.2,3.1,220.0,
2017-12-21 10:00:00,114.02199999999999,22.8,21.1,1019.0,3.1,250.0,
2017-12-21 11:00:00,112.5017,24.4,21.1,1019.1,4.1,250.0,
2017-12-21 12:00:00,111.3815,25.6,20.6,1018.3,4.6,240.0,
2017-12-21 13:00:00,111.3015,26.1,20.0,1017.4,3.1,320.0,4.0
2017-12-21 14:00:00,108.981,27.8,19.4,1016.9,3.6,320.0,
2017-12-21 15:00:00,108.541,28.3,19.4,1016.7,2.6,320.0,4.0
2017-12-21 16:00:00,105.66040000000001,27.8,18.3,1017.0,4.6,320.0,2.0
2017-12-21 17:00:00,98.8991,26.7,17.8,1017.7,3.6,340.0,2.0
2017-12-21 18:00:00,89.4572,24.4,17.2,1018.4,2.6,330.0,
2017-12-21 19:00:00,88.8571,21.1,18.3,1019.6,4.1,60.0,6.0
2017-12-21 20:00:00,85.5765,20.6,18.3,1020.0,3.1,60.0,4.0
2017-12-21 21:00:00,86.8967,20.0,18.3,1020.2,2.6,50.0,2.0
2017-12-21 22:00:00,86.6567,18.9,17.8,1020.3,2.6,30.0,0.0
2017-12-21 23:00:00,87.3769,17.8,17.2,1020.3,0.0,0.0,0.0
2017-12-22 00:00:00,88.497,17.2,17.2,1020.3,2.6,350.0,0.0
2017-12-22 01:00:00,88.3371,16.7,16.7,1020.0,2.1,350.0,0.0
2017-12-22 02:00:00,89.4972,16.1,16.1,1019.9,2.6,360.0,
2017-12-22 03:00:00,87.49680000000001,16.7,16.7,1020.2,2.1,360.0,9.0
2017-12-22 04:00:00,87.857,16.7,16.7,1020.0,2.1,10.0,9.0
2017-12-22 05:00:00,87.6169,16.7,16.7,1020.2,2.1,360.0,9.0
2017-12-22 06:00:00,87.73689999999999,16.7,16.7,1021.0,4.1,360.0,9.0
2017-12-22 07:00:00,86.3366,16.7,16.7,1021.9,3.1,360.0,9.0
2017-12-22 08:00:00,87.1368,16.7,16.7,1022.5,2.6,10.0,9.0
2017-12-22 09:00:00,87.697,17.2,17.2,,3.6,40.0,9.0
2017-12-22 10:00:00,102.33980000000001,17.2,17.2,1024.0,3.6,30.0,
2017-12-22 11:00:00,96.3786,18.3,18.3,1023.9,3.1,70.0,
2017-12-22 12:00:00,100.4194,20.0,18.3,1023.3,2.1,80.0,
2017-12-22 13:00:00,98.97909999999999,21.1,18.9,1022.2,1.5,130.0,6.0
2017-12-22 14:00:00,89.41720000000001,23.3,18.3,1021.3,2.1,,2.0
2017-12-22 15:00:00,91.0976,25.0,15.0,1020.7,1.5,180.0,2.0
2017-12-22 16:00:00,93.378,25.6,15.6,1020.7,0.0,0.0,2.0
2017-12-22 17:00:00,101.3796,25.0,15.6,1021.0,2.6,310.0,2.0
2017-12-22 18:00:00,87.65690000000001,22.8,18.3,1021.5,4.1,70.0,
2017-12-22 19:00:00,87.4168,21.7,18.9,1022.3,4.1,60.0,6.0
2017-12-22 20:00:00,87.05680000000001,20.0,18.3,1022.6,3.1,50.0,2.0
2017-12-22 21:00:00,87.73689999999999,19.4,18.3,1022.9,2.6,50.0,2.0
2017-12-22 22:00:00,87.0168,18.3,17.8,1023.1,2.6,60.0,2.0
2017-12-22 23:00:00,87.1769,17.8,17.8,1023.0,2.1,70.0,2.0
2017-12-23 00:00:00,88.09700000000001,17.2,17.2,1022.7,1.5,80.0,2.0
2017-12-23 01:00:00,87.737,17.2,17.2,1022.3,1.5,70.0,2.0
2017-12-23 02:00:00,88.6171,16.7,16.7,1022.3,1.5,90.0,2.0
2017-12-23 03:00:00,88.97710000000001,16.1,16.1,1022.1,1.5,90.0,2.0
2017-12-23 04:00:00,72.574,15.6,15.6,1021.9,0.0,0.0,2.0
2017-12-23 05:00:00,64.7725,16.1,16.1,1021.8,0.0,0.0,2.0
2017-12-23 06:00:00,60.1316,15.0,15.0,1022.0,0.0,0.0,2.0
2017-12-23 07:00:00,75.85470000000001,14.4,14.4,1022.3,0.0,0.0,4.0
2017-12-23 08:00:00,85.0564,13.9,13.9,1022.1,1.5,160.0,4.0
2017-12-23 09:00:00,97.69890000000001,18.9,18.9,1022.6,1.5,140.0,2.0
2017-12-23 10:00:00,121.1834,22.2,20.6,1023.1,4.1,160.0,4.0
2017-12-23 11:00:00,123.02369999999999,23.9,19.4,1023.3,3.6,190.0,4.0
2017-12-23 12:00:00,126.3044,25.6,18.9,1022.6,4.6,250.0,
2017-12-23 13:00:00,108.3809,25.0,18.3,1021.8,4.6,240.0,6.0
2017-12-23 14:00:00,103.94,26.7,17.2,1020.8,5.1,220.0,
2017-12-23 15:00:00,98.1389,25.6,17.8,1020.5,4.6,260.0,
2017-12-23 16:00:00,102.5798,26.1,17.2,1020.0,4.1,250.0,
2017-12-23 17:00:00,96.5386,24.4,17.2,1020.2,2.1,270.0,
2017-12-23 18:00:00,86.8168,22.8,17.2,1020.3,0.0,0.0,
2017-12-23 19:00:00,85.09649999999999,18.9,17.2,1020.3,2.1,160.0,2.0
2017-12-23 20:00:00,87.6969,17.2,16.1,1020.3,2.6,170.0,2.0
2017-12-23 21:00:00,86.9768,18.3,16.7,1020.5,0.0,0.0,2.0
2017-12-23 22:00:00,86.2567,17.2,16.7,1020.9,2.1,120.0,2.0
2017-12-23 23:00:00,86.0166,17.8,17.2,1021.1,0.0,0.0,
2017-12-24 00:00:00,87.81700000000001,16.1,16.1,1020.7,1.5,140.0,4.0
2017-12-24 01:00:00,87.05680000000001,17.2,17.2,1020.5,1.5,210.0,6.0
2017-12-24 02:00:00,86.5767,16.7,16.7,1020.5,0.0,0.0,
2017-12-24 03:00:00,87.2168,16.7,16.7,1020.7,3.1,180.0,
2017-12-24 04:00:00,87.897,17.2,17.2,1020.7,3.6,220.0,
2017-12-24 05:00:00,88.8171,16.1,16.1,1021.0,1.5,290.0,
2017-12-24 06:00:00,86.5367,16.1,16.1,1021.0,2.6,250.0,
2017-12-24 07:00:00,71.41380000000001,15.6,15.6,1021.4,2.6,250.0,6.0
2017-12-24 08:00:00,92.1378,16.7,16.7,1022.1,3.1,240.0,
2017-12-24 09:00:00,91.8978,18.3,18.3,1022.4,2.6,230.0,
2017-12-24 10:00:00,107.70080000000002,21.1,18.9,1022.7,4.6,210.0,
2017-12-24 11:00:00,102.1797,23.3,18.9,1022.1,5.1,170.0,
2017-12-24 12:00:00,99.1391,25.0,17.2,1021.0,5.7,190.0,
2017-12-24 13:00:00,102.7799,26.1,17.8,1020.0,4.6,190.0,6.0
2017-12-24 14:00:00,100.0993,25.6,16.7,1019.2,3.6,240.0,
2017-12-24 15:00:00,94.4983,26.7,16.1,1018.6,4.6,200.0,
2017-12-24 16:00:00,96.05860000000001,25.6,15.6,1018.8,4.1,210.0,
2017-12-24 17:00:00,98.25899999999999,25.0,16.1,1019.1,3.6,230.0,
2017-12-24 18:00:00,100.6194,23.3,16.1,1019.4,1.5,220.0,
2017-12-24 19:00:00,85.09639999999999,22.2,16.1,1019.8,2.1,230.0,6.0
2017-12-24 20:00:00,89.73740000000001,22.2,16.7,1020.4,2.1,260.0,4.0
2017-12-24 21:00:00,88.8172,21.1,16.7,1020.7,2.1,270.0,4.0
2017-12-24 22:00:00,87.65690000000001,20.6,16.7,1020.8,3.1,260.0,2.0
2017-12-24 23:00:00,85.7765,19.4,17.2,1020.9,2.1,260.0,2.0
2017-12-25 00:00:00,88.8972,18.9,17.2,1020.6,2.6,260.0,4.0
2017-12-25 01:00:00,92.0178,18.9,18.3,1020.6,2.6,240.0,4.0
2017-12-25 02:00:00,95.7384,18.9,18.9,1020.4,2.6,220.0,
2017-12-25 03:00:00,95.33840000000001,18.9,18.9,1020.2,2.1,240.0,
2017-12-25 04:00:00,93.8182,19.4,19.4,1020.0,2.6,280.0,
2017-12-25 05:00:00,91.3377,19.4,18.9,1020.2,4.1,290.0,
2017-12-25 06:00:00,87.897,18.3,16.1,1021.2,4.6,310.0,
2017-12-25 07:00:00,84.85640000000001,16.7,14.4,1022.3,3.6,330.0,6.0
2017-12-25 08:00:00,82.1759,15.6,12.8,1023.2,4.1,330.0,
2017-12-25 09:00:00,83.7362,16.1,11.1,1024.5,6.7,340.0,4.0
2017-12-25 10:00:00,83.8962,17.2,10.6,1024.6,3.6,340.0,2.0
2017-12-25 11:00:00,84.9364,18.9,9.4,1024.4,2.6,10.0,2.0
2017-12-25 12:00:00,85.3764,20.6,8.9,1023.9,4.6,20.0,2.0
2017-12-25 13:00:00,84.7764,21.1,7.8,1022.7,4.1,30.0,4.0
2017-12-25 14:00:00,83.5762,21.7,7.8,1022.1,2.1,,4.0
2017-12-25 15:00:00,82.3759,21.7,7.8,1021.9,2.6,340.0,2.0
2017-12-25 16:00:00,82.2159,21.7,7.8,1022.0,4.1,360.0,0.0
2017-12-25 17:00:00,76.41470000000001,20.6,10.0,1022.5,4.6,60.0,2.0
2017-12-25 18:00:00,69.1333,16.7,10.0,1023.4,5.7,50.0,2.0
2017-12-25 19:00:00,59.1714,14.4,8.9,1025.0,5.1,60.0,0.0
2017-12-25 20:00:00,60.2116,13.3,8.3,1025.7,5.1,30.0,0.0
2017-12-25 21:00:00,61.812,13.3,7.2,1025.9,5.1,30.0,0.0
2017-12-25 22:00:00,62.532,12.2,7.8,1026.3,4.1,360.0,2.0
2017-12-25 23:00:00,65.2526,12.2,8.3,1026.1,4.6,20.0,0.0
2017-12-26 00:00:00,67.493,11.1,7.8,1025.5,3.6,10.0,0.0
2017-12-26 01:00:00,69.0933,11.1,8.3,1025.1,3.6,360.0,0.0
2017-12-26 02:00:00,66.9729,10.6,8.3,1024.7,3.1,10.0,0.0
2017-12-26 03:00:00,67.8531,10.6,8.9,1024.8,3.1,350.0,0.0
2017-12-26 04:00:00,69.6534,10.6,8.9,1024.7,3.1,350.0,0.0
2017-12-26 05:00:00,70.0935,11.1,9.4,1024.7,3.1,360.0,2.0
2017-12-26 06:00:00,70.8137,11.1,9.4,1024.9,2.6,350.0,
2017-12-26 07:00:00,72.534,11.1,9.4,1025.0,2.1,360.0,4.0
2017-12-26 08:00:00,63.5723,11.7,10.0,1025.3,2.6,350.0,2.0
2017-12-26 09:00:00,72.0539,15.6,11.1,1025.8,2.1,10.0,2.0
2017-12-26 10:00:00,79.4154,19.4,12.2,1026.4,3.1,40.0,2.0
2017-12-26 11:00:00,87.977,21.7,13.9,1026.1,5.1,80.0,2.0
2017-12-26 12:00:00,87.977,22.8,14.4,1025.4,4.6,90.0,
2017-12-26 13:00:00,87.0968,23.3,15.0,1024.6,2.6,90.0,6.0
2017-12-26 14:00:00,86.33670000000001,23.9,15.0,1024.0,3.1,50.0,
2017-12-26 15:00:00,85.2565,23.3,14.4,1023.8,2.1,,
2017-12-26 16:00:00,88.6171,22.8,14.4,1024.0,4.1,70.0,
2017-12-26 17:00:00,88.77720000000001,22.2,15.0,1024.5,3.6,80.0,
2017-12-26 18:00:00,90.1774,20.6,15.0,1025.0,3.6,70.0,
2017-12-26 19:00:00,87.89699999999999,19.4,15.0,1024.9,4.1,90.0,0.0
2017-12-26 20:00:00,85.5766,18.3,15.0,1025.5,3.1,60.0,0.0
2017-12-26 21:00:00,85.4565,18.3,14.4,1025.2,2.1,80.0,0.0
2017-12-26 22:00:00,62.172,17.2,14.4,1025.0,2.1,90.0,0.0
2017-12-26 23:00:00,59.89149999999999,16.1,14.4,1025.0,2.1,60.0,0.0
2017-12-27 00:00:00,59.5315,15.0,14.4,1024.9,3.1,350.0,0.0
2017-12-27 01:00:00,59.9316,14.4,14.4,1024.4,2.1,360.0,2.0
2017-12-27 02:00:00,59.971599999999995,13.9,13.9,1024.0,2.1,350.0,2.0
2017-12-27 03:00:00,61.451899999999995,13.9,13.9,1023.8,2.1,350.0,2.0
2017-12-27 04:00:00,61.171800000000005,13.3,13.3,1023.7,2.1,360.0,0.0
2017-12-27 05:00:00,61.53190000000001,13.9,13.9,1023.8,3.6,350.0,0.0
2017-12-27 06:00:00,61.3318,12.8,12.8,1024.0,1.5,360.0,0.0
2017-12-27 07:00:00,60.4917,12.8,12.8,1024.7,2.1,340.0,6.0
2017-12-27 08:00:00,61.0917,13.3,13.3,1025.1,1.5,360.0,2.0
2017-12-27 09:00:00,85.4965,16.1,15.0,1025.3,2.1,360.0,2.0
2017-12-27 10:00:00,87.977,19.4,16.1,1025.6,1.5,30.0,2.0
2017-12-27 11:00:00,92.2578,22.8,16.7,1025.5,1.5,30.0,4.0
2017-12-27 12:00:00,94.1381,24.4,17.2,1024.9,2.6,340.0,4.0
2017-12-27 13:00:00,94.9783,25.0,15.0,1024.0,1.5,,4.0
2017-12-27 14:00:00,90.7775,25.6,15.6,1022.9,2.1,350.0,
2017-12-27 15:00:00,90.09740000000001,25.0,15.0,1022.7,2.1,,
2017-12-27 16:00:00,85.1765,24.4,15.0,1022.7,5.1,30.0,
2017-12-27 17:00:00,87.3769,21.1,16.7,1022.7,6.7,50.0,
2017-12-27 18:00:00,90.4174,18.9,15.6,1023.7,4.6,30.0,
2017-12-27 19:00:00,88.8571,17.8,14.4,1023.9,6.7,30.0,8.0
2017-12-27 20:00:00,90.0574,17.2,15.0,1024.5,5.1,40.0,
2017-12-27 21:00:00,91.1776,16.7,14.4,1024.7,3.6,10.0,
2017-12-27 22:00:00,88.297,16.1,14.4,1025.0,4.1,10.0,
2017-12-27 23:00:00,81.29570000000001,15.6,14.4,1025.0,4.6,360.0,
2017-12-28 00:00:00,81.29560000000001,15.6,14.4,1024.8,5.1,10.0,
2017-12-28 01:00:00,84.2563,15.6,14.4,1024.3,4.6,360.0,6.0
2017-12-28 02:00:00,84.1762,15.6,14.4,1024.1,3.6,10.0,
2017-12-28 03:00:00,84.4563,15.6,14.4,1023.6,4.6,20.0,
2017-12-28 04:00:00,84.8164,15.6,14.4,1023.2,3.1,20.0,
2017-12-28 05:00:00,84.5363,16.1,15.0,1023.4,4.6,360.0,
2017-12-28 06:00:00,82.2958,15.6,15.0,1023.9,4.1,360.0,
2017-12-28 07:00:00,80.1354,14.4,14.4,1024.1,2.6,350.0,4.0
2017-12-28 08:00:00,82.41590000000001,15.6,14.4,1024.1,4.1,350.0,
2017-12-28 09:00:00,87.4568,16.1,15.0,1024.7,3.6,350.0,
2017-12-28 10:00:00,91.4576,16.7,15.0,1025.3,4.6,350.0,
2017-12-28 11:00:00,90.8176,20.0,15.6,1025.0,5.1,10.0,
2017-12-28 12:00:00,88.5371,21.1,16.1,1024.2,4.1,10.0,4.0
2017-12-28 13:00:00,88.097,21.1,16.1,1023.5,5.1,350.0,8.0
2017-12-28 14:00:00,88.8571,19.4,15.6,1022.9,5.7,350.0,
2017-12-28 15:00:00,86.6167,19.4,16.1,1022.8,4.6,350.0,
2017-12-28 16:00:00,89.8173,18.3,15.6,1022.9,6.2,350.0,
2017-12-28 17:00:00,88.137,17.8,15.6,1023.0,4.6,360.0,
2017-12-28 18:00:00,90.8175,17.2,15.6,1023.1,6.7,350.0,
2017-12-28 19:00:00,90.8175,16.7,15.0,1023.8,4.6,350.0,8.0
2017-12-28 20:00:00,86.7767,15.6,15.0,1023.9,3.6,360.0,
2017-12-28 21:00:00,88.37700000000001,15.0,14.4,1024.0,5.1,360.0,
2017-12-28 22:00:00,88.09700000000001,15.0,14.4,1023.5,4.1,360.0,
2017-12-28 23:00:00,88.4571,15.0,14.4,1023.3,4.1,340.0,
2017-12-29 00:00:00,87.65700000000001,14.4,14.4,1023.1,4.1,340.0,
2017-12-29 01:00:00,86.4167,14.4,14.4,1022.6,3.6,320.0,8.0
2017-12-29 02:00:00,81.8558,13.9,13.9,1022.1,4.1,310.0,
2017-12-29 03:00:00,64.7725,13.9,13.9,1022.0,3.6,320.0,
2017-12-29 04:00:00,61.0918,13.3,13.3,1022.0,4.6,330.0,
2017-12-29 05:00:00,58.7713,12.8,12.8,1021.6,5.1,340.0,
2017-12-29 06:00:00,61.531800000000004,12.8,12.8,1022.1,5.7,350.0,
2017-12-29 07:00:00,61.7319,12.8,12.8,1022.7,4.1,330.0,8.0
2017-12-29 08:00:00,61.7319,12.8,12.2,1023.3,4.1,330.0,
2017-12-29 09:00:00,62.772099999999995,12.2,12.2,1024.0,6.2,350.0,
2017-12-29 10:00:00,60.931799999999996,12.2,12.2,1024.7,4.6,340.0,
2017-12-29 11:00:00,58.3312,12.8,11.7,1024.7,6.2,360.0,
2017-12-29 12:00:00,58.0912,12.8,11.7,1024.4,5.7,350.0,
2017-12-29 13:00:00,59.171400000000006,12.8,11.7,1023.6,5.7,350.0,8.0
2017-12-29 14:00:00,59.0114,13.3,10.6,1022.8,5.1,360.0,
2017-12-29 15:00:00,57.931200000000004,13.3,10.0,1022.4,4.6,350.0,
2017-12-29 16:00:00,58.371300000000005,12.2,9.4,1022.7,5.1,350.0,
2017-12-29 17:00:00,60.6517,11.7,9.4,1022.6,4.1,340.0,
2017-12-29 18:00:00,62.332,11.1,9.4,1022.7,3.1,350.0,
2017-12-29 19:00:00,65.37270000000001,11.1,9.4,1023.2,4.1,340.0,8.0
2017-12-29 20:00:00,65.89269999999999,11.1,10.0,1023.6,6.2,350.0,
2017-12-29 21:00:00,64.4924,10.6,10.0,1023.8,3.6,350.0,
2017-12-29 22:00:00,64.8125,10.6,10.0,1023.9,4.1,350.0,
2017-12-29 23:00:00,65.37270000000001,10.6,10.0,1023.8,2.6,340.0,
2017-12-30 00:00:00,66.6929,10.6,10.0,1022.9,4.1,350.0,
2017-12-30 01:00:00,67.533,10.0,9.4,1022.4,4.1,340.0,8.0
2017-12-30 02:00:00,69.2534,10.0,10.0,1022.0,1.5,300.0,
2017-12-30 03:00:00,71.9339,10.0,10.0,1021.8,3.1,310.0,
2017-12-30 04:00:00,72.73400000000001,10.6,10.0,1022.0,3.6,300.0,
2017-12-30 05:00:00,68.4933,10.6,10.6,1021.9,4.1,300.0,
2017-12-30 06:00:00,69.05330000000001,10.6,10.6,1021.7,3.6,310.0,
2017-12-30 07:00:00,77.0949,10.0,10.0,1022.2,5.1,280.0,8.0
2017-12-30 08:00:00,78.0951,10.0,9.4,1022.2,3.1,280.0,
2017-12-30 09:00:00,69.4534,10.6,8.9,1022.6,2.1,290.0,
2017-12-30 10:00:00,77.53490000000001,12.8,8.9,1022.9,4.1,320.0,2.0
2017-12-30 11:00:00,75.7346,14.4,8.3,1022.7,6.2,290.0,2.0
2017-12-30 12:00:00,76.1747,15.6,8.3,1021.8,6.7,300.0,2.0
2017-12-30 13:00:00,76.4947,15.6,7.8,1020.6,4.6,270.0,0.0
2017-12-30 14:00:00,77.0949,16.1,7.2,1019.3,4.6,290.0,0.0
2017-12-30 15:00:00,77.615,17.2,7.8,1018.7,4.1,320.0,0.0
2017-12-30 16:00:00,78.0951,17.2,8.3,1018.7,5.1,300.0,0.0
2017-12-30 17:00:00,76.97489999999999,17.2,8.9,1018.3,3.6,310.0,0.0
2017-12-30 18:00:00,59.5715,15.0,9.4,1018.7,2.6,320.0,0.0
2017-12-30 19:00:00,64.4125,14.4,9.4,1019.2,2.6,300.0,0.0
2017-12-30 20:00:00,64.7725,13.3,9.4,1019.8,3.6,280.0,0.0
2017-12-30 21:00:00,61.5719,12.8,9.4,1020.2,3.1,280.0,0.0
2017-12-30 22:00:00,67.6131,11.7,9.4,1020.6,2.6,280.0,0.0
2017-12-30 23:00:00,74.4944,10.6,8.9,1021.0,2.6,280.0,0.0
2017-12-31 00:00:00,81.3357,10.0,8.3,1020.6,2.1,290.0,0.0
2017-12-31 01:00:00,76.3347,9.4,8.3,1020.5,2.6,310.0,0.0
2017-12-31 02:00:00,76.81479999999999,8.9,8.3,1020.8,2.6,250.0,0.0
2017-12-31 03:00:00,82.1759,8.9,7.8,1020.4,2.6,320.0,0.0
2017-12-31 04:00:00,86.8568,7.8,7.8,1020.7,0.0,0.0,0.0
2017-12-31 05:00:00,87.1368,7.8,7.2,1020.7,0.0,0.0,0.0
2017-12-31 06:00:00,80.6956,7.8,7.2,1021.6,2.1,290.0,0.0
2017-12-31 07:00:00,81.0156,8.9,7.8,1022.1,2.1,290.0,2.0
2017-12-31 08:00:00,81.3357,9.4,7.8,1022.8,2.1,320.0,4.0
2017-12-31 09:00:00,64.5725,11.7,7.2,1023.4,3.1,340.0,2.0
2017-12-31 10:00:00,71.8939,13.9,6.1,1023.3,3.6,340.0,2.0
2017-12-31 11:00:00,76.8549,15.6,6.1,1023.2,4.1,320.0,2.0
2017-12-31 12:00:00,76.8548,16.7,6.7,1022.3,2.1,320.0,2.0
2017-12-31 13:00:00,74.8544,18.3,6.7,1021.1,0.0,0.0,2.0
2017-12-31 14:00:00,83.5761,19.4,7.2,1019.4,2.6,130.0,2.0
2017-12-31 15:00:00,84.7364,20.0,8.3,1019.1,1.5,,2.0
2017-12-31 16:00:00,85.4165,20.0,8.9,1019.2,1.5,210.0,2.0
2017-12-31 17:00:00,84.2962,20.0,8.9,1019.2,1.5,150.0,2.0
2017-12-31 18:00:00,72.89410000000001,17.2,9.4,1019.6,1.5,150.0,2.0
2017-12-31 19:00:00,64.1323,16.1,9.4,1020.3,0.0,0.0,
2017-12-31 20:00:00,61.0918,16.1,10.0,1020.6,3.1,110.0,4.0
2017-12-31 21:00:00,60.7717,15.0,10.0,1020.8,3.6,130.0,
2017-12-31 22:00:00,60.6917,14.4,9.4,1020.7,2.1,80.0,
2017-12-31 23:00:00,61.4119,13.9,10.0,1020.8,2.1,160.0,
